# Time(ns)   Rg(nm)
0.000000000000000000e+00 1.979394616651444894e+00
1.000000000000000021e-02 1.998876815964706566e+00
2.000000000000000042e-02 1.995669535761380287e+00
2.999999999999999889e-02 2.004055212260936969e+00
4.000000000000000083e-02 2.006500733534536174e+00
5.000000000000000278e-02 1.998148912957954382e+00
5.999999999999999778e-02 2.001429955134645944e+00
7.000000000000000666e-02 2.001351204848270005e+00
8.000000000000000167e-02 1.998882510112057531e+00
8.999999999999999667e-02 1.998399754033777898e+00
1.000000000000000056e-01 2.003009459560377792e+00
1.100000000000000006e-01 2.000700196187238156e+00
1.199999999999999956e-01 2.006338107454924469e+00
1.300000000000000044e-01 2.003118582396159475e+00
1.400000000000000133e-01 2.005252877655682386e+00
1.499999999999999944e-01 2.002172176696559003e+00
1.600000000000000033e-01 1.998449959051081803e+00
1.700000000000000122e-01 2.009275953410358806e+00
1.799999999999999933e-01 2.009641553787852253e+00
1.900000000000000022e-01 2.004990874990927985e+00
2.000000000000000111e-01 1.994480419297059104e+00
2.099999999999999922e-01 2.000140577231884542e+00
2.200000000000000011e-01 2.000745701393264575e+00
2.300000000000000100e-01 2.000633418395116436e+00
2.399999999999999911e-01 1.995666458455618963e+00
2.500000000000000000e-01 2.001311679174542668e+00
2.600000000000000089e-01 2.002559422451579252e+00
2.700000000000000178e-01 2.003797406027320260e+00
2.800000000000000266e-01 2.009931800402564583e+00
2.899999999999999800e-01 2.000020041514933400e+00
2.999999999999999889e-01 2.005005552221353238e+00
3.099999999999999978e-01 2.006121866419151356e+00
3.200000000000000067e-01 1.998036103140777842e+00
3.300000000000000155e-01 2.006395989847741923e+00
3.400000000000000244e-01 2.004757131668022385e+00
3.499999999999999778e-01 2.006919157433558976e+00
3.599999999999999867e-01 2.007265862847028792e+00
3.699999999999999956e-01 2.004703603722778560e+00
3.800000000000000044e-01 1.997805216255368332e+00
3.900000000000000133e-01 2.000293394589027773e+00
4.000000000000000222e-01 1.998945360923212178e+00
4.099999999999999756e-01 2.001303530514106033e+00
4.199999999999999845e-01 1.997257848093721533e+00
4.299999999999999933e-01 1.996764604079633632e+00
4.400000000000000022e-01 1.998491368724604866e+00
4.500000000000000111e-01 2.006840302730232839e+00
4.600000000000000200e-01 2.006496806403037958e+00
4.699999999999999734e-01 1.999436372184823174e+00
4.799999999999999822e-01 1.999425223981993183e+00
4.899999999999999911e-01 2.000393238515949967e+00
5.000000000000000000e-01 2.006744533663202823e+00
5.100000000000000089e-01 2.007797133470146100e+00
5.200000000000000178e-01 2.004891674938962254e+00
5.300000000000000266e-01 1.994935436625192349e+00
5.400000000000000355e-01 2.001159234304334067e+00
5.500000000000000444e-01 1.995830446021385374e+00
5.600000000000000533e-01 2.002425870407864572e+00
5.699999999999999512e-01 1.998518684916314569e+00
5.799999999999999600e-01 2.000787021931405008e+00
5.899999999999999689e-01 2.002177197618500770e+00
5.999999999999999778e-01 1.995226736804395440e+00
6.099999999999999867e-01 2.005845706839108011e+00
6.199999999999999956e-01 1.994429041453399831e+00
6.300000000000000044e-01 2.010491867611186922e+00
6.400000000000000133e-01 2.002252081145169615e+00
6.500000000000000222e-01 2.004497633165171600e+00
6.600000000000000311e-01 1.994047165574602598e+00
6.700000000000000400e-01 2.001716941633028046e+00
6.800000000000000488e-01 1.999374582967958336e+00
6.899999999999999467e-01 1.998295072352956891e+00
6.999999999999999556e-01 2.004554169908393746e+00
7.099999999999999645e-01 1.997901058423275256e+00
7.199999999999999734e-01 1.997121627235118879e+00
7.299999999999999822e-01 2.002112752751398883e+00
7.399999999999999911e-01 1.998557296536349170e+00
7.500000000000000000e-01 1.996645668045687216e+00
7.600000000000000089e-01 2.002958604480425286e+00
7.700000000000000178e-01 2.006056270239171102e+00
7.800000000000000266e-01 2.003679601625962370e+00
7.900000000000000355e-01 2.000749325391893763e+00
8.000000000000000444e-01 2.000804199308766851e+00
8.100000000000000533e-01 1.995940621433557993e+00
8.199999999999999512e-01 1.996624531992363671e+00
8.299999999999999600e-01 2.001052794141086721e+00
8.399999999999999689e-01 2.004097130350985356e+00
8.499999999999999778e-01 2.007151766064699583e+00
8.599999999999999867e-01 2.003076795629976647e+00
8.699999999999999956e-01 1.999578449947125192e+00
8.800000000000000044e-01 2.000719451087314305e+00
8.900000000000000133e-01 2.007681967704479042e+00
9.000000000000000222e-01 2.002897814146122002e+00
9.100000000000000311e-01 2.005260428542011475e+00
9.200000000000000400e-01 2.004429122886452141e+00
9.300000000000000488e-01 2.001465780648122639e+00
9.399999999999999467e-01 2.005033765540637170e+00
9.499999999999999556e-01 2.003716304972431139e+00
9.599999999999999645e-01 2.009797620559321985e+00
9.699999999999999734e-01 1.998487180188919909e+00
9.799999999999999822e-01 1.996758533592797757e+00
9.899999999999999911e-01 2.003964429408283898e+00
1.000000000000000000e+00 2.001772312974241963e+00
1.010000000000000009e+00 1.997026803262049288e+00
1.020000000000000018e+00 1.996257735120568810e+00
1.030000000000000027e+00 2.006483856662730325e+00
1.040000000000000036e+00 2.001346817100660314e+00
1.050000000000000044e+00 2.001432452820004482e+00
1.060000000000000053e+00 1.998237627329711774e+00
1.070000000000000062e+00 1.997609546311573947e+00
1.080000000000000071e+00 1.999335450082318832e+00
1.090000000000000080e+00 1.994739659495066153e+00
1.100000000000000089e+00 2.001160266180566971e+00
1.110000000000000098e+00 1.997285573976037565e+00
1.120000000000000107e+00 2.002866785750222700e+00
1.129999999999999893e+00 2.003196678138709608e+00
1.139999999999999902e+00 2.001115550058532477e+00
1.149999999999999911e+00 1.999081066073061574e+00
1.159999999999999920e+00 1.993870163366140202e+00
1.169999999999999929e+00 1.996875217414782799e+00
1.179999999999999938e+00 1.997897001785912563e+00
1.189999999999999947e+00 1.998180847878498367e+00
1.199999999999999956e+00 1.996015069664981878e+00
1.209999999999999964e+00 1.996496521420956016e+00
1.219999999999999973e+00 2.001726256065166520e+00
1.229999999999999982e+00 1.994892298181800028e+00
1.239999999999999991e+00 2.002828280196342181e+00
1.250000000000000000e+00 2.005759322473948281e+00
1.260000000000000009e+00 1.997072178112808460e+00
1.270000000000000018e+00 2.005071344478965845e+00
1.280000000000000027e+00 1.998541278115696374e+00
1.290000000000000036e+00 2.004223277871787889e+00
1.300000000000000044e+00 2.004992750761587672e+00
1.310000000000000053e+00 1.997864598938802860e+00
1.320000000000000062e+00 2.000452802243392725e+00
1.330000000000000071e+00 2.000226331716585815e+00
1.340000000000000080e+00 2.002522923565555502e+00
1.350000000000000089e+00 2.001908334721062666e+00
1.360000000000000098e+00 2.008009082530622713e+00
1.370000000000000107e+00 2.000970917090673318e+00
1.379999999999999893e+00 2.000423503166510741e+00
1.389999999999999902e+00 1.999562114721544548e+00
1.399999999999999911e+00 2.005610235925866291e+00
1.409999999999999920e+00 2.004049250669492466e+00
1.419999999999999929e+00 2.000163638797320953e+00
1.429999999999999938e+00 2.004204234889438219e+00
1.439999999999999947e+00 2.003317542989799360e+00
1.449999999999999956e+00 2.006075365639648833e+00
1.459999999999999964e+00 2.005770014000019419e+00
1.469999999999999973e+00 2.001349161234451834e+00
1.479999999999999982e+00 2.001224209438530632e+00
1.489999999999999991e+00 1.997479884823553764e+00
1.500000000000000000e+00 1.999237290040535964e+00
1.510000000000000009e+00 2.001581036463511154e+00
1.520000000000000018e+00 2.003667233639584211e+00
1.530000000000000027e+00 1.997736761766077951e+00
1.540000000000000036e+00 2.006976862954156005e+00
1.550000000000000044e+00 1.999897675742076331e+00
1.560000000000000053e+00 2.002063610761819046e+00
1.570000000000000062e+00 1.997143859071552896e+00
1.580000000000000071e+00 2.000905377298717536e+00
1.590000000000000080e+00 2.000616782446791309e+00
1.600000000000000089e+00 1.996202706949080863e+00
1.610000000000000098e+00 1.993441229679216109e+00
1.620000000000000107e+00 1.999531651605586102e+00
1.629999999999999893e+00 1.999963971742141355e+00
1.639999999999999902e+00 2.002614596354370224e+00
1.649999999999999911e+00 1.997595198203778732e+00
1.659999999999999920e+00 2.002510002746696660e+00
1.669999999999999929e+00 1.998936571458245215e+00
1.679999999999999938e+00 2.000772300797485137e+00
1.689999999999999947e+00 2.004255321913082533e+00
1.699999999999999956e+00 2.001934303410203952e+00
1.709999999999999964e+00 1.999119017733254067e+00
1.719999999999999973e+00 1.997768731549634635e+00
1.729999999999999982e+00 2.007981059831982940e+00
1.739999999999999991e+00 2.001120810296703745e+00
1.750000000000000000e+00 2.003084566563498647e+00
1.760000000000000009e+00 2.005415807853828891e+00
1.770000000000000018e+00 2.001847301528422385e+00
1.780000000000000027e+00 1.996873437887679348e+00
1.790000000000000036e+00 1.998737939139268338e+00
1.800000000000000044e+00 1.999244889595444219e+00
1.810000000000000053e+00 1.993966222323145798e+00
1.820000000000000062e+00 2.007827000400185913e+00
1.830000000000000071e+00 2.009379872044003701e+00
1.840000000000000080e+00 2.002308965095044524e+00
1.850000000000000089e+00 2.005819968034602496e+00
1.860000000000000098e+00 2.004095062109400693e+00
1.870000000000000107e+00 2.002740935528027677e+00
1.879999999999999893e+00 2.001380109909888017e+00
1.889999999999999902e+00 2.001351375594610627e+00
1.899999999999999911e+00 2.003425628262876401e+00
1.909999999999999920e+00 2.003484213225096511e+00
1.919999999999999929e+00 1.999382130316564865e+00
1.929999999999999938e+00 2.001187239513673610e+00
1.939999999999999947e+00 2.001545543126414639e+00
1.949999999999999956e+00 1.999407737945389174e+00
1.959999999999999964e+00 1.997603392207236483e+00
1.969999999999999973e+00 1.998562336245733873e+00
1.979999999999999982e+00 1.996841357374896875e+00
1.989999999999999991e+00 1.993084976930904251e+00
2.000000000000000000e+00 2.007314027151493097e+00
2.009999999999999787e+00 2.002125460796709611e+00
2.020000000000000018e+00 2.006471340016244831e+00
2.029999999999999805e+00 2.001267820300977274e+00
2.040000000000000036e+00 2.003720527355377534e+00
2.049999999999999822e+00 1.995770062851283555e+00
2.060000000000000053e+00 2.006419159409607467e+00
2.069999999999999840e+00 1.996536942554870908e+00
2.080000000000000071e+00 2.005846429964367239e+00
2.089999999999999858e+00 1.999094215597923663e+00
2.100000000000000089e+00 2.005948479864863021e+00
2.109999999999999876e+00 1.997755141175297622e+00
2.120000000000000107e+00 2.001351415964878644e+00
2.129999999999999893e+00 2.000073851822190107e+00
2.140000000000000124e+00 2.005850219722342676e+00
2.149999999999999911e+00 2.004069717287110919e+00
2.160000000000000142e+00 1.995646750896587163e+00
2.169999999999999929e+00 1.996109916663879158e+00
2.180000000000000160e+00 2.000334356569778649e+00
2.189999999999999947e+00 1.992829230821104414e+00
2.200000000000000178e+00 1.996393286179156679e+00
2.209999999999999964e+00 2.002664963878392435e+00
2.220000000000000195e+00 1.991724516178800197e+00
2.229999999999999982e+00 1.994775191298027606e+00
2.240000000000000213e+00 1.985379081776066812e+00
2.250000000000000000e+00 1.991158822153365593e+00
2.259999999999999787e+00 1.996282034128183724e+00
2.270000000000000018e+00 1.994067260834119448e+00
2.279999999999999805e+00 1.991462396408603341e+00
2.290000000000000036e+00 1.996555157116801427e+00
2.299999999999999822e+00 1.991448818343451110e+00
2.310000000000000053e+00 2.001616716484117209e+00
2.319999999999999840e+00 1.997655338867416308e+00
2.330000000000000071e+00 1.999268679235373103e+00
2.339999999999999858e+00 2.000194349890696888e+00
2.350000000000000089e+00 1.997327317020563431e+00
2.359999999999999876e+00 2.000789331022016615e+00
2.370000000000000107e+00 2.004608165004119869e+00
2.379999999999999893e+00 1.998321324699003920e+00
2.390000000000000124e+00 1.998576510661355554e+00
2.399999999999999911e+00 1.991211823917378609e+00
2.410000000000000142e+00 1.993886285107755896e+00
2.419999999999999929e+00 1.991998552237447928e+00
2.430000000000000160e+00 1.998408137632990744e+00
2.439999999999999947e+00 1.995714810321853605e+00
2.450000000000000178e+00 2.000153230729877940e+00
2.459999999999999964e+00 1.995649672113399165e+00
2.470000000000000195e+00 1.993655992609201233e+00
2.479999999999999982e+00 1.995141875989121072e+00
2.490000000000000213e+00 1.994851385179414294e+00
2.500000000000000000e+00 2.007616473474092889e+00
2.509999999999999787e+00 1.997519441157535436e+00
2.520000000000000018e+00 1.996132193581650949e+00
2.529999999999999805e+00 1.996414594984435187e+00
2.540000000000000036e+00 1.996998368676142110e+00
2.549999999999999822e+00 1.998986387408171694e+00
2.560000000000000053e+00 1.996687356618480624e+00
2.569999999999999840e+00 2.003950202546838533e+00
2.580000000000000071e+00 2.003783327771482714e+00
2.589999999999999858e+00 1.998798649119837734e+00
2.600000000000000089e+00 1.999420845953761017e+00
2.609999999999999876e+00 1.999383789641310027e+00
2.620000000000000107e+00 1.994682856998754916e+00
2.629999999999999893e+00 1.995854332384803698e+00
2.640000000000000124e+00 1.995032323126450846e+00
2.649999999999999911e+00 1.991832238721037429e+00
2.660000000000000142e+00 1.995230900498600635e+00
2.669999999999999929e+00 1.996351434284121762e+00
2.680000000000000160e+00 2.004186155975848926e+00
2.689999999999999947e+00 2.003488128939239221e+00
2.700000000000000178e+00 1.999996482618070726e+00
2.709999999999999964e+00 1.996404069611263932e+00
2.720000000000000195e+00 2.006540845362684511e+00
2.729999999999999982e+00 1.998149719631317822e+00
2.740000000000000213e+00 2.001559702321149548e+00
2.750000000000000000e+00 2.001604538943048350e+00
2.759999999999999787e+00 2.001978348488141268e+00
2.770000000000000018e+00 2.001441319574820632e+00
2.779999999999999805e+00 1.997259998963466732e+00
2.790000000000000036e+00 2.001475980159543422e+00
2.799999999999999822e+00 2.000643171042658430e+00
2.810000000000000053e+00 2.003669776839617001e+00
2.819999999999999840e+00 1.998841280201993253e+00
2.830000000000000071e+00 2.002562751949523268e+00
2.839999999999999858e+00 1.994082934267105589e+00
2.850000000000000089e+00 2.004932405584044730e+00
2.859999999999999876e+00 1.997852936478555552e+00
2.870000000000000107e+00 1.997367970759343692e+00
2.879999999999999893e+00 1.991603350029375719e+00
2.890000000000000124e+00 1.990738783267493428e+00
2.899999999999999911e+00 1.992944176233595766e+00
2.910000000000000142e+00 1.999904814152926535e+00
2.919999999999999929e+00 1.993673500688548872e+00
2.930000000000000160e+00 1.994348359561485706e+00
2.939999999999999947e+00 1.992047333681586263e+00
2.950000000000000178e+00 1.990105298848942939e+00
2.959999999999999964e+00 1.996256910491167602e+00
2.970000000000000195e+00 2.000127139692278178e+00
2.979999999999999982e+00 2.000717798411443926e+00
2.990000000000000213e+00 1.990948441489880594e+00
3.000000000000000000e+00 1.998419221982234761e+00
3.009999999999999787e+00 1.995394356125516522e+00
3.020000000000000018e+00 2.006454247467527541e+00
3.029999999999999805e+00 1.994993964754686377e+00
3.040000000000000036e+00 1.999074795449087727e+00
3.049999999999999822e+00 2.003902078913148976e+00
3.060000000000000053e+00 2.001252199629613759e+00
3.069999999999999840e+00 1.993769284277408627e+00
3.080000000000000071e+00 2.001040575024628065e+00
3.089999999999999858e+00 1.996068160020720850e+00
3.100000000000000089e+00 2.003466598141630861e+00
3.109999999999999876e+00 1.998376824442646749e+00
3.120000000000000107e+00 1.999092867055456635e+00
3.129999999999999893e+00 1.999282386491509467e+00
3.140000000000000124e+00 1.997811961245857137e+00
3.149999999999999911e+00 2.003673307288109218e+00
3.160000000000000142e+00 1.998248195039840969e+00
3.169999999999999929e+00 1.994088412465802929e+00
3.180000000000000160e+00 1.998429943230707995e+00
3.189999999999999947e+00 1.999693738208346616e+00
3.200000000000000178e+00 2.001822692416729943e+00
3.209999999999999964e+00 1.996198656183646891e+00
3.220000000000000195e+00 2.007409193877728537e+00
3.229999999999999982e+00 2.005528181133305221e+00
3.240000000000000213e+00 2.000932506698263946e+00
3.250000000000000000e+00 2.004627096143255294e+00
3.259999999999999787e+00 1.995968454306053630e+00
3.270000000000000018e+00 2.007499692455136042e+00
3.279999999999999805e+00 2.001024689070081131e+00
3.290000000000000036e+00 1.993765180191741537e+00
3.299999999999999822e+00 1.999959176700272012e+00
3.310000000000000053e+00 2.007657510220701713e+00
3.319999999999999840e+00 2.000990046703453817e+00
3.330000000000000071e+00 2.005089917994351101e+00
3.339999999999999858e+00 2.002648130875317900e+00
3.350000000000000089e+00 2.005526789475861715e+00
3.359999999999999876e+00 1.998686303347602999e+00
3.370000000000000107e+00 2.000663478697002784e+00
3.379999999999999893e+00 1.996772143452895110e+00
3.390000000000000124e+00 1.995701369194023300e+00
3.399999999999999911e+00 1.994502069484135331e+00
3.410000000000000142e+00 2.001127147513584781e+00
3.419999999999999929e+00 1.998105758281590649e+00
3.430000000000000160e+00 2.002285987766645459e+00
3.439999999999999947e+00 2.001536269434094795e+00
3.450000000000000178e+00 2.004376253515870232e+00
3.459999999999999964e+00 2.008924647564673371e+00
3.470000000000000195e+00 1.996652279958230691e+00
3.479999999999999982e+00 1.997873406610195302e+00
3.490000000000000213e+00 2.001166736796975432e+00
3.500000000000000000e+00 1.997061141993739852e+00
3.509999999999999787e+00 1.996600738357038107e+00
3.520000000000000018e+00 1.999978708261398452e+00
3.529999999999999805e+00 2.002721890499681745e+00
3.540000000000000036e+00 1.998426978078293725e+00
3.549999999999999822e+00 2.001475471152496688e+00
3.560000000000000053e+00 1.996715133911912021e+00
3.569999999999999840e+00 1.998912634049221593e+00
3.580000000000000071e+00 1.997858618301192379e+00
3.589999999999999858e+00 2.000231221329787701e+00
3.600000000000000089e+00 1.993273470302455497e+00
3.609999999999999876e+00 2.003796439620700198e+00
3.620000000000000107e+00 1.994981539692226802e+00
3.629999999999999893e+00 1.995502653669483761e+00
3.640000000000000124e+00 1.994768864914379991e+00
3.649999999999999911e+00 1.996556981940534659e+00
3.660000000000000142e+00 1.999576361432249261e+00
3.669999999999999929e+00 1.996509562706364260e+00
3.680000000000000160e+00 2.003170293686710401e+00
3.689999999999999947e+00 1.992159485765299776e+00
3.700000000000000178e+00 2.000192507899577699e+00
3.709999999999999964e+00 1.997381767998577473e+00
3.720000000000000195e+00 1.994372932736871773e+00
3.729999999999999982e+00 2.000020579005471699e+00
3.740000000000000213e+00 1.998184982523935505e+00
3.750000000000000000e+00 1.990193209017010023e+00
3.759999999999999787e+00 2.000731859020242087e+00
3.770000000000000018e+00 1.997368318456414382e+00
3.779999999999999805e+00 1.995191424865077723e+00
3.790000000000000036e+00 1.992304209320811648e+00
3.799999999999999822e+00 1.997719590479061669e+00
3.810000000000000053e+00 1.997242848790314884e+00
3.819999999999999840e+00 1.996546451030357661e+00
3.830000000000000071e+00 2.002532419090711890e+00
3.839999999999999858e+00 1.991581035509618847e+00
3.850000000000000089e+00 1.995532162019026501e+00
3.859999999999999876e+00 1.992427002009198755e+00
3.870000000000000107e+00 1.993302257217712370e+00
3.879999999999999893e+00 1.992227600006985622e+00
3.890000000000000124e+00 1.995302958081770495e+00
3.899999999999999911e+00 1.994256590869878831e+00
3.910000000000000142e+00 1.997199534651577180e+00
3.919999999999999929e+00 2.006174936571890832e+00
3.930000000000000160e+00 1.999706243668508465e+00
3.939999999999999947e+00 1.993847379468024483e+00
3.950000000000000178e+00 1.990899868787015636e+00
3.959999999999999964e+00 1.992883893804973328e+00
3.970000000000000195e+00 1.990894065521901179e+00
3.979999999999999982e+00 1.999236103199664827e+00
3.990000000000000213e+00 1.996489138364549776e+00
4.000000000000000000e+00 2.000321922866540980e+00
4.009999999999999787e+00 2.002126061334859486e+00
4.019999999999999574e+00 2.002106894618313149e+00
4.030000000000000249e+00 1.996239079728013621e+00
4.040000000000000036e+00 1.994982663240553178e+00
4.049999999999999822e+00 1.991226982381203658e+00
4.059999999999999609e+00 1.994418254306387750e+00
4.070000000000000284e+00 1.997930840906700256e+00
4.080000000000000071e+00 1.999751429022853966e+00
4.089999999999999858e+00 2.002567313959221273e+00
4.099999999999999645e+00 1.996064202726130832e+00
4.110000000000000320e+00 1.998489760620414391e+00
4.120000000000000107e+00 2.001258596270526713e+00
4.129999999999999893e+00 2.002295938673845921e+00
4.139999999999999680e+00 1.996072114234080486e+00
4.150000000000000355e+00 2.002416074022991488e+00
4.160000000000000142e+00 1.996004798907321298e+00
4.169999999999999929e+00 2.002264217269709157e+00
4.179999999999999716e+00 1.999796335814055137e+00
4.190000000000000391e+00 1.999475717198827995e+00
4.200000000000000178e+00 2.001406519490524172e+00
4.209999999999999964e+00 1.992977400949525357e+00
4.219999999999999751e+00 1.996195748044896856e+00
4.230000000000000426e+00 2.002390470423325297e+00
4.240000000000000213e+00 1.999530118129829059e+00
4.250000000000000000e+00 1.995688013761444113e+00
4.259999999999999787e+00 2.002341718343284338e+00
4.269999999999999574e+00 2.000335467155035740e+00
4.280000000000000249e+00 1.998703278350027812e+00
4.290000000000000036e+00 2.002795405844093768e+00
4.299999999999999822e+00 2.007197791054470493e+00
4.309999999999999609e+00 1.995642952553219329e+00
4.320000000000000284e+00 1.986655341895074756e+00
4.330000000000000071e+00 1.990767914061953858e+00
4.339999999999999858e+00 2.000557855651129646e+00
4.349999999999999645e+00 1.993391313983795099e+00
4.360000000000000320e+00 1.991544799545743816e+00
4.370000000000000107e+00 1.997684127008865884e+00
4.379999999999999893e+00 1.995219940031088157e+00
4.389999999999999680e+00 1.996464005454415824e+00
4.400000000000000355e+00 2.000611214530534809e+00
4.410000000000000142e+00 1.999736088597020567e+00
4.419999999999999929e+00 1.997347405781674912e+00
4.429999999999999716e+00 2.001386907156930128e+00
4.440000000000000391e+00 1.992722118862105152e+00
4.450000000000000178e+00 1.993047948334436104e+00
4.459999999999999964e+00 1.993388758594041521e+00
4.469999999999999751e+00 1.994462378959028559e+00
4.480000000000000426e+00 1.991213243824185852e+00
4.490000000000000213e+00 1.994095012052159221e+00
4.500000000000000000e+00 1.995982361000714578e+00
4.509999999999999787e+00 1.998254776735935767e+00
4.519999999999999574e+00 1.997221327518889922e+00
4.530000000000000249e+00 2.001651363757845470e+00
4.540000000000000036e+00 1.993252275449584277e+00
4.549999999999999822e+00 2.007303271988168270e+00
4.559999999999999609e+00 2.001058408730183924e+00
4.570000000000000284e+00 2.004426552135628814e+00
4.580000000000000071e+00 1.998111899583201900e+00
4.589999999999999858e+00 1.992426655455176832e+00
4.599999999999999645e+00 1.998110966768749774e+00
4.610000000000000320e+00 1.997800986331316198e+00
4.620000000000000107e+00 2.004973729493486623e+00
4.629999999999999893e+00 1.995573374653756504e+00
4.639999999999999680e+00 1.995314135121769583e+00
4.650000000000000355e+00 2.001216362842423102e+00
4.660000000000000142e+00 1.994832147857538374e+00
4.669999999999999929e+00 1.996023392609694413e+00
4.679999999999999716e+00 1.999525598867037512e+00
4.690000000000000391e+00 1.995651923594673249e+00
4.700000000000000178e+00 2.002684756174265779e+00
4.709999999999999964e+00 2.000657489130488020e+00
4.719999999999999751e+00 2.003260852954297011e+00
4.730000000000000426e+00 1.992283468459473239e+00
4.740000000000000213e+00 1.996081254328244681e+00
4.750000000000000000e+00 1.995661233333995810e+00
4.759999999999999787e+00 1.995009880382098810e+00
4.769999999999999574e+00 2.001532477522313336e+00
4.780000000000000249e+00 1.999741097748658047e+00
4.790000000000000036e+00 1.993833469159061123e+00
4.799999999999999822e+00 1.993555557768292186e+00
4.809999999999999609e+00 1.998481428316229991e+00
4.820000000000000284e+00 1.990761437066944639e+00
4.830000000000000071e+00 1.994578048942945214e+00
4.839999999999999858e+00 1.996203628525059726e+00
4.849999999999999645e+00 1.991616725126404308e+00
4.860000000000000320e+00 1.997264265582642917e+00
4.870000000000000107e+00 1.997626134246173191e+00
4.879999999999999893e+00 1.993995999785441509e+00
4.889999999999999680e+00 1.994149054706926716e+00
4.900000000000000355e+00 1.989152326278868177e+00
4.910000000000000142e+00 1.994989696567510240e+00
4.919999999999999929e+00 1.997648009933306268e+00
4.929999999999999716e+00 1.995093692986082079e+00
4.940000000000000391e+00 1.991533249300868391e+00
4.950000000000000178e+00 1.991935955175577533e+00
4.959999999999999964e+00 1.991649465638529293e+00
4.969999999999999751e+00 1.997682106417452363e+00
4.980000000000000426e+00 1.995705362600654453e+00
4.990000000000000213e+00 2.001347872401444850e+00
5.000000000000000000e+00 1.999964384432671327e+00
5.009999999999999787e+00 2.001025845477228948e+00
5.019999999999999574e+00 1.997538082851419095e+00
5.030000000000000249e+00 1.989741383054665302e+00
5.040000000000000036e+00 1.996947962804686671e+00
5.049999999999999822e+00 1.989518389373281737e+00
5.059999999999999609e+00 1.998628548874781696e+00
5.070000000000000284e+00 1.994344331211515442e+00
5.080000000000000071e+00 1.994993056566372047e+00
5.089999999999999858e+00 1.998694329102417511e+00
5.099999999999999645e+00 2.003073787408125916e+00
5.110000000000000320e+00 1.998085075478558847e+00
5.120000000000000107e+00 2.001645670108088026e+00
5.129999999999999893e+00 2.002263832731267623e+00
5.139999999999999680e+00 1.997292369222737562e+00
5.150000000000000355e+00 1.995082486739204297e+00
5.160000000000000142e+00 1.993672996931227459e+00
5.169999999999999929e+00 2.000129315924949136e+00
5.179999999999999716e+00 1.997579523011888458e+00
5.190000000000000391e+00 2.000750045021668644e+00
5.200000000000000178e+00 1.993470925940079352e+00
5.209999999999999964e+00 1.993078626677543763e+00
5.219999999999999751e+00 1.998906947272729884e+00
5.230000000000000426e+00 1.995605871593998826e+00
5.240000000000000213e+00 1.995051423982282968e+00
5.250000000000000000e+00 1.999699069943526863e+00
5.259999999999999787e+00 1.992019888167659847e+00
5.269999999999999574e+00 1.994748392291861405e+00
5.280000000000000249e+00 1.997387839198422110e+00
5.290000000000000036e+00 1.994016063015326079e+00
5.299999999999999822e+00 1.995830541020855886e+00
5.309999999999999609e+00 1.991051921404871639e+00
5.320000000000000284e+00 1.991918000137588241e+00
5.330000000000000071e+00 1.992384578022880603e+00
5.339999999999999858e+00 1.987877129044261837e+00
5.349999999999999645e+00 1.991513191436036889e+00
5.360000000000000320e+00 1.993824182833337400e+00
5.370000000000000107e+00 1.994829573602696415e+00
5.379999999999999893e+00 1.992589063865442878e+00
5.389999999999999680e+00 1.995264311703853988e+00
5.400000000000000355e+00 1.992717734545871311e+00
5.410000000000000142e+00 1.996376882045300949e+00
5.419999999999999929e+00 1.997395993821776683e+00
5.429999999999999716e+00 1.997013409728609856e+00
5.440000000000000391e+00 1.993406525358199843e+00
5.450000000000000178e+00 1.995515719349110650e+00
5.459999999999999964e+00 2.000307241791331236e+00
5.469999999999999751e+00 1.996947031520486915e+00
5.480000000000000426e+00 1.994511502671117098e+00
5.490000000000000213e+00 1.992718565192111324e+00
5.500000000000000000e+00 1.996928957968228335e+00
5.509999999999999787e+00 1.996652737574824865e+00
5.519999999999999574e+00 1.995484571554271058e+00
5.530000000000000249e+00 1.990323321317448046e+00
5.540000000000000036e+00 1.992259976468485849e+00
5.549999999999999822e+00 1.993184986744047649e+00
5.559999999999999609e+00 1.997743276247865296e+00
5.570000000000000284e+00 2.000487273805958477e+00
5.580000000000000071e+00 2.009306118742853364e+00
5.589999999999999858e+00 2.003980060506093785e+00
5.599999999999999645e+00 2.002848226735896908e+00
5.610000000000000320e+00 2.000333841367733179e+00
5.620000000000000107e+00 2.001928425202867956e+00
5.629999999999999893e+00 2.005573308415470102e+00
5.639999999999999680e+00 2.003596942417204207e+00
5.650000000000000355e+00 1.995210887509086151e+00
5.660000000000000142e+00 1.989982975876569471e+00
5.669999999999999929e+00 1.999538296661378167e+00
5.679999999999999716e+00 1.996623844986148200e+00
5.690000000000000391e+00 1.994224022663879214e+00
5.700000000000000178e+00 1.993509197067866667e+00
5.709999999999999964e+00 1.995554099734765829e+00
5.719999999999999751e+00 2.000508950716459289e+00
5.730000000000000426e+00 2.000947069084549668e+00
5.740000000000000213e+00 1.996239278173882470e+00
5.750000000000000000e+00 1.997596589858666949e+00
5.759999999999999787e+00 1.992986042115659329e+00
5.769999999999999574e+00 1.993016600580571618e+00
5.780000000000000249e+00 1.993630129022974318e+00
5.790000000000000036e+00 1.993593447490563220e+00
5.799999999999999822e+00 1.982226058283159675e+00
5.809999999999999609e+00 1.992822299344163550e+00
5.820000000000000284e+00 2.004896095534941303e+00
5.830000000000000071e+00 1.997823201093478884e+00
5.839999999999999858e+00 1.992375248775751784e+00
5.849999999999999645e+00 1.999342816107895215e+00
5.860000000000000320e+00 1.990183607754517636e+00
5.870000000000000107e+00 1.992271299559829956e+00
5.879999999999999893e+00 1.994980497627151905e+00
5.889999999999999680e+00 1.994211244836609165e+00
5.900000000000000355e+00 1.992161581152807059e+00
5.910000000000000142e+00 1.997217814775278599e+00
5.919999999999999929e+00 1.998294113409032846e+00
5.929999999999999716e+00 2.000546439667089782e+00
5.940000000000000391e+00 1.986457653188657302e+00
5.950000000000000178e+00 1.995960873061518814e+00
5.959999999999999964e+00 1.992931575226952301e+00
5.969999999999999751e+00 1.999585423406497808e+00
5.980000000000000426e+00 1.994077803766756585e+00
5.990000000000000213e+00 1.993744932599897712e+00
6.000000000000000000e+00 1.994616546695075154e+00
6.009999999999999787e+00 1.989249381746101220e+00
6.019999999999999574e+00 1.992275929413161561e+00
6.030000000000000249e+00 1.991088811073919995e+00
6.040000000000000036e+00 1.989429849037627651e+00
6.049999999999999822e+00 1.992965876021921545e+00
6.059999999999999609e+00 1.986427966159875158e+00
6.070000000000000284e+00 1.985792630574633622e+00
6.080000000000000071e+00 1.988803202494470623e+00
6.089999999999999858e+00 1.992480728347556962e+00
6.099999999999999645e+00 1.998245333370796128e+00
6.110000000000000320e+00 1.990346247578406835e+00
6.120000000000000107e+00 1.997844676580202705e+00
6.129999999999999893e+00 1.993156547593569972e+00
6.139999999999999680e+00 1.993397743422257395e+00
6.150000000000000355e+00 1.999581381075893560e+00
6.160000000000000142e+00 1.996854622752496144e+00
6.169999999999999929e+00 1.986531082459385589e+00
6.179999999999999716e+00 1.995052308692867316e+00
6.190000000000000391e+00 1.992668706691256064e+00
6.200000000000000178e+00 1.993071537938850835e+00
6.209999999999999964e+00 1.998746886363470976e+00
6.219999999999999751e+00 1.994749152840096684e+00
6.230000000000000426e+00 1.989105870991514369e+00
6.240000000000000213e+00 1.996926260300037059e+00
6.250000000000000000e+00 1.996853830908940086e+00
6.259999999999999787e+00 1.988937643038706016e+00
6.269999999999999574e+00 1.992392773862260658e+00
6.280000000000000249e+00 1.996358369712284198e+00
6.290000000000000036e+00 1.993645872493865712e+00
6.299999999999999822e+00 1.999677052411539702e+00
6.309999999999999609e+00 1.995202132591533228e+00
6.320000000000000284e+00 1.988332391964873880e+00
6.330000000000000071e+00 1.988268911756901236e+00
6.339999999999999858e+00 1.988629247951103407e+00
6.349999999999999645e+00 1.984890061393366878e+00
6.360000000000000320e+00 1.982310083342080587e+00
6.370000000000000107e+00 1.992021819935719140e+00
6.379999999999999893e+00 1.988226280263192480e+00
6.389999999999999680e+00 1.998383653276969429e+00
6.400000000000000355e+00 1.997870237828684115e+00
6.410000000000000142e+00 1.995469984030978639e+00
6.419999999999999929e+00 1.992225016871458365e+00
6.429999999999999716e+00 1.987819242780419771e+00
6.440000000000000391e+00 1.988101596814236816e+00
6.450000000000000178e+00 1.991861322053166017e+00
6.459999999999999964e+00 2.001066055758860429e+00
6.469999999999999751e+00 1.991236459860576513e+00
6.480000000000000426e+00 1.995590339218582088e+00
6.490000000000000213e+00 1.994250392370040981e+00
6.500000000000000000e+00 1.993197418504462748e+00
6.509999999999999787e+00 1.997377963882545071e+00
6.519999999999999574e+00 1.988172005065620862e+00
6.530000000000000249e+00 1.992739323602148671e+00
6.540000000000000036e+00 1.997093348579772165e+00
6.549999999999999822e+00 1.985843523409640543e+00
6.559999999999999609e+00 1.995575503910352655e+00
6.570000000000000284e+00 1.994413223883162445e+00
6.580000000000000071e+00 1.994533659463690212e+00
6.589999999999999858e+00 2.003865553299696067e+00
6.599999999999999645e+00 1.997899956266645516e+00
6.610000000000000320e+00 1.994312802886267999e+00
6.620000000000000107e+00 1.998641232429438475e+00
6.629999999999999893e+00 1.995713967752700935e+00
6.639999999999999680e+00 1.999556360451387516e+00
6.650000000000000355e+00 1.997272265203540842e+00
6.660000000000000142e+00 1.992543147666270498e+00
6.669999999999999929e+00 1.995981338547254014e+00
6.679999999999999716e+00 1.994541982187443496e+00
6.690000000000000391e+00 1.999887749290178984e+00
6.700000000000000178e+00 1.995472051496129495e+00
6.709999999999999964e+00 2.003562588335539907e+00
6.719999999999999751e+00 1.998417989243136628e+00
6.730000000000000426e+00 2.004846772985397152e+00
6.740000000000000213e+00 1.996522728313240735e+00
6.750000000000000000e+00 1.997241680539368458e+00
6.759999999999999787e+00 1.998526249610403482e+00
6.769999999999999574e+00 1.993778726631444176e+00
6.780000000000000249e+00 1.996244226391412635e+00
6.790000000000000036e+00 1.992869091700072870e+00
6.799999999999999822e+00 1.996951672451431126e+00
6.809999999999999609e+00 1.997645902188226685e+00
6.820000000000000284e+00 1.996169567062530792e+00
6.830000000000000071e+00 1.999224487183078214e+00
6.839999999999999858e+00 1.992589160784830726e+00
6.849999999999999645e+00 2.001198228164842163e+00
6.860000000000000320e+00 1.992297698266929817e+00
6.870000000000000107e+00 2.003605878717270805e+00
6.879999999999999893e+00 1.994240289522773768e+00
6.889999999999999680e+00 1.991276815983517468e+00
6.900000000000000355e+00 1.998878884978957604e+00
6.910000000000000142e+00 1.994803125351575890e+00
6.919999999999999929e+00 1.997135760115427816e+00
6.929999999999999716e+00 1.997595193604710273e+00
6.940000000000000391e+00 2.000649906250138166e+00
6.950000000000000178e+00 1.995392897942838584e+00
6.959999999999999964e+00 1.993802292258215703e+00
6.969999999999999751e+00 1.997558320216511252e+00
6.980000000000000426e+00 1.999227696065596360e+00
6.990000000000000213e+00 1.998717586592731577e+00
7.000000000000000000e+00 1.996594604045453636e+00
7.009999999999999787e+00 2.002894774042243142e+00
7.019999999999999574e+00 2.002277447706249269e+00
7.030000000000000249e+00 1.999195532433198697e+00
7.040000000000000036e+00 1.999843701579251398e+00
7.049999999999999822e+00 2.002111756708919721e+00
7.059999999999999609e+00 1.999862961220406188e+00
7.070000000000000284e+00 2.003387626350961792e+00
7.080000000000000071e+00 1.999117594020391353e+00
7.089999999999999858e+00 2.000857245145085006e+00
7.099999999999999645e+00 2.004643844628865246e+00
7.110000000000000320e+00 1.998449531889581632e+00
7.120000000000000107e+00 2.005511238182818179e+00
7.129999999999999893e+00 2.000271880618468057e+00
7.139999999999999680e+00 2.001078251822230314e+00
7.150000000000000355e+00 2.004870173340614237e+00
7.160000000000000142e+00 2.001844737847537026e+00
7.169999999999999929e+00 2.007022496698055214e+00
7.179999999999999716e+00 2.005777989838503750e+00
7.190000000000000391e+00 2.009615585922619019e+00
7.200000000000000178e+00 1.994036856801289392e+00
7.209999999999999964e+00 1.996338251510722417e+00
7.219999999999999751e+00 2.001296974755982117e+00
7.230000000000000426e+00 2.000287379794005282e+00
7.240000000000000213e+00 1.997771201418408582e+00
7.250000000000000000e+00 2.006651286661849554e+00
7.259999999999999787e+00 1.997098449988963909e+00
7.269999999999999574e+00 1.999115727041678836e+00
7.280000000000000249e+00 2.008189696592057594e+00
7.290000000000000036e+00 1.999068358280412072e+00
7.299999999999999822e+00 2.003882436551580604e+00
7.309999999999999609e+00 2.001094797777921208e+00
7.320000000000000284e+00 1.999604966223377911e+00
7.330000000000000071e+00 2.002472596088790802e+00
7.339999999999999858e+00 1.996411510320544647e+00
7.349999999999999645e+00 2.004024391301127306e+00
7.360000000000000320e+00 1.995363965384190807e+00
7.370000000000000107e+00 2.002857056081110976e+00
7.379999999999999893e+00 1.999146042043140836e+00
7.389999999999999680e+00 1.996482989653357576e+00
7.400000000000000355e+00 1.991626182989437721e+00
7.410000000000000142e+00 2.004424297229768115e+00
7.419999999999999929e+00 1.989634868835525650e+00
7.429999999999999716e+00 1.998679387089425719e+00
7.440000000000000391e+00 1.994324437822708962e+00
7.450000000000000178e+00 1.994854777120459888e+00
7.459999999999999964e+00 2.000012891235720680e+00
7.469999999999999751e+00 1.998240952461226794e+00
7.480000000000000426e+00 2.004287348108623412e+00
7.490000000000000213e+00 2.001695949783226514e+00
7.500000000000000000e+00 2.010734333764329307e+00
7.509999999999999787e+00 2.001457330468732199e+00
7.519999999999999574e+00 1.996188267353026458e+00
7.530000000000000249e+00 2.001794825130416289e+00
7.540000000000000036e+00 2.006816872813419916e+00
7.549999999999999822e+00 2.001169249938810957e+00
7.559999999999999609e+00 1.997726488430168201e+00
7.570000000000000284e+00 1.999073443883512713e+00
7.580000000000000071e+00 2.006806476541885598e+00
7.589999999999999858e+00 1.998463772924006676e+00
7.599999999999999645e+00 1.995675142064133212e+00
7.610000000000000320e+00 1.997066969017754712e+00
7.620000000000000107e+00 1.997129093594681937e+00
7.629999999999999893e+00 1.996968294365342844e+00
7.639999999999999680e+00 1.998742335983138885e+00
7.650000000000000355e+00 2.000814742747381025e+00
7.660000000000000142e+00 1.998365961098421240e+00
7.669999999999999929e+00 1.999900612503144659e+00
7.679999999999999716e+00 1.997348806438792979e+00
7.690000000000000391e+00 2.002303969520725868e+00
7.700000000000000178e+00 2.001847081084745295e+00
7.709999999999999964e+00 2.001972243201167068e+00
7.719999999999999751e+00 2.003998737196432511e+00
7.730000000000000426e+00 2.003173629448175230e+00
7.740000000000000213e+00 2.001730090248796667e+00
7.750000000000000000e+00 1.996007516653783842e+00
7.759999999999999787e+00 1.998070442693651305e+00
7.769999999999999574e+00 1.999469788277366433e+00
7.780000000000000249e+00 1.997856004959712717e+00
7.790000000000000036e+00 1.993589314635503040e+00
7.799999999999999822e+00 1.997027424426620401e+00
7.809999999999999609e+00 2.004147500209435329e+00
7.820000000000000284e+00 2.006705017766365007e+00
7.830000000000000071e+00 2.002847583411220711e+00
7.839999999999999858e+00 2.003884867221781274e+00
7.849999999999999645e+00 1.999255333062434747e+00
7.860000000000000320e+00 1.996616519475640228e+00
7.870000000000000107e+00 2.003542924792725444e+00
7.879999999999999893e+00 2.001421184564173394e+00
7.889999999999999680e+00 2.000398515618509343e+00
7.900000000000000355e+00 2.006806810155251419e+00
7.910000000000000142e+00 2.003458197081368741e+00
7.919999999999999929e+00 2.000006756739682867e+00
7.929999999999999716e+00 1.999638039342124474e+00
7.940000000000000391e+00 1.996898333159967676e+00
7.950000000000000178e+00 1.997958509823271056e+00
7.959999999999999964e+00 1.999066004796619112e+00
7.969999999999999751e+00 2.012449158617113376e+00
7.980000000000000426e+00 1.993265841714166653e+00
7.990000000000000213e+00 2.000508900021497283e+00
8.000000000000000000e+00 1.996803532329699760e+00
8.009999999999999787e+00 1.992056567285829916e+00
8.019999999999999574e+00 1.997399795710453008e+00
8.029999999999999361e+00 2.001153478034526589e+00
8.039999999999999147e+00 1.991604168815480858e+00
8.050000000000000711e+00 1.993263117764802583e+00
8.060000000000000497e+00 1.993346716279834840e+00
8.070000000000000284e+00 1.996476728733960204e+00
8.080000000000000071e+00 1.994224795659854665e+00
8.089999999999999858e+00 1.988992448246637013e+00
8.099999999999999645e+00 1.995139296639279136e+00
8.109999999999999432e+00 1.995842166209593316e+00
8.119999999999999218e+00 1.999564941250948191e+00
8.130000000000000782e+00 2.001143377005093260e+00
8.140000000000000568e+00 1.990313811052085935e+00
8.150000000000000355e+00 1.996294409257028279e+00
8.160000000000000142e+00 1.998397635825768903e+00
8.169999999999999929e+00 2.002118732247711641e+00
8.179999999999999716e+00 2.000149989400600070e+00
8.189999999999999503e+00 1.995082442092185770e+00
8.199999999999999289e+00 2.000632923776499261e+00
8.210000000000000853e+00 2.000951962092625269e+00
8.220000000000000639e+00 1.989612459122525490e+00
8.230000000000000426e+00 1.992336738007626895e+00
8.240000000000000213e+00 1.990921258174359609e+00
8.250000000000000000e+00 1.994816965933305486e+00
8.259999999999999787e+00 1.995847796057093948e+00
8.269999999999999574e+00 1.997007951195302500e+00
8.279999999999999361e+00 1.995168800534566689e+00
8.289999999999999147e+00 1.991892097592043553e+00
8.300000000000000711e+00 1.988994278011660510e+00
8.310000000000000497e+00 1.990304781987294547e+00
8.320000000000000284e+00 1.996387310513942026e+00
8.330000000000000071e+00 1.991839450274660805e+00
8.339999999999999858e+00 1.993058677654992561e+00
8.349999999999999645e+00 1.991312478458943103e+00
8.359999999999999432e+00 1.987419464359152288e+00
8.369999999999999218e+00 1.994325061357516748e+00
8.380000000000000782e+00 1.993899021034095664e+00
8.390000000000000568e+00 1.998804857790252187e+00
8.400000000000000355e+00 1.989515597551479997e+00
8.410000000000000142e+00 1.998372452482683359e+00
8.419999999999999929e+00 1.994016709845022550e+00
8.429999999999999716e+00 1.988821670867827462e+00
8.439999999999999503e+00 1.993255421314808817e+00
8.449999999999999289e+00 1.993174585447218705e+00
8.460000000000000853e+00 1.994425362037842486e+00
8.470000000000000639e+00 1.992447548702571236e+00
8.480000000000000426e+00 1.997777122760135526e+00
8.490000000000000213e+00 1.990348721608118820e+00
8.500000000000000000e+00 1.985727476145823234e+00
8.509999999999999787e+00 1.996959752475303107e+00
8.519999999999999574e+00 1.999485048305046586e+00
8.529999999999999361e+00 2.002018345190305748e+00
8.539999999999999147e+00 1.999004151814456787e+00
8.550000000000000711e+00 1.991940448259277519e+00
8.560000000000000497e+00 1.994767795208022276e+00
8.570000000000000284e+00 1.984489762975508498e+00
8.580000000000000071e+00 1.991376534166495293e+00
8.589999999999999858e+00 1.994720610156291984e+00
8.599999999999999645e+00 1.988325303269563804e+00
8.609999999999999432e+00 1.989882808835228944e+00
8.619999999999999218e+00 1.992483231077030847e+00
8.630000000000000782e+00 1.990738950873460755e+00
8.640000000000000568e+00 1.991291468852618651e+00
8.650000000000000355e+00 1.992017238011796421e+00
8.660000000000000142e+00 1.997876219400551490e+00
8.669999999999999929e+00 1.986541822793264078e+00
8.679999999999999716e+00 1.989250976762600320e+00
8.689999999999999503e+00 1.996234229143217576e+00
8.699999999999999289e+00 1.997876594692187480e+00
8.710000000000000853e+00 1.995301594858788663e+00
8.720000000000000639e+00 1.994085037942455285e+00
8.730000000000000426e+00 1.985887607705397739e+00
8.740000000000000213e+00 1.994127127984611336e+00
8.750000000000000000e+00 1.988332467299114059e+00
8.759999999999999787e+00 1.993019887670982815e+00
8.769999999999999574e+00 1.989762942868515294e+00
8.779999999999999361e+00 1.989144821537019991e+00
8.789999999999999147e+00 1.993073823202010875e+00
8.800000000000000711e+00 1.985197295753761138e+00
8.810000000000000497e+00 1.986068437760845740e+00
8.820000000000000284e+00 1.988922200168926624e+00
8.830000000000000071e+00 1.999422396434759275e+00
8.839999999999999858e+00 1.990910060729816689e+00
8.849999999999999645e+00 1.989114740454019259e+00
8.859999999999999432e+00 1.988944549918899352e+00
8.869999999999999218e+00 1.992309187221794176e+00
8.880000000000000782e+00 1.992094346342196953e+00
8.890000000000000568e+00 1.988942161492348593e+00
8.900000000000000355e+00 1.989011170444050070e+00
8.910000000000000142e+00 1.988683474328418299e+00
8.919999999999999929e+00 1.987252517575775368e+00
8.929999999999999716e+00 1.990665464816604668e+00
8.939999999999999503e+00 1.989232993502476843e+00
8.949999999999999289e+00 1.985444013835384380e+00
8.960000000000000853e+00 1.986523269831154348e+00
8.970000000000000639e+00 1.984969096680511358e+00
8.980000000000000426e+00 1.989701215728891581e+00
8.990000000000000213e+00 1.985805920955360904e+00
9.000000000000000000e+00 1.991230167846748556e+00
9.009999999999999787e+00 1.989132020985098226e+00
9.019999999999999574e+00 1.985778171051528318e+00
9.029999999999999361e+00 1.987211278691493721e+00
9.039999999999999147e+00 1.985847998916160151e+00
9.050000000000000711e+00 1.988927917824391711e+00
9.060000000000000497e+00 1.988857093960657796e+00
9.070000000000000284e+00 1.990431688165941182e+00
9.080000000000000071e+00 1.993200315194187056e+00
9.089999999999999858e+00 1.993028772812636351e+00
9.099999999999999645e+00 1.990723099876619440e+00
9.109999999999999432e+00 1.988421374810430908e+00
9.119999999999999218e+00 1.988075582037723166e+00
9.130000000000000782e+00 1.988769212123158381e+00
9.140000000000000568e+00 1.994839063222691111e+00
9.150000000000000355e+00 1.988206294263979768e+00
9.160000000000000142e+00 1.993473114245952305e+00
9.169999999999999929e+00 1.987771357975991027e+00
9.179999999999999716e+00 1.986204763254850958e+00
9.189999999999999503e+00 1.990244196356883322e+00
9.199999999999999289e+00 1.996255858102273795e+00
9.210000000000000853e+00 1.994278698818806372e+00
9.220000000000000639e+00 1.994160181303966883e+00
9.230000000000000426e+00 1.986068680286117161e+00
9.240000000000000213e+00 1.989515971956025142e+00
9.250000000000000000e+00 1.990344012489621450e+00
9.259999999999999787e+00 1.986726291895069663e+00
9.269999999999999574e+00 1.988412033715476257e+00
9.279999999999999361e+00 1.991486640152363874e+00
9.289999999999999147e+00 1.988778459070057902e+00
9.300000000000000711e+00 1.986465562603945134e+00
9.310000000000000497e+00 1.981415352169208388e+00
9.320000000000000284e+00 1.991856439671163326e+00
9.330000000000000071e+00 1.984024576680353702e+00
9.339999999999999858e+00 1.993584947238258298e+00
9.349999999999999645e+00 1.985385329416429645e+00
9.359999999999999432e+00 1.986271630950932288e+00
9.369999999999999218e+00 1.989581614820422617e+00
9.380000000000000782e+00 1.996000944900614638e+00
9.390000000000000568e+00 1.989591396875044493e+00
9.400000000000000355e+00 1.991093428883238925e+00
9.410000000000000142e+00 1.996831904018528281e+00
9.419999999999999929e+00 1.997213276770157364e+00
9.429999999999999716e+00 1.994080153414213186e+00
9.439999999999999503e+00 1.990054734891226307e+00
9.449999999999999289e+00 1.990456319713402866e+00
9.460000000000000853e+00 1.987722623222325513e+00
9.470000000000000639e+00 1.993948175617528573e+00
9.480000000000000426e+00 1.990257168745870997e+00
9.490000000000000213e+00 1.992258107758900554e+00
9.500000000000000000e+00 1.995965345883794484e+00
9.509999999999999787e+00 1.985961473787041909e+00
9.519999999999999574e+00 1.992305203460857044e+00
9.529999999999999361e+00 1.988418535041216018e+00
9.539999999999999147e+00 1.992635221299283499e+00
9.550000000000000711e+00 1.992531835080923130e+00
9.560000000000000497e+00 1.987714417233345854e+00
9.570000000000000284e+00 1.983990038265176947e+00
9.580000000000000071e+00 1.985196045952705601e+00
9.589999999999999858e+00 1.991845188091393437e+00
9.599999999999999645e+00 1.988845639905403528e+00
9.609999999999999432e+00 1.990681161210286820e+00
9.619999999999999218e+00 1.983746584359700638e+00
9.630000000000000782e+00 1.994730800533044413e+00
9.640000000000000568e+00 1.990348454209845297e+00
9.650000000000000355e+00 1.990579035697042087e+00
9.660000000000000142e+00 1.994505405172846135e+00
9.669999999999999929e+00 1.990277966538435805e+00
9.679999999999999716e+00 1.992349684924624054e+00
9.689999999999999503e+00 1.989875225468328734e+00
9.699999999999999289e+00 1.991607273154059943e+00
9.710000000000000853e+00 1.988611287342449518e+00
9.720000000000000639e+00 1.983964556140588753e+00
9.730000000000000426e+00 1.989815914813082287e+00
9.740000000000000213e+00 1.993806629499121241e+00
9.750000000000000000e+00 1.986876154743319800e+00
9.759999999999999787e+00 1.989493121097903883e+00
9.769999999999999574e+00 1.987069847327587180e+00
9.779999999999999361e+00 1.987833018612189973e+00
9.789999999999999147e+00 1.987068873485238640e+00
9.800000000000000711e+00 1.993860548561270374e+00
9.810000000000000497e+00 1.992776802304902173e+00
9.820000000000000284e+00 1.985229331956515963e+00
9.830000000000000071e+00 1.984943109395889582e+00
9.839999999999999858e+00 1.986320944499798458e+00
9.849999999999999645e+00 1.986402568125419377e+00
9.859999999999999432e+00 1.985222894899428159e+00
9.869999999999999218e+00 1.985697671346525528e+00
9.880000000000000782e+00 1.992288059607452810e+00
9.890000000000000568e+00 1.991191785330237440e+00
9.900000000000000355e+00 1.995107910784202687e+00
9.910000000000000142e+00 1.988299045080410776e+00
9.919999999999999929e+00 1.992341842822857201e+00
9.929999999999999716e+00 1.989920144622797427e+00
9.939999999999999503e+00 1.988163661375007107e+00
9.949999999999999289e+00 1.984793284954854187e+00
9.960000000000000853e+00 1.994146869034307601e+00
9.970000000000000639e+00 1.988196223804086005e+00
9.980000000000000426e+00 1.986489873442596421e+00
9.990000000000000213e+00 1.987635366022818317e+00
1.000000000000000000e+01 1.983367552292936598e+00
1.000999999999999979e+01 1.981501469410351657e+00
1.001999999999999957e+01 1.981723298531577360e+00
1.002999999999999936e+01 1.979888229606158179e+00
1.003999999999999915e+01 1.985974602744802864e+00
1.005000000000000071e+01 1.984822067589068650e+00
1.006000000000000050e+01 1.983657399050317238e+00
1.007000000000000028e+01 1.985294046202153329e+00
1.008000000000000007e+01 1.989266460550209503e+00
1.008999999999999986e+01 1.983805425662560129e+00
1.009999999999999964e+01 1.992400986187878642e+00
1.010999999999999943e+01 1.986572740548904203e+00
1.011999999999999922e+01 1.993239998925566026e+00
1.013000000000000078e+01 1.980169935703274264e+00
1.014000000000000057e+01 1.990601817671567186e+00
1.015000000000000036e+01 1.989098596516812645e+00
1.016000000000000014e+01 1.992147893165397532e+00
1.016999999999999993e+01 1.987679267093754643e+00
1.017999999999999972e+01 1.982090922017991419e+00
1.018999999999999950e+01 1.980072581180037705e+00
1.019999999999999929e+01 1.983842484668362882e+00
1.021000000000000085e+01 1.990269583365128936e+00
1.022000000000000064e+01 1.992161183504754352e+00
1.023000000000000043e+01 1.990102152394449986e+00
1.024000000000000021e+01 1.978927915643716506e+00
1.025000000000000000e+01 1.985518960913802644e+00
1.025999999999999979e+01 1.992120361838559450e+00
1.026999999999999957e+01 1.987399988885677926e+00
1.027999999999999936e+01 1.988802384113758093e+00
1.028999999999999915e+01 1.989385151090407478e+00
1.030000000000000071e+01 1.982883385199758042e+00
1.031000000000000050e+01 1.983417215938694467e+00
1.032000000000000028e+01 1.992451801675604539e+00
1.033000000000000007e+01 1.992694386629255021e+00
1.033999999999999986e+01 1.989049489810951643e+00
1.034999999999999964e+01 1.993617556149902104e+00
1.035999999999999943e+01 1.985124506108077780e+00
1.036999999999999922e+01 1.986808894396908887e+00
1.038000000000000078e+01 1.995442132816236169e+00
1.039000000000000057e+01 1.991465070176077656e+00
1.040000000000000036e+01 1.993552066798462308e+00
1.041000000000000014e+01 1.989083710767733049e+00
1.041999999999999993e+01 1.985466966978563619e+00
1.042999999999999972e+01 1.984728551272249675e+00
1.043999999999999950e+01 1.986171883016732753e+00
1.044999999999999929e+01 1.982047591795744967e+00
1.046000000000000085e+01 1.992392989178175089e+00
1.047000000000000064e+01 1.985992217831659135e+00
1.048000000000000043e+01 1.992998013265657731e+00
1.049000000000000021e+01 1.988369914815124373e+00
1.050000000000000000e+01 1.982945077856647531e+00
1.050999999999999979e+01 1.987139018131481194e+00
1.051999999999999957e+01 1.987436970859491225e+00
1.052999999999999936e+01 1.982721437067775039e+00
1.053999999999999915e+01 1.986816259477478308e+00
1.055000000000000071e+01 1.983603190379372716e+00
1.056000000000000050e+01 1.988232009068005679e+00
1.057000000000000028e+01 1.985275147189875522e+00
1.058000000000000007e+01 1.997130376681323982e+00
1.058999999999999986e+01 1.990369556148015473e+00
1.059999999999999964e+01 1.983060139916301923e+00
1.060999999999999943e+01 1.986280135704398209e+00
1.061999999999999922e+01 1.987371699682743298e+00
1.063000000000000078e+01 1.985286672486639592e+00
1.064000000000000057e+01 1.988326317048553449e+00
1.065000000000000036e+01 1.984423430585925185e+00
1.066000000000000014e+01 1.986078052911344871e+00
1.066999999999999993e+01 1.990301258860266653e+00
1.067999999999999972e+01 1.988118854154444559e+00
1.068999999999999950e+01 1.994157652236372424e+00
1.069999999999999929e+01 1.988843615095980066e+00
1.071000000000000085e+01 1.997858570081657348e+00
1.072000000000000064e+01 1.987077056507286388e+00
1.073000000000000043e+01 1.985452330094562345e+00
1.074000000000000021e+01 1.989099856545441636e+00
1.075000000000000000e+01 1.987726617134882856e+00
1.075999999999999979e+01 1.997342817425188599e+00
1.076999999999999957e+01 1.990800997599166067e+00
1.077999999999999936e+01 1.998751731734820680e+00
1.078999999999999915e+01 1.986384476253437725e+00
1.080000000000000071e+01 1.985259365060557446e+00
1.081000000000000050e+01 1.989436238124858480e+00
1.082000000000000028e+01 1.988935578949966088e+00
1.083000000000000007e+01 1.987086218663513204e+00
1.083999999999999986e+01 1.989169217992013516e+00
1.084999999999999964e+01 1.985459694983032319e+00
1.085999999999999943e+01 1.985705477538472818e+00
1.086999999999999922e+01 1.987484685846079957e+00
1.088000000000000078e+01 1.990662563012792763e+00
1.089000000000000057e+01 1.990003279318569129e+00
1.090000000000000036e+01 1.991673755547562097e+00
1.091000000000000014e+01 1.993248221236253226e+00
1.091999999999999993e+01 1.995702716526019938e+00
1.092999999999999972e+01 1.994864123214601603e+00
1.093999999999999950e+01 1.993355152162807453e+00
1.094999999999999929e+01 1.997005500002176248e+00
1.096000000000000085e+01 1.995921346403515928e+00
1.097000000000000064e+01 1.992704974488766156e+00
1.098000000000000043e+01 2.001592643235525326e+00
1.099000000000000021e+01 1.986449321138999746e+00
1.100000000000000000e+01 1.995348632256736421e+00
1.100999999999999979e+01 1.991990819213651509e+00
1.101999999999999957e+01 1.998507523159868127e+00
1.102999999999999936e+01 1.995040131089062196e+00
1.103999999999999915e+01 1.998906018442543786e+00
1.105000000000000071e+01 1.997183042468435588e+00
1.106000000000000050e+01 1.994787048630835447e+00
1.107000000000000028e+01 1.997294682617082318e+00
1.108000000000000007e+01 2.001083308323896581e+00
1.108999999999999986e+01 2.003267941282921072e+00
1.109999999999999964e+01 1.996607468831439913e+00
1.110999999999999943e+01 1.992609959405247988e+00
1.111999999999999922e+01 1.996229837904559545e+00
1.113000000000000078e+01 2.003084836213059994e+00
1.114000000000000057e+01 2.000995896120755013e+00
1.115000000000000036e+01 1.998504803293495780e+00
1.116000000000000014e+01 2.002449970705867166e+00
1.116999999999999993e+01 1.992594733332775148e+00
1.117999999999999972e+01 1.999226483637218887e+00
1.118999999999999950e+01 1.995386980273954336e+00
1.119999999999999929e+01 1.986105869134613844e+00
1.121000000000000085e+01 1.990165613880520823e+00
1.122000000000000064e+01 1.989719801948278688e+00
1.123000000000000043e+01 1.990263935560943720e+00
1.124000000000000021e+01 1.990639078264794026e+00
1.125000000000000000e+01 1.991706906052566950e+00
1.125999999999999979e+01 1.998247420693348486e+00
1.126999999999999957e+01 1.997190287760046701e+00
1.127999999999999936e+01 1.988879071842876156e+00
1.128999999999999915e+01 1.984508523035766192e+00
1.130000000000000071e+01 1.996981570134823913e+00
1.131000000000000050e+01 1.995459636068762865e+00
1.132000000000000028e+01 1.998937365650518716e+00
1.133000000000000007e+01 1.993589104159443348e+00
1.133999999999999986e+01 1.994762183546203271e+00
1.134999999999999964e+01 1.991495606963920695e+00
1.135999999999999943e+01 1.994407712357414209e+00
1.136999999999999922e+01 1.993971525146706725e+00
1.138000000000000078e+01 1.995323600193474878e+00
1.139000000000000057e+01 1.990668549252691877e+00
1.140000000000000036e+01 1.992146873632123727e+00
1.141000000000000014e+01 1.996079033362986532e+00
1.141999999999999993e+01 1.995836781381516101e+00
1.142999999999999972e+01 1.996125139289881556e+00
1.143999999999999950e+01 1.990520697206708434e+00
1.144999999999999929e+01 1.989077990890035341e+00
1.146000000000000085e+01 1.998717681247986988e+00
1.147000000000000064e+01 1.993624654537805796e+00
1.148000000000000043e+01 1.984391820685404095e+00
1.149000000000000021e+01 1.993094772352054678e+00
1.150000000000000000e+01 1.995261493775200234e+00
1.150999999999999979e+01 1.993169225687812851e+00
1.151999999999999957e+01 1.999773618276179832e+00
1.152999999999999936e+01 1.994981038050955835e+00
1.153999999999999915e+01 1.996677746834482292e+00
1.155000000000000071e+01 2.003945155365289388e+00
1.156000000000000050e+01 1.993667819474545855e+00
1.157000000000000028e+01 1.997157313807486734e+00
1.158000000000000007e+01 1.995988441287988024e+00
1.158999999999999986e+01 1.991026622601246299e+00
1.159999999999999964e+01 1.990087770425226221e+00
1.160999999999999943e+01 1.997866069704822944e+00
1.161999999999999922e+01 1.993507231318053741e+00
1.163000000000000078e+01 1.988556040337831066e+00
1.164000000000000057e+01 1.991342291985963353e+00
1.165000000000000036e+01 1.982042904659155669e+00
1.166000000000000014e+01 1.985889313100109188e+00
1.166999999999999993e+01 1.992623252280121049e+00
1.167999999999999972e+01 1.987529983781861631e+00
1.168999999999999950e+01 1.988339544804996750e+00
1.169999999999999929e+01 1.991781908666082401e+00
1.171000000000000085e+01 1.993152287228322495e+00
1.172000000000000064e+01 1.994717326612385211e+00
1.173000000000000043e+01 1.992973005222446803e+00
1.174000000000000021e+01 1.996689258567202030e+00
1.175000000000000000e+01 1.997180940787067316e+00
1.175999999999999979e+01 1.990881803437151376e+00
1.176999999999999957e+01 2.000896985525180138e+00
1.177999999999999936e+01 2.000220679642633836e+00
1.178999999999999915e+01 1.995518543945038470e+00
1.180000000000000071e+01 2.001633243213386759e+00
1.181000000000000050e+01 1.998636821603914981e+00
1.182000000000000028e+01 1.992438753484725877e+00
1.183000000000000007e+01 2.005754806919590294e+00
1.183999999999999986e+01 2.001170915622500601e+00
1.184999999999999964e+01 1.997144341487596453e+00
1.185999999999999943e+01 1.996220592659978310e+00
1.186999999999999922e+01 1.993866485957313639e+00
1.188000000000000078e+01 1.999538235006991682e+00
1.189000000000000057e+01 1.998800196243782690e+00
1.190000000000000036e+01 1.997271252890655546e+00
1.191000000000000014e+01 1.995283488980303943e+00
1.191999999999999993e+01 1.989743878946831135e+00
1.192999999999999972e+01 1.992820682789791409e+00
1.193999999999999950e+01 1.992501100332735975e+00
1.194999999999999929e+01 1.995023062497808919e+00
1.196000000000000085e+01 1.992554439080858941e+00
1.197000000000000064e+01 1.993220061788669728e+00
1.198000000000000043e+01 1.993398353970235348e+00
1.199000000000000021e+01 1.990537495302503235e+00
1.200000000000000000e+01 1.991533398106987818e+00
1.200999999999999979e+01 1.999266323633435150e+00
1.201999999999999957e+01 1.993724331453867959e+00
1.202999999999999936e+01 1.991275840920068374e+00
1.203999999999999915e+01 1.998580905026063892e+00
1.205000000000000071e+01 1.999469049289430034e+00
1.206000000000000050e+01 1.994666501859685415e+00
1.207000000000000028e+01 2.000834920957690333e+00
1.208000000000000007e+01 1.995850512718778447e+00
1.208999999999999986e+01 1.994445926426138938e+00
1.209999999999999964e+01 1.994913233814354925e+00
1.210999999999999943e+01 1.995535314819016914e+00
1.211999999999999922e+01 1.996126769567144077e+00
1.213000000000000078e+01 1.992654737190254766e+00
1.214000000000000057e+01 1.993749677782513441e+00
1.215000000000000036e+01 1.996982008751076121e+00
1.216000000000000014e+01 1.997486133663257890e+00
1.216999999999999993e+01 1.993020161353062036e+00
1.217999999999999972e+01 1.996810314724812185e+00
1.218999999999999950e+01 1.998300603918434559e+00
1.219999999999999929e+01 1.999223734572933564e+00
1.221000000000000085e+01 2.000277077429809314e+00
1.222000000000000064e+01 1.994519239268500499e+00
1.223000000000000043e+01 1.995212856992739203e+00
1.224000000000000021e+01 1.990061586249587178e+00
1.225000000000000000e+01 1.992705900547308007e+00
1.225999999999999979e+01 1.998552358078663715e+00
1.226999999999999957e+01 1.997889600348392580e+00
1.227999999999999936e+01 1.996541458967001414e+00
1.228999999999999915e+01 1.998379100760682592e+00
1.230000000000000071e+01 1.998409376120883207e+00
1.231000000000000050e+01 1.995924573077897168e+00
1.232000000000000028e+01 1.996906135903224522e+00
1.233000000000000007e+01 2.005861347964254193e+00
1.233999999999999986e+01 2.002417037646131881e+00
1.234999999999999964e+01 1.989298664577013653e+00
1.235999999999999943e+01 1.996108666367912843e+00
1.236999999999999922e+01 1.997297471478465258e+00
1.238000000000000078e+01 1.996474955430585840e+00
1.239000000000000057e+01 2.001127451493909692e+00
1.240000000000000036e+01 1.993079454707758602e+00
1.241000000000000014e+01 2.000580003670324292e+00
1.241999999999999993e+01 2.002310557000675395e+00
1.242999999999999972e+01 2.008172321894917012e+00
1.243999999999999950e+01 1.999543061926301935e+00
1.244999999999999929e+01 2.004797619503598138e+00
1.246000000000000085e+01 1.999328887376784936e+00
1.247000000000000064e+01 2.008404684813049901e+00
1.248000000000000043e+01 2.000457419070630571e+00
1.249000000000000021e+01 2.005831741904470000e+00
1.250000000000000000e+01 2.014016357324098117e+00
1.250999999999999979e+01 2.001499069399347963e+00
1.251999999999999957e+01 2.008753811382545162e+00
1.252999999999999936e+01 2.004355030624679124e+00
1.253999999999999915e+01 2.015700496801787533e+00
1.255000000000000071e+01 2.009564460331985991e+00
1.256000000000000050e+01 2.009714189436446752e+00
1.257000000000000028e+01 2.006787442647977482e+00
1.258000000000000007e+01 2.008055233384936411e+00
1.258999999999999986e+01 2.005850055663859433e+00
1.259999999999999964e+01 2.003477227720172671e+00
1.260999999999999943e+01 2.006478379526139832e+00
1.261999999999999922e+01 2.010670491047668484e+00
1.263000000000000078e+01 2.001078056011863726e+00
1.264000000000000057e+01 2.004891951204817779e+00
1.265000000000000036e+01 2.010678640577519438e+00
1.266000000000000014e+01 2.007602406234542780e+00
1.266999999999999993e+01 2.000665635745132676e+00
1.267999999999999972e+01 2.004881379374482187e+00
1.268999999999999950e+01 2.009832593273101153e+00
1.269999999999999929e+01 2.003952635911351088e+00
1.271000000000000085e+01 2.009596584516954998e+00
1.272000000000000064e+01 2.006982022969209467e+00
1.273000000000000043e+01 2.014582282421350179e+00
1.274000000000000021e+01 2.006340754811200444e+00
1.275000000000000000e+01 2.011850483925058608e+00
1.275999999999999979e+01 2.006824290069752603e+00
1.276999999999999957e+01 2.007998404227772316e+00
1.277999999999999936e+01 2.008405828330160681e+00
1.278999999999999915e+01 2.004696779034490284e+00
1.280000000000000071e+01 2.014158201090959555e+00
1.281000000000000050e+01 2.011527590320646652e+00
1.282000000000000028e+01 2.005359356883211319e+00
1.283000000000000007e+01 2.009866158627926058e+00
1.283999999999999986e+01 2.004297509907265074e+00
1.284999999999999964e+01 2.003671319777127646e+00
1.285999999999999943e+01 2.006786885598894621e+00
1.286999999999999922e+01 2.011196294180843669e+00
1.288000000000000078e+01 2.001994732962700141e+00
1.289000000000000057e+01 2.003459273048682654e+00
1.290000000000000036e+01 1.999969144853164904e+00
1.291000000000000014e+01 2.000342615576258254e+00
1.291999999999999993e+01 2.010410208520430064e+00
1.292999999999999972e+01 2.003761302292792923e+00
1.293999999999999950e+01 2.011122891658533973e+00
1.294999999999999929e+01 2.011749083163731022e+00
1.296000000000000085e+01 2.002049562867859844e+00
1.297000000000000064e+01 2.004865001565929283e+00
1.298000000000000043e+01 2.006807738607238267e+00
1.299000000000000021e+01 2.003674006368311833e+00
1.300000000000000000e+01 2.006962000840676108e+00
1.300999999999999979e+01 1.997788392538520030e+00
1.301999999999999957e+01 1.999797844057591645e+00
1.302999999999999936e+01 2.003141028263091705e+00
1.303999999999999915e+01 2.001922913423251682e+00
1.305000000000000071e+01 2.003116164186572679e+00
1.306000000000000050e+01 2.000423906967147669e+00
1.307000000000000028e+01 2.003118345040478587e+00
1.308000000000000007e+01 2.003293910453205928e+00
1.308999999999999986e+01 1.994256380203789814e+00
1.309999999999999964e+01 1.996649319463966066e+00
1.310999999999999943e+01 1.995399369044899673e+00
1.311999999999999922e+01 1.992807271843772821e+00
1.313000000000000078e+01 1.994391070583222403e+00
1.314000000000000057e+01 1.987861889524583647e+00
1.315000000000000036e+01 1.993159981417166993e+00
1.316000000000000014e+01 2.000400670789784119e+00
1.316999999999999993e+01 1.997761929145330795e+00
1.317999999999999972e+01 1.996612011336475589e+00
1.318999999999999950e+01 1.995224083314951047e+00
1.319999999999999929e+01 2.004500067307117828e+00
1.321000000000000085e+01 1.998310969361424494e+00
1.322000000000000064e+01 2.003210439242789853e+00
1.323000000000000043e+01 2.001795651958244271e+00
1.324000000000000021e+01 2.000407084067667540e+00
1.325000000000000000e+01 2.002044929101990611e+00
1.325999999999999979e+01 1.995230454385735097e+00
1.326999999999999957e+01 1.993005779315638604e+00
1.327999999999999936e+01 2.000080095473326214e+00
1.328999999999999915e+01 1.999078402472272087e+00
1.330000000000000071e+01 1.994973357954350934e+00
1.331000000000000050e+01 1.996588922418945256e+00
1.332000000000000028e+01 2.001085885842535106e+00
1.333000000000000007e+01 2.003699110389445703e+00
1.333999999999999986e+01 1.996042293859126460e+00
1.334999999999999964e+01 1.995032652557020114e+00
1.335999999999999943e+01 2.006180518739843599e+00
1.336999999999999922e+01 1.998800702746540647e+00
1.338000000000000078e+01 2.001846193818637154e+00
1.339000000000000057e+01 2.000516254105684233e+00
1.340000000000000036e+01 1.996949622289136528e+00
1.341000000000000014e+01 1.997160196627260742e+00
1.341999999999999993e+01 2.004277068107767512e+00
1.342999999999999972e+01 2.003522056545095520e+00
1.343999999999999950e+01 2.006683207414196701e+00
1.344999999999999929e+01 2.000379442525109575e+00
1.346000000000000085e+01 2.002886208111240407e+00
1.347000000000000064e+01 2.000391076672772606e+00
1.348000000000000043e+01 2.004875374961332390e+00
1.349000000000000021e+01 1.994626231385070669e+00
1.350000000000000000e+01 1.999663824359865227e+00
1.350999999999999979e+01 1.993730737929891417e+00
1.351999999999999957e+01 1.994493031712128994e+00
1.352999999999999936e+01 2.000887567608117923e+00
1.353999999999999915e+01 1.994794852489260917e+00
1.355000000000000071e+01 1.993469640296040790e+00
1.356000000000000050e+01 2.005664781952381848e+00
1.357000000000000028e+01 2.001810911480940369e+00
1.358000000000000007e+01 2.004666161164966542e+00
1.358999999999999986e+01 2.005471285999900655e+00
1.359999999999999964e+01 2.008157331121326550e+00
1.360999999999999943e+01 2.004366808731865124e+00
1.361999999999999922e+01 2.003758985306886675e+00
1.363000000000000078e+01 2.009066401644389543e+00
1.364000000000000057e+01 2.003962989608209178e+00
1.365000000000000036e+01 2.003740850467093271e+00
1.366000000000000014e+01 2.001727814446121467e+00
1.366999999999999993e+01 2.006800675473312534e+00
1.367999999999999972e+01 2.006834345706678402e+00
1.368999999999999950e+01 2.006594932471321258e+00
1.369999999999999929e+01 2.009267296067889230e+00
1.371000000000000085e+01 1.999517226822061122e+00
1.372000000000000064e+01 2.007386291864816652e+00
1.373000000000000043e+01 2.008033314594179330e+00
1.374000000000000021e+01 2.000916628903003591e+00
1.375000000000000000e+01 2.004496261828224934e+00
1.375999999999999979e+01 2.010484484276811035e+00
1.376999999999999957e+01 2.008654775273263748e+00
1.377999999999999936e+01 2.000106497744748690e+00
1.378999999999999915e+01 2.006522855692506546e+00
1.380000000000000071e+01 2.007300642652352085e+00
1.381000000000000050e+01 2.004280753192705600e+00
1.382000000000000028e+01 2.005060879073995217e+00
1.383000000000000007e+01 2.008794421749060533e+00
1.383999999999999986e+01 2.009093877955991481e+00
1.384999999999999964e+01 2.011521580374673324e+00
1.385999999999999943e+01 2.010869686206412155e+00
1.386999999999999922e+01 2.013707480470866340e+00
1.388000000000000078e+01 2.010923894161056324e+00
1.389000000000000057e+01 2.008438715013544318e+00
1.390000000000000036e+01 2.005764653719759760e+00
1.391000000000000014e+01 1.997543308138434615e+00
1.391999999999999993e+01 2.008843585323432990e+00
1.392999999999999972e+01 2.001072325232787108e+00
1.393999999999999950e+01 2.005009402546641617e+00
1.394999999999999929e+01 2.001471534064253266e+00
1.396000000000000085e+01 2.003156378440197116e+00
1.397000000000000064e+01 2.001527169433237052e+00
1.398000000000000043e+01 1.997868208026848169e+00
1.399000000000000021e+01 1.998014953937990779e+00
1.400000000000000000e+01 1.999397203514831745e+00
1.400999999999999979e+01 2.004160556774554180e+00
1.401999999999999957e+01 2.004345557865131688e+00
1.402999999999999936e+01 2.006879143904586549e+00
1.403999999999999915e+01 1.997845031683752381e+00
1.405000000000000071e+01 2.006497032076929976e+00
1.406000000000000050e+01 1.997996077383360269e+00
1.407000000000000028e+01 2.002524281740327261e+00
1.408000000000000007e+01 2.011333102856958099e+00
1.408999999999999986e+01 2.003660178866837782e+00
1.409999999999999964e+01 2.000761507220825131e+00
1.410999999999999943e+01 2.002836473019933727e+00
1.411999999999999922e+01 2.003181746457770807e+00
1.413000000000000078e+01 2.008265934976008360e+00
1.414000000000000057e+01 2.005910084345010169e+00
1.415000000000000036e+01 2.004295558657006815e+00
1.416000000000000014e+01 2.004310631102742324e+00
1.416999999999999993e+01 2.009590760653513719e+00
1.417999999999999972e+01 2.001922400468207464e+00
1.418999999999999950e+01 2.003054111576067164e+00
1.419999999999999929e+01 1.996605583497310432e+00
1.421000000000000085e+01 2.002386302816812957e+00
1.422000000000000064e+01 2.006083395882007903e+00
1.423000000000000043e+01 2.005899964037427541e+00
1.424000000000000021e+01 2.001128914475065024e+00
1.425000000000000000e+01 2.002530405430435145e+00
1.425999999999999979e+01 2.003790762842487361e+00
1.426999999999999957e+01 2.009135461881605522e+00
1.427999999999999936e+01 2.004740933977645412e+00
1.428999999999999915e+01 2.006666220522222766e+00
1.430000000000000071e+01 2.003900748231709716e+00
1.431000000000000050e+01 2.004503203995265714e+00
1.432000000000000028e+01 2.006541918519791246e+00
1.433000000000000007e+01 2.004772254091771622e+00
1.433999999999999986e+01 1.998147313296399830e+00
1.434999999999999964e+01 2.000984594531853400e+00
1.435999999999999943e+01 2.012895147534206952e+00
1.436999999999999922e+01 2.005163226781222274e+00
1.438000000000000078e+01 1.998168175958965120e+00
1.439000000000000057e+01 2.002585880827241205e+00
1.440000000000000036e+01 2.001921587721071649e+00
1.441000000000000014e+01 2.002774077517073259e+00
1.441999999999999993e+01 1.999673221632989994e+00
1.442999999999999972e+01 2.009155824071535257e+00
1.443999999999999950e+01 2.009830875201768396e+00
1.444999999999999929e+01 2.012298214519270712e+00
1.446000000000000085e+01 2.000928128390081273e+00
1.447000000000000064e+01 2.004237558716433387e+00
1.448000000000000043e+01 2.002108682135871565e+00
1.449000000000000021e+01 2.003661315397239129e+00
1.450000000000000000e+01 2.011814408317735392e+00
1.450999999999999979e+01 2.007289017011823606e+00
1.451999999999999957e+01 2.006188932254838075e+00
1.452999999999999936e+01 2.008231090658408213e+00
1.453999999999999915e+01 2.017024071038726163e+00
1.455000000000000071e+01 2.007641278699717091e+00
1.456000000000000050e+01 2.009750888746627773e+00
1.457000000000000028e+01 2.005946838424532253e+00
1.458000000000000007e+01 2.009715719478550433e+00
1.458999999999999986e+01 2.003288070525646614e+00
1.459999999999999964e+01 1.999524092324455493e+00
1.460999999999999943e+01 2.008148227772140082e+00
1.461999999999999922e+01 2.012724791790901246e+00
1.463000000000000078e+01 2.007409154761247372e+00
1.464000000000000057e+01 1.999285189039969435e+00
1.465000000000000036e+01 2.002258657610965553e+00
1.466000000000000014e+01 2.010223980897720697e+00
1.466999999999999993e+01 2.005360743775748134e+00
1.467999999999999972e+01 2.013372725061866930e+00
1.468999999999999950e+01 2.008624285745478133e+00
1.469999999999999929e+01 2.002686258151365362e+00
1.471000000000000085e+01 2.009131861920125495e+00
1.472000000000000064e+01 2.004643785934394185e+00
1.473000000000000043e+01 2.008328945607337879e+00
1.474000000000000021e+01 2.005771134604366956e+00
1.475000000000000000e+01 2.009274399896905816e+00
1.475999999999999979e+01 2.013694861304490935e+00
1.476999999999999957e+01 2.009169620181052718e+00
1.477999999999999936e+01 2.012304996887734454e+00
1.478999999999999915e+01 2.011523191469848815e+00
1.480000000000000071e+01 2.012585055013395241e+00
1.481000000000000050e+01 2.007339843358941334e+00
1.482000000000000028e+01 2.002195734261834836e+00
1.483000000000000007e+01 2.003045538823081451e+00
1.483999999999999986e+01 1.998959292992652736e+00
1.484999999999999964e+01 2.010546135098391751e+00
1.485999999999999943e+01 2.007217037066204135e+00
1.486999999999999922e+01 2.006259171183836454e+00
1.488000000000000078e+01 2.008373241587912084e+00
1.489000000000000057e+01 2.003757024217811988e+00
1.490000000000000036e+01 2.001767154540888161e+00
1.491000000000000014e+01 2.003211709247757266e+00
1.491999999999999993e+01 2.003318798658824118e+00
1.492999999999999972e+01 2.005139565041356153e+00
1.493999999999999950e+01 1.997113721793320362e+00
1.494999999999999929e+01 2.002252405322523021e+00
1.496000000000000085e+01 2.001400826039270164e+00
1.497000000000000064e+01 2.011342469278299294e+00
1.498000000000000043e+01 2.013403400807936450e+00
1.499000000000000021e+01 2.003328389323682845e+00
1.500000000000000000e+01 2.007039729853020038e+00
1.500999999999999979e+01 2.012276999730091553e+00
1.501999999999999957e+01 2.004111775477794843e+00
1.502999999999999936e+01 1.998926327091259392e+00
1.503999999999999915e+01 2.002704925684626769e+00
1.505000000000000071e+01 2.004998910974699733e+00
1.506000000000000050e+01 2.003319609466559736e+00
1.507000000000000028e+01 2.009859899029383001e+00
1.508000000000000007e+01 2.006745484684356207e+00
1.508999999999999986e+01 2.001932577135407065e+00
1.509999999999999964e+01 2.008783663911116957e+00
1.510999999999999943e+01 2.003293218299670997e+00
1.511999999999999922e+01 1.996841330154181637e+00
1.513000000000000078e+01 2.000475744151071211e+00
1.514000000000000057e+01 2.002643464402783291e+00
1.515000000000000036e+01 2.012397470181197079e+00
1.516000000000000014e+01 2.007535307942890590e+00
1.516999999999999993e+01 2.010772589184631531e+00
1.517999999999999972e+01 2.013113547731728126e+00
1.518999999999999950e+01 2.008073481222818035e+00
1.519999999999999929e+01 2.008230137951004135e+00
1.521000000000000085e+01 2.002462207081667778e+00
1.522000000000000064e+01 2.000968770847903588e+00
1.523000000000000043e+01 2.012866960021228557e+00
1.524000000000000021e+01 2.001146100824949592e+00
1.525000000000000000e+01 2.008253373503202877e+00
1.525999999999999979e+01 1.999327613766659795e+00
1.526999999999999957e+01 2.011181564092130891e+00
1.527999999999999936e+01 2.002496039689693141e+00
1.528999999999999915e+01 2.007637465737744265e+00
1.530000000000000071e+01 2.009696679712830836e+00
1.531000000000000050e+01 2.005494857781041862e+00
1.532000000000000028e+01 2.006715001734444392e+00
1.533000000000000007e+01 2.003587046183938902e+00
1.533999999999999986e+01 2.000583580908091630e+00
1.534999999999999964e+01 2.007527570412421358e+00
1.535999999999999943e+01 1.996964964862346203e+00
1.536999999999999922e+01 2.003487579138198971e+00
1.538000000000000078e+01 2.008540953830648679e+00
1.539000000000000057e+01 2.003977527252799540e+00
1.540000000000000036e+01 2.005041025987240211e+00
1.541000000000000014e+01 2.009328804192096918e+00
1.541999999999999993e+01 2.005329154760599142e+00
1.542999999999999972e+01 1.997083186007577282e+00
1.543999999999999950e+01 1.995665204331957598e+00
1.544999999999999929e+01 1.992016569335610443e+00
1.546000000000000085e+01 1.996333389214945075e+00
1.547000000000000064e+01 1.998086970397707773e+00
1.548000000000000043e+01 2.000940142642008812e+00
1.549000000000000021e+01 1.996598400324131273e+00
1.550000000000000000e+01 1.996961040489814820e+00
1.550999999999999979e+01 2.001126750990055214e+00
1.551999999999999957e+01 1.999061062667647715e+00
1.552999999999999936e+01 2.003888054495090998e+00
1.553999999999999915e+01 2.001097391632254308e+00
1.555000000000000071e+01 1.998539483543013251e+00
1.556000000000000050e+01 1.998019143624850003e+00
1.557000000000000028e+01 2.002177343013242350e+00
1.558000000000000007e+01 2.002532421202286361e+00
1.558999999999999986e+01 2.004175388797114543e+00
1.559999999999999964e+01 1.998649416606403495e+00
1.560999999999999943e+01 2.001155882986537016e+00
1.561999999999999922e+01 1.995813387978652598e+00
1.563000000000000078e+01 1.999000525185592680e+00
1.564000000000000057e+01 2.004149659081193136e+00
1.565000000000000036e+01 2.004016611847805773e+00
1.566000000000000014e+01 2.003874650685559811e+00
1.566999999999999993e+01 2.010118808508327692e+00
1.567999999999999972e+01 2.004481330789809057e+00
1.568999999999999950e+01 2.004139876804494680e+00
1.569999999999999929e+01 1.999576730870731733e+00
1.571000000000000085e+01 2.001651198663572551e+00
1.572000000000000064e+01 1.990621705382722650e+00
1.573000000000000043e+01 1.998451756425235981e+00
1.574000000000000021e+01 1.996677139998336070e+00
1.575000000000000000e+01 1.993718452868823876e+00
1.575999999999999979e+01 1.997012993410273607e+00
1.576999999999999957e+01 2.003360433165176424e+00
1.577999999999999936e+01 2.000480860438912600e+00
1.578999999999999915e+01 1.999719520223594005e+00
1.580000000000000071e+01 1.996609872254862195e+00
1.581000000000000050e+01 1.990205393383587928e+00
1.582000000000000028e+01 1.997147270175653633e+00
1.583000000000000007e+01 1.990799466771452586e+00
1.583999999999999986e+01 1.994372893440277350e+00
1.584999999999999964e+01 1.993288853291641516e+00
1.585999999999999943e+01 1.991320421608761659e+00
1.586999999999999922e+01 1.996398434195363336e+00
1.588000000000000078e+01 2.002440678916713956e+00
1.589000000000000057e+01 2.002091932056845991e+00
1.590000000000000036e+01 2.001834651474156068e+00
1.591000000000000014e+01 1.992710312915074056e+00
1.591999999999999993e+01 1.998901832176322557e+00
1.592999999999999972e+01 1.999781562124796297e+00
1.593999999999999950e+01 2.001718654610374681e+00
1.594999999999999929e+01 1.997307457344455583e+00
1.596000000000000085e+01 2.002010678716982017e+00
1.597000000000000064e+01 1.996267878039801547e+00
1.598000000000000043e+01 1.996817680956049390e+00
1.599000000000000021e+01 1.996384929322331914e+00
1.600000000000000000e+01 1.997818561670380522e+00
1.601000000000000156e+01 1.992759663650583546e+00
1.601999999999999957e+01 1.990251230112757508e+00
1.603000000000000114e+01 2.000632549827288109e+00
1.603999999999999915e+01 1.989143267424338335e+00
1.605000000000000071e+01 1.993954863573232261e+00
1.605999999999999872e+01 1.993065587586801302e+00
1.607000000000000028e+01 1.998749434449725415e+00
1.607999999999999829e+01 2.002411288981186033e+00
1.608999999999999986e+01 1.996048231522481231e+00
1.610000000000000142e+01 1.993773144118122120e+00
1.610999999999999943e+01 1.999918722572755714e+00
1.612000000000000099e+01 1.997867825014442378e+00
1.612999999999999901e+01 1.995685099482567226e+00
1.614000000000000057e+01 1.994326328911107948e+00
1.614999999999999858e+01 2.000379469543121402e+00
1.616000000000000014e+01 2.000170470583152227e+00
1.617000000000000171e+01 1.990940599931130039e+00
1.617999999999999972e+01 1.998204780466959374e+00
1.619000000000000128e+01 1.994266690584491020e+00
1.619999999999999929e+01 1.999078997061609186e+00
1.621000000000000085e+01 1.994541890374036841e+00
1.621999999999999886e+01 1.995249378554136088e+00
1.623000000000000043e+01 1.998901896155105051e+00
1.623999999999999844e+01 1.997590014048258977e+00
1.625000000000000000e+01 2.001326292618480274e+00
1.626000000000000156e+01 1.994987260084438274e+00
1.626999999999999957e+01 2.001877798770611783e+00
1.628000000000000114e+01 1.998413050483623721e+00
1.628999999999999915e+01 1.996987590229187592e+00
1.630000000000000071e+01 1.995298746825345360e+00
1.630999999999999872e+01 1.995821120110665037e+00
1.632000000000000028e+01 1.995051823289843984e+00
1.632999999999999829e+01 1.995238811611053320e+00
1.633999999999999986e+01 1.996891460333912294e+00
1.635000000000000142e+01 1.990041269191631601e+00
1.635999999999999943e+01 1.995554481165289218e+00
1.637000000000000099e+01 1.996973446794510609e+00
1.637999999999999901e+01 2.000129435965307234e+00
1.639000000000000057e+01 2.004543037056680355e+00
1.639999999999999858e+01 1.997754369545508002e+00
1.641000000000000014e+01 2.000559820863887062e+00
1.642000000000000171e+01 2.000693488760193706e+00
1.642999999999999972e+01 1.997519531145028227e+00
1.644000000000000128e+01 1.998318967532620949e+00
1.644999999999999929e+01 1.998731587426318068e+00
1.646000000000000085e+01 1.997826423413554320e+00
1.646999999999999886e+01 2.006168972388595151e+00
1.648000000000000043e+01 2.005370535047236835e+00
1.648999999999999844e+01 2.000369753802965000e+00
1.650000000000000000e+01 2.001072897337253131e+00
1.651000000000000156e+01 2.001201225764584368e+00
1.651999999999999957e+01 1.997519003045248542e+00
1.653000000000000114e+01 1.997985046418695676e+00
1.653999999999999915e+01 1.996298219836551313e+00
1.655000000000000071e+01 2.001270165937871326e+00
1.655999999999999872e+01 2.001485351330463125e+00
1.657000000000000028e+01 1.995721017574696887e+00
1.657999999999999829e+01 1.994615825812990462e+00
1.658999999999999986e+01 1.994390404598362254e+00
1.660000000000000142e+01 1.997843460633847767e+00
1.660999999999999943e+01 1.990398793965521662e+00
1.662000000000000099e+01 1.992186260466707992e+00
1.662999999999999901e+01 1.997667232688973726e+00
1.664000000000000057e+01 1.991403511183615693e+00
1.664999999999999858e+01 2.005536192689264308e+00
1.666000000000000014e+01 1.997971453243003737e+00
1.667000000000000171e+01 1.998608138997578276e+00
1.667999999999999972e+01 1.997143978428035593e+00
1.669000000000000128e+01 1.997296381396318710e+00
1.669999999999999929e+01 1.993557020614182607e+00
1.671000000000000085e+01 1.995032519761705148e+00
1.671999999999999886e+01 1.997956324144360085e+00
1.673000000000000043e+01 2.002418107813396908e+00
1.673999999999999844e+01 1.994712342879817246e+00
1.675000000000000000e+01 1.998905213017189597e+00
1.676000000000000156e+01 2.006494924422988824e+00
1.676999999999999957e+01 1.999545309292466211e+00
1.678000000000000114e+01 2.005364621260422364e+00
1.678999999999999915e+01 1.996087679790789604e+00
1.680000000000000071e+01 1.998334373195737257e+00
1.680999999999999872e+01 1.999619021989409218e+00
1.682000000000000028e+01 2.004023095693280077e+00
1.682999999999999829e+01 1.997732969355353161e+00
1.683999999999999986e+01 2.000125791522258556e+00
1.685000000000000142e+01 1.997134289524066686e+00
1.685999999999999943e+01 2.000839151498960522e+00
1.687000000000000099e+01 1.995503159024121898e+00
1.687999999999999901e+01 1.999799100980111266e+00
1.689000000000000057e+01 2.000936298841957672e+00
1.689999999999999858e+01 2.001038371901715074e+00
1.691000000000000014e+01 2.001611311375832702e+00
1.692000000000000171e+01 1.997254518734306483e+00
1.692999999999999972e+01 2.003874885957086072e+00
1.694000000000000128e+01 2.000858421245849339e+00
1.694999999999999929e+01 2.005591801503676219e+00
1.696000000000000085e+01 1.997009795456678116e+00
1.696999999999999886e+01 1.998915035298993059e+00
1.698000000000000043e+01 1.992596350961630680e+00
1.698999999999999844e+01 1.997954833073112058e+00
1.700000000000000000e+01 1.995549971894891694e+00
1.701000000000000156e+01 1.997768974866473091e+00
1.701999999999999957e+01 1.995954855715413645e+00
1.703000000000000114e+01 2.000034952040352643e+00
1.703999999999999915e+01 1.997507331767241823e+00
1.705000000000000071e+01 1.999095419926727901e+00
1.705999999999999872e+01 1.998779831154935183e+00
1.707000000000000028e+01 2.003733923169917830e+00
1.707999999999999829e+01 2.003470566467350444e+00
1.708999999999999986e+01 2.003013804888940541e+00
1.710000000000000142e+01 2.003482986680400924e+00
1.710999999999999943e+01 2.001842586553919112e+00
1.712000000000000099e+01 2.006626357754175860e+00
1.712999999999999901e+01 1.998110963145274699e+00
1.714000000000000057e+01 2.006003264807102227e+00
1.714999999999999858e+01 2.002959391482612705e+00
1.716000000000000014e+01 2.007117444452895860e+00
1.717000000000000171e+01 1.999954782415886312e+00
1.717999999999999972e+01 2.001629502996997712e+00
1.719000000000000128e+01 2.004972335220355895e+00
1.719999999999999929e+01 2.000934690276440886e+00
1.721000000000000085e+01 2.003179296399532738e+00
1.721999999999999886e+01 1.999629273304823984e+00
1.723000000000000043e+01 2.002804912041292074e+00
1.723999999999999844e+01 2.006832541971339090e+00
1.725000000000000000e+01 2.009238706616564674e+00
1.726000000000000156e+01 2.003941250918964911e+00
1.726999999999999957e+01 2.010609224251384664e+00
1.728000000000000114e+01 1.996886215046757673e+00
1.728999999999999915e+01 2.009578616284233732e+00
1.730000000000000071e+01 2.009479701538884555e+00
1.730999999999999872e+01 2.007128167861851331e+00
1.732000000000000028e+01 1.998767388730839256e+00
1.732999999999999829e+01 1.998512365324577544e+00
1.733999999999999986e+01 1.997704817953177114e+00
1.735000000000000142e+01 2.008927104461735169e+00
1.735999999999999943e+01 1.999839727801758782e+00
1.737000000000000099e+01 1.999390290545060456e+00
1.737999999999999901e+01 2.001449921877214599e+00
1.739000000000000057e+01 2.003718862214692642e+00
1.739999999999999858e+01 2.006954892586585437e+00
1.741000000000000014e+01 2.003935258734920843e+00
1.742000000000000171e+01 2.012618583597403532e+00
1.742999999999999972e+01 2.002314784066391073e+00
1.744000000000000128e+01 2.005493160415410259e+00
1.744999999999999929e+01 2.002627771476742868e+00
1.746000000000000085e+01 1.998018429150860253e+00
1.746999999999999886e+01 2.001830135415421985e+00
1.748000000000000043e+01 1.992800510872798414e+00
1.748999999999999844e+01 2.000084363711091662e+00
1.750000000000000000e+01 2.003583687173155159e+00
1.751000000000000156e+01 1.999016400861352682e+00
1.751999999999999957e+01 1.999448199040074314e+00
1.753000000000000114e+01 2.008131161401226716e+00
1.753999999999999915e+01 2.006441267248829874e+00
1.755000000000000071e+01 2.001815721571561291e+00
1.755999999999999872e+01 2.004655508673102382e+00
1.757000000000000028e+01 2.005421623380192031e+00
1.757999999999999829e+01 2.007196379826370780e+00
1.758999999999999986e+01 2.005840582522846471e+00
1.760000000000000142e+01 2.007659712840962563e+00
1.760999999999999943e+01 2.000516571701048907e+00
1.762000000000000099e+01 2.001192368740043026e+00
1.762999999999999901e+01 2.003575738175633614e+00
1.764000000000000057e+01 2.005806398142508051e+00
1.764999999999999858e+01 2.005707637970703061e+00
1.766000000000000014e+01 2.007779564131082495e+00
1.767000000000000171e+01 2.006753876952134696e+00
1.767999999999999972e+01 2.002895040718984276e+00
1.769000000000000128e+01 2.006019686323310403e+00
1.769999999999999929e+01 2.004575288203185757e+00
1.771000000000000085e+01 2.000806730317171933e+00
1.771999999999999886e+01 1.999252794954565982e+00
1.773000000000000043e+01 2.002469773203256587e+00
1.773999999999999844e+01 2.000304774639725114e+00
1.775000000000000000e+01 2.006061377395266465e+00
1.776000000000000156e+01 2.002704449309077539e+00
1.776999999999999957e+01 2.000768648036490127e+00
1.778000000000000114e+01 2.002491180058257214e+00
1.778999999999999915e+01 2.010316169209844794e+00
1.780000000000000071e+01 2.009681844227447556e+00
1.780999999999999872e+01 2.011622059030522713e+00
1.782000000000000028e+01 2.010654801505446621e+00
1.782999999999999829e+01 2.012469269357626267e+00
1.783999999999999986e+01 2.005537286299968081e+00
1.785000000000000142e+01 2.006563348972427274e+00
1.785999999999999943e+01 2.012108422376706951e+00
1.787000000000000099e+01 2.007270434582332896e+00
1.787999999999999901e+01 2.007823285101510535e+00
1.789000000000000057e+01 2.008198190245151338e+00
1.789999999999999858e+01 2.010182390002685615e+00
1.791000000000000014e+01 2.009141308354260858e+00
1.792000000000000171e+01 2.004078456527552898e+00
1.792999999999999972e+01 2.006444902221276028e+00
1.794000000000000128e+01 2.013633917912104110e+00
1.794999999999999929e+01 2.018464070318592540e+00
1.796000000000000085e+01 2.015778852612416294e+00
1.796999999999999886e+01 2.010154295169224614e+00
1.798000000000000043e+01 2.007116261843100880e+00
1.798999999999999844e+01 2.006659016558251629e+00
1.800000000000000000e+01 2.010594199301118046e+00
1.801000000000000156e+01 2.016376887989152156e+00
1.801999999999999957e+01 2.011263883693350074e+00
1.803000000000000114e+01 2.003277704280857385e+00
1.803999999999999915e+01 1.997920878375432752e+00
1.805000000000000071e+01 2.005714284333410369e+00
1.805999999999999872e+01 2.002156747150963589e+00
1.807000000000000028e+01 2.006069820968730877e+00
1.807999999999999829e+01 2.000210309783656104e+00
1.808999999999999986e+01 2.002037696986898041e+00
1.810000000000000142e+01 2.001372583636507052e+00
1.810999999999999943e+01 2.014078981742597918e+00
1.812000000000000099e+01 2.006595799391301504e+00
1.812999999999999901e+01 2.012447436161449055e+00
1.814000000000000057e+01 2.001991987710402210e+00
1.814999999999999858e+01 1.999134215579480678e+00
1.816000000000000014e+01 2.000833524331131485e+00
1.817000000000000171e+01 2.005092639829842760e+00
1.817999999999999972e+01 2.003772903585342213e+00
1.819000000000000128e+01 2.003599664432891281e+00
1.819999999999999929e+01 1.997763807583637474e+00
1.821000000000000085e+01 1.995609278314950163e+00
1.821999999999999886e+01 1.998295101874402846e+00
1.823000000000000043e+01 2.007945125841129830e+00
1.823999999999999844e+01 2.011795929532828708e+00
1.825000000000000000e+01 2.004034328173406099e+00
1.826000000000000156e+01 2.001635540615359865e+00
1.826999999999999957e+01 2.000312111762097889e+00
1.828000000000000114e+01 2.002025656598931835e+00
1.828999999999999915e+01 2.006575786537905248e+00
1.830000000000000071e+01 2.011810272536270983e+00
1.830999999999999872e+01 2.008583236111518566e+00
1.832000000000000028e+01 2.005931485496726285e+00
1.832999999999999829e+01 2.011536853567304384e+00
1.833999999999999986e+01 2.013720320345372183e+00
1.835000000000000142e+01 2.011783189721530807e+00
1.835999999999999943e+01 2.017388156901390950e+00
1.837000000000000099e+01 2.017616348335458110e+00
1.837999999999999901e+01 2.003008432285303009e+00
1.839000000000000057e+01 2.006956140227239338e+00
1.839999999999999858e+01 2.002171867088576640e+00
1.841000000000000014e+01 2.007427140994621606e+00
1.842000000000000171e+01 2.007140646240947568e+00
1.842999999999999972e+01 2.020711455762144393e+00
1.844000000000000128e+01 2.006430764315388693e+00
1.844999999999999929e+01 2.011918516092511044e+00
1.846000000000000085e+01 2.009420053094859604e+00
1.846999999999999886e+01 2.006308816848814125e+00
1.848000000000000043e+01 2.004325867028653452e+00
1.848999999999999844e+01 2.009602083082766999e+00
1.850000000000000000e+01 2.006133317814967842e+00
1.851000000000000156e+01 2.003553122502949257e+00
1.851999999999999957e+01 2.006591828051923265e+00
1.853000000000000114e+01 2.010358114572771804e+00
1.853999999999999915e+01 2.007138108934942267e+00
1.855000000000000071e+01 2.011204028380114472e+00
1.855999999999999872e+01 2.003828963061464741e+00
1.857000000000000028e+01 2.004508053695004399e+00
1.857999999999999829e+01 2.005174735627703431e+00
1.858999999999999986e+01 2.013737054176881536e+00
1.860000000000000142e+01 2.001415292560145609e+00
1.860999999999999943e+01 2.012915088303060429e+00
1.862000000000000099e+01 2.003478757722311876e+00
1.862999999999999901e+01 2.004936991154421477e+00
1.864000000000000057e+01 2.001676415092247918e+00
1.864999999999999858e+01 2.005341306564091930e+00
1.866000000000000014e+01 2.013997464474088783e+00
1.867000000000000171e+01 2.008379495595574049e+00
1.867999999999999972e+01 2.008786425195042913e+00
1.869000000000000128e+01 2.013760431721806299e+00
1.869999999999999929e+01 2.009662088018685289e+00
1.871000000000000085e+01 2.008352878273144348e+00
1.871999999999999886e+01 2.006525193157846054e+00
1.873000000000000043e+01 2.006603066313881190e+00
1.873999999999999844e+01 2.001245597128555875e+00
1.875000000000000000e+01 2.004316310199791840e+00
1.876000000000000156e+01 2.004243080733604465e+00
1.876999999999999957e+01 2.003899357921318458e+00
1.878000000000000114e+01 2.006504090641818117e+00
1.878999999999999915e+01 2.000943876758759288e+00
1.880000000000000071e+01 2.002871394457363063e+00
1.880999999999999872e+01 2.011175897145549563e+00
1.882000000000000028e+01 1.998443119974845361e+00
1.882999999999999829e+01 1.997947689538473570e+00
1.883999999999999986e+01 1.997602637543167914e+00
1.885000000000000142e+01 2.001928362758756741e+00
1.885999999999999943e+01 2.004191073542660018e+00
1.887000000000000099e+01 1.999866568668629885e+00
1.887999999999999901e+01 2.003238772348767682e+00
1.889000000000000057e+01 1.998626211423475185e+00
1.889999999999999858e+01 2.005675906006502807e+00
1.891000000000000014e+01 2.007526234626934247e+00
1.892000000000000171e+01 2.002582821748190689e+00
1.892999999999999972e+01 2.004723036525240865e+00
1.894000000000000128e+01 2.000779277016986768e+00
1.894999999999999929e+01 2.010763839037047251e+00
1.896000000000000085e+01 2.007491293381073572e+00
1.896999999999999886e+01 2.000140574723280551e+00
1.898000000000000043e+01 2.008565767165026106e+00
1.898999999999999844e+01 1.997872686136296760e+00
1.900000000000000000e+01 2.004901582214427602e+00
1.901000000000000156e+01 2.004767262915843506e+00
1.901999999999999957e+01 2.006888836624727279e+00
1.903000000000000114e+01 2.001022444009841195e+00
1.903999999999999915e+01 1.997644965617239254e+00
1.905000000000000071e+01 2.003558021016433877e+00
1.905999999999999872e+01 2.003907664343867356e+00
1.907000000000000028e+01 1.998100535270244338e+00
1.907999999999999829e+01 2.002106850818667461e+00
1.908999999999999986e+01 1.999573443863948530e+00
1.910000000000000142e+01 1.999148427713300480e+00
1.910999999999999943e+01 2.007641316071264281e+00
1.912000000000000099e+01 2.004766978424454393e+00
1.912999999999999901e+01 2.003716682390288550e+00
1.914000000000000057e+01 1.999738414217013815e+00
1.914999999999999858e+01 2.008351769267361142e+00
1.916000000000000014e+01 2.006452925084263761e+00
1.917000000000000171e+01 2.001589804395285999e+00
1.917999999999999972e+01 2.004849692379665704e+00
1.919000000000000128e+01 2.008633192154324565e+00
1.919999999999999929e+01 1.999364846960633546e+00
1.921000000000000085e+01 2.006849009368257164e+00
1.921999999999999886e+01 2.010042500283891975e+00
1.923000000000000043e+01 2.005832042639359880e+00
1.923999999999999844e+01 2.006960265788106490e+00
1.925000000000000000e+01 2.006824383379903765e+00
1.926000000000000156e+01 2.007075637420998593e+00
1.926999999999999957e+01 2.009491389177198162e+00
1.928000000000000114e+01 2.013704659661418539e+00
1.928999999999999915e+01 2.010139219724612403e+00
1.930000000000000071e+01 2.011299036042244470e+00
1.930999999999999872e+01 2.013431954692387560e+00
1.932000000000000028e+01 2.009951854306604613e+00
1.932999999999999829e+01 2.012145095059241662e+00
1.933999999999999986e+01 2.009715074752335795e+00
1.935000000000000142e+01 2.005987308367052524e+00
1.935999999999999943e+01 2.008276103587681050e+00
1.937000000000000099e+01 2.010396203883643818e+00
1.937999999999999901e+01 2.009631044685336043e+00
1.939000000000000057e+01 2.008397440087152042e+00
1.939999999999999858e+01 2.008447859436769622e+00
1.941000000000000014e+01 2.004581641420486893e+00
1.942000000000000171e+01 2.001601757669398296e+00
1.942999999999999972e+01 2.001921722368874335e+00
1.944000000000000128e+01 1.996609735427346211e+00
1.944999999999999929e+01 2.004812456970460843e+00
1.946000000000000085e+01 2.009231124661680745e+00
1.946999999999999886e+01 2.001828262946654835e+00
1.948000000000000043e+01 2.017057188086267328e+00
1.948999999999999844e+01 2.007141536185561570e+00
1.950000000000000000e+01 2.011707000095941389e+00
1.951000000000000156e+01 2.008160647592923898e+00
1.951999999999999957e+01 2.008628180079090608e+00
1.953000000000000114e+01 2.014319021662654308e+00
1.953999999999999915e+01 2.014285110221977870e+00
1.955000000000000071e+01 2.005682511822865610e+00
1.955999999999999872e+01 2.012854757684763296e+00
1.957000000000000028e+01 2.006707220217951004e+00
1.957999999999999829e+01 2.005318043543186768e+00
1.958999999999999986e+01 2.001336481789970811e+00
1.960000000000000142e+01 2.010830930328012300e+00
1.960999999999999943e+01 2.007483180572192882e+00
1.962000000000000099e+01 2.000428978349375164e+00
1.962999999999999901e+01 2.006408741036471266e+00
1.964000000000000057e+01 2.000876998843846177e+00
1.964999999999999858e+01 2.007910233416867474e+00
1.966000000000000014e+01 2.006534538356332664e+00
1.967000000000000171e+01 2.010969868670581473e+00
1.967999999999999972e+01 2.007159152675598968e+00
1.969000000000000128e+01 2.005926870016117469e+00
1.969999999999999929e+01 2.002250787317044534e+00
1.971000000000000085e+01 2.001292551246042439e+00
1.971999999999999886e+01 2.006043403166748895e+00
1.973000000000000043e+01 2.002686295777817982e+00
1.973999999999999844e+01 1.997036884433924131e+00
1.975000000000000000e+01 2.001361086245318610e+00
1.976000000000000156e+01 2.002935082745278095e+00
1.976999999999999957e+01 2.000026731631508792e+00
1.978000000000000114e+01 1.996852791436236618e+00
1.978999999999999915e+01 1.996469594894537236e+00
1.980000000000000071e+01 1.994054071248244853e+00
1.980999999999999872e+01 1.997163802964116552e+00
1.982000000000000028e+01 2.003699223506600013e+00
1.982999999999999829e+01 2.009618451845705867e+00
1.983999999999999986e+01 2.007941845372168466e+00
1.985000000000000142e+01 2.003479655270629767e+00
1.985999999999999943e+01 2.002086708956583472e+00
1.987000000000000099e+01 2.002703338013855472e+00
1.987999999999999901e+01 2.002634021776267481e+00
1.989000000000000057e+01 2.001534160603060108e+00
1.989999999999999858e+01 2.006676755770954390e+00
1.991000000000000014e+01 2.005459877645538125e+00
1.992000000000000171e+01 2.005969070034941293e+00
1.992999999999999972e+01 2.004334822898149682e+00
1.994000000000000128e+01 2.003992409988105461e+00
1.994999999999999929e+01 2.006130424540373713e+00
1.996000000000000085e+01 2.000334283650236245e+00
1.996999999999999886e+01 2.011278635643093615e+00
1.998000000000000043e+01 2.000634025487189049e+00
1.998999999999999844e+01 2.003032005822703798e+00
2.000000000000000000e+01 2.002211349299491960e+00
2.001000000000000156e+01 2.003060669116327297e+00
2.001999999999999957e+01 2.002185535759925195e+00
2.003000000000000114e+01 2.010899411337293330e+00
2.003999999999999915e+01 2.003482834222547915e+00
2.005000000000000071e+01 2.005135675206631607e+00
2.005999999999999872e+01 2.003559511516004310e+00
2.007000000000000028e+01 2.009879358438610986e+00
2.007999999999999829e+01 2.003645026562680620e+00
2.008999999999999986e+01 2.002403500335539377e+00
2.010000000000000142e+01 1.997827359224161325e+00
2.010999999999999943e+01 2.003325105480625368e+00
2.012000000000000099e+01 2.008285617963261327e+00
2.012999999999999901e+01 2.007568684426666472e+00
2.014000000000000057e+01 2.004532382387238965e+00
2.014999999999999858e+01 2.011687095856641072e+00
2.016000000000000014e+01 2.004796391560246249e+00
2.017000000000000171e+01 2.001617149472890933e+00
2.017999999999999972e+01 1.998875192372953524e+00
2.019000000000000128e+01 2.000021134003008516e+00
2.019999999999999929e+01 2.004115252346187592e+00
2.021000000000000085e+01 2.002833657389812227e+00
2.021999999999999886e+01 2.001575097490930322e+00
2.023000000000000043e+01 2.009396231855269832e+00
2.023999999999999844e+01 2.003975540807333200e+00
2.025000000000000000e+01 2.008075460324479700e+00
2.026000000000000156e+01 2.002108979350674112e+00
2.026999999999999957e+01 1.999988307845494973e+00
2.028000000000000114e+01 2.006561374918622853e+00
2.028999999999999915e+01 1.999780533836685192e+00
2.030000000000000071e+01 2.001836962997524338e+00
2.030999999999999872e+01 2.005900957304147081e+00
2.032000000000000028e+01 2.002873854147763311e+00
2.032999999999999829e+01 2.005619147821784409e+00
2.033999999999999986e+01 1.999684858137354748e+00
2.035000000000000142e+01 2.003012923879539109e+00
2.035999999999999943e+01 2.008576724249172774e+00
2.037000000000000099e+01 2.005395461536316315e+00
2.037999999999999901e+01 2.006401837014271550e+00
2.039000000000000057e+01 2.009348947231977434e+00
2.039999999999999858e+01 2.012377604362795225e+00
2.041000000000000014e+01 2.006576249255790589e+00
2.042000000000000171e+01 2.015384729922002460e+00
2.042999999999999972e+01 2.004617331558681936e+00
2.044000000000000128e+01 2.014311642184698492e+00
2.044999999999999929e+01 2.009349481326152542e+00
2.046000000000000085e+01 2.012778074394860894e+00
2.046999999999999886e+01 2.002988365465599774e+00
2.048000000000000043e+01 2.011253707392744339e+00
2.048999999999999844e+01 2.003713901832243405e+00
2.050000000000000000e+01 2.003328086814448294e+00
2.051000000000000156e+01 2.006108195678249384e+00
2.051999999999999957e+01 2.007171190887176326e+00
2.053000000000000114e+01 2.006780348632051680e+00
2.053999999999999915e+01 2.003777343329919081e+00
2.055000000000000071e+01 2.003329803568868250e+00
2.055999999999999872e+01 2.003567573184143136e+00
2.057000000000000028e+01 2.003366014605419299e+00
2.057999999999999829e+01 1.998677404990326867e+00
2.058999999999999986e+01 2.003264370709568531e+00
2.060000000000000142e+01 2.006815821471412686e+00
2.060999999999999943e+01 1.995883584845126624e+00
2.062000000000000099e+01 2.003183255462696710e+00
2.062999999999999901e+01 2.000448178788314824e+00
2.064000000000000057e+01 1.999794819842837912e+00
2.064999999999999858e+01 2.002216634009517549e+00
2.066000000000000014e+01 2.007235707769714939e+00
2.067000000000000171e+01 2.014098391527271659e+00
2.067999999999999972e+01 2.000098907929886316e+00
2.069000000000000128e+01 1.997117219854084968e+00
2.069999999999999929e+01 1.998937226060221395e+00
2.071000000000000085e+01 2.001757376878647854e+00
2.071999999999999886e+01 1.999513590728987156e+00
2.073000000000000043e+01 2.000059159351512683e+00
2.073999999999999844e+01 2.000389194985140229e+00
2.075000000000000000e+01 1.998813054838313619e+00
2.076000000000000156e+01 2.003230742911998430e+00
2.076999999999999957e+01 2.015077319706746195e+00
2.078000000000000114e+01 2.005068888312913522e+00
2.078999999999999915e+01 2.018375757892346911e+00
2.080000000000000071e+01 2.011835940299723013e+00
2.080999999999999872e+01 2.008492509037839824e+00
2.082000000000000028e+01 2.010294210520837233e+00
2.082999999999999829e+01 2.004845537747003803e+00
2.083999999999999986e+01 2.009065213579719789e+00
2.085000000000000142e+01 2.010033787242675452e+00
2.085999999999999943e+01 2.007433755400342967e+00
2.087000000000000099e+01 2.008733457874344985e+00
2.087999999999999901e+01 2.004412070182963301e+00
2.089000000000000057e+01 2.018723725600618302e+00
2.089999999999999858e+01 2.004784208307794469e+00
2.091000000000000014e+01 2.000847145169518893e+00
2.092000000000000171e+01 2.012063174601962157e+00
2.092999999999999972e+01 2.009273550854260293e+00
2.094000000000000128e+01 2.005514236070572220e+00
2.094999999999999929e+01 2.009987624177242083e+00
2.096000000000000085e+01 2.006819438716636039e+00
2.096999999999999886e+01 2.001623028858322328e+00
2.098000000000000043e+01 2.011548169305284350e+00
2.098999999999999844e+01 2.000258408596232051e+00
2.100000000000000000e+01 2.004105986870800216e+00
2.101000000000000156e+01 2.010146414800177528e+00
2.101999999999999957e+01 2.004679115577716164e+00
2.103000000000000114e+01 2.007866010748689423e+00
2.103999999999999915e+01 2.002081290220449894e+00
2.105000000000000071e+01 2.006457012762697278e+00
2.105999999999999872e+01 1.995502896300078266e+00
2.107000000000000028e+01 2.001926306042917325e+00
2.107999999999999829e+01 2.009344610427860722e+00
2.108999999999999986e+01 2.009683670608621853e+00
2.110000000000000142e+01 2.003567549117859947e+00
2.110999999999999943e+01 2.006264817777485554e+00
2.112000000000000099e+01 2.005598266473441971e+00
2.112999999999999901e+01 2.003152885668524341e+00
2.114000000000000057e+01 1.995399976944246756e+00
2.114999999999999858e+01 2.001517374144335282e+00
2.116000000000000014e+01 2.002639591867040103e+00
2.117000000000000171e+01 2.009441174188231649e+00
2.117999999999999972e+01 2.014468597028998609e+00
2.119000000000000128e+01 2.007009749463961601e+00
2.119999999999999929e+01 2.007031455143858167e+00
2.121000000000000085e+01 2.001300035949582945e+00
2.121999999999999886e+01 2.009855870897434116e+00
2.123000000000000043e+01 2.003099651439317341e+00
2.123999999999999844e+01 2.002983539258493373e+00
2.125000000000000000e+01 2.003432214262285349e+00
2.126000000000000156e+01 2.009400739654819468e+00
2.126999999999999957e+01 2.008827576731282871e+00
2.128000000000000114e+01 2.010945676568346663e+00
2.128999999999999915e+01 2.004362623916384312e+00
2.130000000000000071e+01 2.006062097987919568e+00
2.130999999999999872e+01 2.003296923279828334e+00
2.132000000000000028e+01 2.000326165727522643e+00
2.132999999999999829e+01 2.004727890971238047e+00
2.133999999999999986e+01 2.003358291839929972e+00
2.135000000000000142e+01 2.002858374299726130e+00
2.135999999999999943e+01 2.007805539313578969e+00
2.137000000000000099e+01 2.001186563410351837e+00
2.137999999999999901e+01 2.002247378265024746e+00
2.139000000000000057e+01 1.996855898876721325e+00
2.139999999999999858e+01 1.996942703599801971e+00
2.141000000000000014e+01 2.006400031916578008e+00
2.142000000000000171e+01 1.998975636022893188e+00
2.142999999999999972e+01 2.001549466684292344e+00
2.144000000000000128e+01 1.998160685685261173e+00
2.144999999999999929e+01 1.998070064768639797e+00
2.146000000000000085e+01 2.001372658460876419e+00
2.146999999999999886e+01 2.006517583635727853e+00
2.148000000000000043e+01 2.000373115912289723e+00
2.148999999999999844e+01 2.000381713132036943e+00
2.150000000000000000e+01 2.002353860681916675e+00
2.151000000000000156e+01 2.006438164086850939e+00
2.151999999999999957e+01 2.001537445427028938e+00
2.153000000000000114e+01 2.004864285391033896e+00
2.153999999999999915e+01 2.005642899798457890e+00
2.155000000000000071e+01 2.004757300193960923e+00
2.155999999999999872e+01 2.003776835460564065e+00
2.157000000000000028e+01 1.997668380933459220e+00
2.157999999999999829e+01 2.006687496906222723e+00
2.158999999999999986e+01 1.994083655413868339e+00
2.160000000000000142e+01 1.999381820156967304e+00
2.160999999999999943e+01 2.004302790688707425e+00
2.162000000000000099e+01 2.007984697006557795e+00
2.162999999999999901e+01 1.999827070501047244e+00
2.164000000000000057e+01 2.005049957129209304e+00
2.164999999999999858e+01 2.002984923966855568e+00
2.166000000000000014e+01 2.003445233388239100e+00
2.167000000000000171e+01 1.999709076813702024e+00
2.167999999999999972e+01 2.003573426196378016e+00
2.169000000000000128e+01 2.012881763903345611e+00
2.169999999999999929e+01 2.012225050808801097e+00
2.171000000000000085e+01 2.004822807204178936e+00
2.171999999999999886e+01 2.000168811386465073e+00
2.173000000000000043e+01 2.006116298748099602e+00
2.173999999999999844e+01 2.002345051960002564e+00
2.175000000000000000e+01 2.001549485495906389e+00
2.176000000000000156e+01 2.008217006421634476e+00
2.176999999999999957e+01 2.008128535473312049e+00
2.178000000000000114e+01 2.008368120048685590e+00
2.178999999999999915e+01 2.009408014682738219e+00
2.180000000000000071e+01 2.000734663206330310e+00
2.180999999999999872e+01 2.002644075600914064e+00
2.182000000000000028e+01 2.007269209476721272e+00
2.182999999999999829e+01 2.005647648817336037e+00
2.183999999999999986e+01 2.000750614093606217e+00
2.185000000000000142e+01 2.005956419304627314e+00
2.185999999999999943e+01 2.008518229290891188e+00
2.187000000000000099e+01 2.008568909401939884e+00
2.187999999999999901e+01 2.005163973387931176e+00
2.189000000000000057e+01 2.007658603883132553e+00
2.189999999999999858e+01 2.006958013743060043e+00
2.191000000000000014e+01 2.009966493331654558e+00
2.192000000000000171e+01 2.007392209759546020e+00
2.192999999999999972e+01 2.015459711592883174e+00
2.194000000000000128e+01 2.010424735301010291e+00
2.194999999999999929e+01 2.007676700392828195e+00
2.196000000000000085e+01 2.008571307241532544e+00
2.196999999999999886e+01 2.000933909649474707e+00
2.198000000000000043e+01 2.003639449473266332e+00
2.198999999999999844e+01 2.003063522359866955e+00
2.200000000000000000e+01 1.995940937714486996e+00
2.201000000000000156e+01 2.001509680347444586e+00
2.201999999999999957e+01 2.003183144542101779e+00
2.203000000000000114e+01 2.003242489028065787e+00
2.203999999999999915e+01 2.004160634671089181e+00
2.205000000000000071e+01 1.997815096399720103e+00
2.205999999999999872e+01 2.003886022629871810e+00
2.207000000000000028e+01 2.006501096044709165e+00
2.207999999999999829e+01 2.010971530607378988e+00
2.208999999999999986e+01 2.006622277347197336e+00
2.210000000000000142e+01 2.005751871196941316e+00
2.210999999999999943e+01 2.004496162731363551e+00
2.212000000000000099e+01 2.004972131598988572e+00
2.212999999999999901e+01 2.013727532190273006e+00
2.214000000000000057e+01 2.013388940561111173e+00
2.214999999999999858e+01 2.012531499443104721e+00
2.216000000000000014e+01 2.007343859536319108e+00
2.217000000000000171e+01 2.010672998306996639e+00
2.217999999999999972e+01 2.002849697961295306e+00
2.219000000000000128e+01 2.001808092494760771e+00
2.219999999999999929e+01 2.003252063986646903e+00
2.221000000000000085e+01 2.004577200080988941e+00
2.221999999999999886e+01 2.007660341967302919e+00
2.223000000000000043e+01 2.001075306415327049e+00
2.223999999999999844e+01 2.005841343685884404e+00
2.225000000000000000e+01 2.004478415156563553e+00
2.226000000000000156e+01 2.007235671104438790e+00
2.226999999999999957e+01 2.016294913658152943e+00
2.228000000000000114e+01 2.006535006804558652e+00
2.228999999999999915e+01 2.006600010263272615e+00
2.230000000000000071e+01 2.000660088520121338e+00
2.230999999999999872e+01 2.004318118699805140e+00
2.232000000000000028e+01 2.004291181820962997e+00
2.232999999999999829e+01 2.003430647088187300e+00
2.233999999999999986e+01 2.001979296537056641e+00
2.235000000000000142e+01 2.007326948340700579e+00
2.235999999999999943e+01 2.010370286241295545e+00
2.237000000000000099e+01 2.001583525861636126e+00
2.237999999999999901e+01 2.004333838564244186e+00
2.239000000000000057e+01 2.004200508979982587e+00
2.239999999999999858e+01 2.000116827372802497e+00
2.241000000000000014e+01 2.007432480965360089e+00
2.242000000000000171e+01 2.003609616317089781e+00
2.242999999999999972e+01 2.006333363190074603e+00
2.244000000000000128e+01 2.002305260809899234e+00
2.244999999999999929e+01 2.008977388220615001e+00
2.246000000000000085e+01 2.006411181170364877e+00
2.246999999999999886e+01 1.997011980405920095e+00
2.248000000000000043e+01 2.002736095029105989e+00
2.248999999999999844e+01 2.001662508205272140e+00
2.250000000000000000e+01 2.001134274399721580e+00
2.251000000000000156e+01 1.996937917818922159e+00
2.251999999999999957e+01 2.001164802412416677e+00
2.253000000000000114e+01 2.004386396243017288e+00
2.253999999999999915e+01 2.002978334467594657e+00
2.255000000000000071e+01 2.008680236201136449e+00
2.255999999999999872e+01 2.002710984166791164e+00
2.257000000000000028e+01 2.007847786301094395e+00
2.257999999999999829e+01 2.006023254550185264e+00
2.258999999999999986e+01 2.003131905872792551e+00
2.260000000000000142e+01 2.005947925170179946e+00
2.260999999999999943e+01 2.008070634431823542e+00
2.262000000000000099e+01 2.014691057777057814e+00
2.262999999999999901e+01 2.008730531777291439e+00
2.264000000000000057e+01 2.007026195286017334e+00
2.264999999999999858e+01 2.001329291305761426e+00
2.266000000000000014e+01 2.010025162795594511e+00
2.267000000000000171e+01 2.011964712297731328e+00
2.267999999999999972e+01 2.004964112699862966e+00
2.269000000000000128e+01 2.005131555617142514e+00
2.269999999999999929e+01 2.004444194636900267e+00
2.271000000000000085e+01 2.009387218983776702e+00
2.271999999999999886e+01 2.007088908487071333e+00
2.273000000000000043e+01 2.008147363649845030e+00
2.273999999999999844e+01 2.017147323567099804e+00
2.275000000000000000e+01 2.004746930875044075e+00
2.276000000000000156e+01 2.003445753451633671e+00
2.276999999999999957e+01 2.009317246261661971e+00
2.278000000000000114e+01 2.008508666639419182e+00
2.278999999999999915e+01 2.004726258457521837e+00
2.280000000000000071e+01 2.007225259527418704e+00
2.280999999999999872e+01 2.009982757075101656e+00
2.282000000000000028e+01 2.004178815836639149e+00
2.282999999999999829e+01 2.005385785551989208e+00
2.283999999999999986e+01 2.006259092958159851e+00
2.285000000000000142e+01 2.007015035529839064e+00
2.285999999999999943e+01 2.009278838779448240e+00
2.287000000000000099e+01 1.998253865139493879e+00
2.287999999999999901e+01 2.002883803122288864e+00
2.289000000000000057e+01 2.001963233199187453e+00
2.289999999999999858e+01 1.998160428189793336e+00
2.291000000000000014e+01 2.002263062109554514e+00
2.292000000000000171e+01 2.007071026616521259e+00
2.292999999999999972e+01 2.001640851312658675e+00
2.294000000000000128e+01 2.004652764924886199e+00
2.294999999999999929e+01 2.000679520709490067e+00
2.296000000000000085e+01 2.003823083639477254e+00
2.296999999999999886e+01 2.010665571532224583e+00
2.298000000000000043e+01 2.005129412511380771e+00
2.298999999999999844e+01 2.002333733655295323e+00
2.300000000000000000e+01 2.001936517169050855e+00
2.301000000000000156e+01 2.007872347054899365e+00
2.301999999999999957e+01 2.007253051617983619e+00
2.303000000000000114e+01 2.005041073415489983e+00
2.303999999999999915e+01 2.013976718185851666e+00
2.305000000000000071e+01 2.009814559977773918e+00
2.305999999999999872e+01 2.009165294632002663e+00
2.307000000000000028e+01 2.008426135885392316e+00
2.307999999999999829e+01 2.008740854657891539e+00
2.308999999999999986e+01 2.001887143019625448e+00
2.310000000000000142e+01 2.006521693614605528e+00
2.310999999999999943e+01 2.008135264313890556e+00
2.312000000000000099e+01 2.002471073327109607e+00
2.312999999999999901e+01 2.004135265380995179e+00
2.314000000000000057e+01 2.003640275451083586e+00
2.314999999999999858e+01 1.997201904446637144e+00
2.316000000000000014e+01 2.003815346208720705e+00
2.317000000000000171e+01 2.002652535359004560e+00
2.317999999999999972e+01 2.008910596693911366e+00
2.319000000000000128e+01 2.005251967706098704e+00
2.319999999999999929e+01 2.006657882333789278e+00
2.321000000000000085e+01 2.006600961396341809e+00
2.321999999999999886e+01 2.004519291662536951e+00
2.323000000000000043e+01 2.006960743723708696e+00
2.323999999999999844e+01 2.008607717322399289e+00
2.325000000000000000e+01 2.005337038141219885e+00
2.326000000000000156e+01 2.010263983140310629e+00
2.326999999999999957e+01 1.999263300588415504e+00
2.328000000000000114e+01 2.002404199687069841e+00
2.328999999999999915e+01 2.005740718301850745e+00
2.330000000000000071e+01 2.002887430467525043e+00
2.330999999999999872e+01 1.997635766308673677e+00
2.332000000000000028e+01 2.008495585111738535e+00
2.332999999999999829e+01 2.001911929373648924e+00
2.333999999999999986e+01 1.999977788260821843e+00
2.335000000000000142e+01 2.004677766663490068e+00
2.335999999999999943e+01 1.999338839160663683e+00
2.337000000000000099e+01 2.004319581614809387e+00
2.337999999999999901e+01 1.998432738737892844e+00
2.339000000000000057e+01 2.002492805817405408e+00
2.339999999999999858e+01 2.002165036187573133e+00
2.341000000000000014e+01 2.002326370641960729e+00
2.342000000000000171e+01 2.007824882687233803e+00
2.342999999999999972e+01 2.002119165568071235e+00
2.344000000000000128e+01 2.005028423927625258e+00
2.344999999999999929e+01 2.001943239044475575e+00
2.346000000000000085e+01 2.006367487308212905e+00
2.346999999999999886e+01 2.003220261111656519e+00
2.348000000000000043e+01 2.002443523220518884e+00
2.348999999999999844e+01 2.003982041538157954e+00
2.350000000000000000e+01 2.002208311599082968e+00
2.351000000000000156e+01 2.005407984020410872e+00
2.351999999999999957e+01 2.005353723582845138e+00
2.353000000000000114e+01 2.007134916952459047e+00
2.353999999999999915e+01 2.002016545141656056e+00
2.355000000000000071e+01 2.006932853233814207e+00
2.355999999999999872e+01 2.006661889689504541e+00
2.357000000000000028e+01 2.007718917116123158e+00
2.357999999999999829e+01 2.004543528585711165e+00
2.358999999999999986e+01 2.006028090594730973e+00
2.360000000000000142e+01 2.007097157158894696e+00
2.360999999999999943e+01 2.005655967899605763e+00
2.362000000000000099e+01 2.010485300088415528e+00
2.362999999999999901e+01 2.002749615075313905e+00
2.364000000000000057e+01 2.005252704147671761e+00
2.364999999999999858e+01 2.007802762275212594e+00
2.366000000000000014e+01 2.003830908759984375e+00
2.367000000000000171e+01 2.003951964589902435e+00
2.367999999999999972e+01 2.006923209540166120e+00
2.369000000000000128e+01 2.006634639037381262e+00
2.369999999999999929e+01 2.009916478427921760e+00
2.371000000000000085e+01 2.004749125608383586e+00
2.371999999999999886e+01 2.009997203927709197e+00
2.373000000000000043e+01 2.002376979764181719e+00
2.373999999999999844e+01 2.008190349312619194e+00
2.375000000000000000e+01 2.006993398910151605e+00
2.376000000000000156e+01 2.008438130822209011e+00
2.376999999999999957e+01 2.008678988909037066e+00
2.378000000000000114e+01 2.009480149963245754e+00
2.378999999999999915e+01 2.003785186010961450e+00
2.380000000000000071e+01 2.007802887063781849e+00
2.380999999999999872e+01 2.007978267847065013e+00
2.382000000000000028e+01 2.009011328609517033e+00
2.382999999999999829e+01 2.006342135203761146e+00
2.383999999999999986e+01 2.008573217467156447e+00
2.385000000000000142e+01 2.005139644635170360e+00
2.385999999999999943e+01 1.999844585666512575e+00
2.387000000000000099e+01 1.994533961140512845e+00
2.387999999999999901e+01 2.000246521313519210e+00
2.389000000000000057e+01 2.002053384590119833e+00
2.389999999999999858e+01 2.007907651088571832e+00
2.391000000000000014e+01 1.996482952253997967e+00
2.392000000000000171e+01 2.005455682812146812e+00
2.392999999999999972e+01 1.999039944431334259e+00
2.394000000000000128e+01 2.006513600002677755e+00
2.394999999999999929e+01 2.001245928234784532e+00
2.396000000000000085e+01 2.002058185959407322e+00
2.396999999999999886e+01 2.000358610408243809e+00
2.398000000000000043e+01 2.002488011012204527e+00
2.398999999999999844e+01 2.000766259283194959e+00
2.400000000000000000e+01 2.007584442351581622e+00
2.401000000000000156e+01 2.006911461845698241e+00
2.401999999999999957e+01 2.005649285725061404e+00
2.403000000000000114e+01 2.002588904283084226e+00
2.403999999999999915e+01 2.006857477817471036e+00
2.405000000000000071e+01 2.010008594690575023e+00
2.405999999999999872e+01 2.002881617792808377e+00
2.407000000000000028e+01 2.011090326489512137e+00
2.407999999999999829e+01 2.007899827578531138e+00
2.408999999999999986e+01 2.000784706160112059e+00
2.410000000000000142e+01 2.000733107701759828e+00
2.410999999999999943e+01 2.005373019646947697e+00
2.412000000000000099e+01 2.008186735998042760e+00
2.412999999999999901e+01 2.016989959700798529e+00
2.414000000000000057e+01 2.006385723930739218e+00
2.414999999999999858e+01 2.008707317047392582e+00
2.416000000000000014e+01 2.005340033128014454e+00
2.417000000000000171e+01 2.008424181922376039e+00
2.417999999999999972e+01 1.998284505283486112e+00
2.419000000000000128e+01 1.992906464825691115e+00
2.419999999999999929e+01 2.002455528984107502e+00
2.421000000000000085e+01 2.006907576604105792e+00
2.421999999999999886e+01 2.013654700487220062e+00
2.423000000000000043e+01 2.007825516851287517e+00
2.423999999999999844e+01 2.002530744827295095e+00
2.425000000000000000e+01 2.006704827989851392e+00
2.426000000000000156e+01 2.007641178300013429e+00
2.426999999999999957e+01 2.005282839230093650e+00
2.428000000000000114e+01 1.998969779253818357e+00
2.428999999999999915e+01 2.006126553284410807e+00
2.430000000000000071e+01 2.003685569089689977e+00
2.430999999999999872e+01 2.005111849368833798e+00
2.432000000000000028e+01 1.999583847153090677e+00
2.432999999999999829e+01 1.999430472288057370e+00
2.433999999999999986e+01 2.003371435325695948e+00
2.435000000000000142e+01 2.002767282445603758e+00
2.435999999999999943e+01 2.009369169951980894e+00
2.437000000000000099e+01 2.001594122740922632e+00
2.437999999999999901e+01 1.998459372329596251e+00
2.439000000000000057e+01 2.002955118991794237e+00
2.439999999999999858e+01 2.006973068852000441e+00
2.441000000000000014e+01 2.007989406379446784e+00
2.442000000000000171e+01 2.001266837107310792e+00
2.442999999999999972e+01 1.999925914119494719e+00
2.444000000000000128e+01 2.001499129699658930e+00
2.444999999999999929e+01 1.998092657087461088e+00
2.446000000000000085e+01 1.999865634699166339e+00
2.446999999999999886e+01 1.999506003541632326e+00
2.448000000000000043e+01 2.000722224046283859e+00
2.448999999999999844e+01 2.001575051966471896e+00
2.450000000000000000e+01 2.002952587340341761e+00
2.451000000000000156e+01 1.997985814591552778e+00
2.451999999999999957e+01 2.002091269139849139e+00
2.453000000000000114e+01 2.002534334331205201e+00
2.453999999999999915e+01 2.001200474154261943e+00
2.455000000000000071e+01 2.007488877426919949e+00
2.455999999999999872e+01 2.005353902353366635e+00
2.457000000000000028e+01 1.995564171535558318e+00
2.457999999999999829e+01 1.994640902012305705e+00
2.458999999999999986e+01 1.998131456456418320e+00
2.460000000000000142e+01 1.995441495086051287e+00
2.460999999999999943e+01 2.004936828556925565e+00
2.462000000000000099e+01 2.007109119892986904e+00
2.462999999999999901e+01 2.005381215099170777e+00
2.464000000000000057e+01 2.002025003397696956e+00
2.464999999999999858e+01 1.998046460132567148e+00
2.466000000000000014e+01 1.995151160189635009e+00
2.467000000000000171e+01 1.996255824880845298e+00
2.467999999999999972e+01 1.997725470698263450e+00
2.469000000000000128e+01 1.997984667067275621e+00
2.469999999999999929e+01 1.998137567486239163e+00
2.471000000000000085e+01 2.001404077898748302e+00
2.471999999999999886e+01 1.993333140935249492e+00
2.473000000000000043e+01 1.995241169906928791e+00
2.473999999999999844e+01 2.001751431792407665e+00
2.475000000000000000e+01 2.005549521219035292e+00
2.476000000000000156e+01 2.011741815615164519e+00
2.476999999999999957e+01 2.006571055776966261e+00
2.478000000000000114e+01 2.002977267067943323e+00
2.478999999999999915e+01 2.005600447684242393e+00
2.480000000000000071e+01 2.009535283610629719e+00
2.480999999999999872e+01 2.003618681614923958e+00
2.482000000000000028e+01 2.003000595089583058e+00
2.482999999999999829e+01 2.003976184373851943e+00
2.483999999999999986e+01 1.997040898657771235e+00
2.485000000000000142e+01 2.003778794403829000e+00
2.485999999999999943e+01 1.995145092407180076e+00
2.487000000000000099e+01 1.995886027019292852e+00
2.487999999999999901e+01 1.998372090639719545e+00
2.489000000000000057e+01 1.993117436595072789e+00
2.489999999999999858e+01 1.999359177526206510e+00
2.491000000000000014e+01 1.999451493294468918e+00
2.492000000000000171e+01 2.000479139804924866e+00
2.492999999999999972e+01 1.996296285002286952e+00
2.494000000000000128e+01 2.001129125751806903e+00
2.494999999999999929e+01 2.001561691641135177e+00
2.496000000000000085e+01 2.003358961589008835e+00
2.496999999999999886e+01 2.006737718701435025e+00
2.498000000000000043e+01 2.002950442588967928e+00
2.498999999999999844e+01 1.998924826761664164e+00
2.500000000000000000e+01 1.993501418844467965e+00
2.501000000000000156e+01 1.994771137849155718e+00
2.501999999999999957e+01 2.002095255329441770e+00
2.503000000000000114e+01 2.006018541441283887e+00
2.503999999999999915e+01 1.998472755454016481e+00
2.505000000000000071e+01 2.005506059197458946e+00
2.505999999999999872e+01 2.002735009098128849e+00
2.507000000000000028e+01 1.996408745390275907e+00
2.507999999999999829e+01 2.003403642435581666e+00
2.508999999999999986e+01 2.000189305564315401e+00
2.510000000000000142e+01 2.004149989120469932e+00
2.510999999999999943e+01 1.996941072191497524e+00
2.512000000000000099e+01 1.998810914091444291e+00
2.512999999999999901e+01 2.002559470934812236e+00
2.514000000000000057e+01 1.998475026463436111e+00
2.514999999999999858e+01 1.997579484816560225e+00
2.516000000000000014e+01 1.999687833413975158e+00
2.517000000000000171e+01 2.005727564650831685e+00
2.517999999999999972e+01 2.005752402480104557e+00
2.519000000000000128e+01 2.005920399991749647e+00
2.519999999999999929e+01 2.002735753141222208e+00
2.521000000000000085e+01 2.009772363844546383e+00
2.521999999999999886e+01 2.006566867752137107e+00
2.523000000000000043e+01 2.003202093684799845e+00
2.523999999999999844e+01 1.999520400153643296e+00
2.525000000000000000e+01 1.998206165545859836e+00
2.526000000000000156e+01 1.997614131066538734e+00
2.526999999999999957e+01 1.993002019999893903e+00
2.528000000000000114e+01 1.995925457695511440e+00
2.528999999999999915e+01 1.994880621971505175e+00
2.530000000000000071e+01 1.999862900172864499e+00
2.530999999999999872e+01 2.001115680188468193e+00
2.532000000000000028e+01 2.001532982679437911e+00
2.532999999999999829e+01 1.999275613413814767e+00
2.533999999999999986e+01 1.997740459180013861e+00
2.535000000000000142e+01 1.997370648255529790e+00
2.535999999999999943e+01 2.000954917511815534e+00
2.537000000000000099e+01 1.999637027989972893e+00
2.537999999999999901e+01 2.001664800642356745e+00
2.539000000000000057e+01 1.996861602005221004e+00
2.539999999999999858e+01 1.999821175621452340e+00
2.541000000000000014e+01 2.005511631707265430e+00
2.542000000000000171e+01 1.992552884367926769e+00
2.542999999999999972e+01 2.000641354440884090e+00
2.544000000000000128e+01 1.995154793653305392e+00
2.544999999999999929e+01 1.993359171586748246e+00
2.546000000000000085e+01 1.988938806372763768e+00
2.546999999999999886e+01 1.997398267092842961e+00
2.548000000000000043e+01 1.987610922111532563e+00
2.548999999999999844e+01 2.000785204193684663e+00
2.550000000000000000e+01 2.006247718883068298e+00
2.551000000000000156e+01 1.994291559359534061e+00
2.551999999999999957e+01 1.992670596077467549e+00
2.553000000000000114e+01 1.990992712826103128e+00
2.553999999999999915e+01 1.993208714298015494e+00
2.555000000000000071e+01 2.003468860897458903e+00
2.555999999999999872e+01 1.990683895612432197e+00
2.557000000000000028e+01 2.004180488165739682e+00
2.557999999999999829e+01 1.997900463324344456e+00
2.558999999999999986e+01 1.998948161771509913e+00
2.560000000000000142e+01 1.999459643981619905e+00
2.560999999999999943e+01 2.006618354610234967e+00
2.562000000000000099e+01 1.993150268583632201e+00
2.562999999999999901e+01 2.002298278191985581e+00
2.564000000000000057e+01 1.998421189283810850e+00
2.564999999999999858e+01 2.001931188041650156e+00
2.566000000000000014e+01 1.991730362893399331e+00
2.567000000000000171e+01 2.003919350039288005e+00
2.567999999999999972e+01 1.998442409059458580e+00
2.569000000000000128e+01 1.994711131410610516e+00
2.569999999999999929e+01 2.001513028915280934e+00
2.571000000000000085e+01 2.002566197872826415e+00
2.571999999999999886e+01 1.996011619694538552e+00
2.573000000000000043e+01 2.001058609923596965e+00
2.573999999999999844e+01 1.999261109616771392e+00
2.575000000000000000e+01 2.000488666988587294e+00
2.576000000000000156e+01 2.005719786267619931e+00
2.576999999999999957e+01 2.003446782813847360e+00
2.578000000000000114e+01 2.006063583207094769e+00
2.578999999999999915e+01 1.998982354927359095e+00
2.580000000000000071e+01 2.004267230306567615e+00
2.580999999999999872e+01 1.993308894169918632e+00
2.582000000000000028e+01 2.003146693869777728e+00
2.582999999999999829e+01 2.003712266239776163e+00
2.583999999999999986e+01 1.998961879247850293e+00
2.585000000000000142e+01 2.000773200444294186e+00
2.585999999999999943e+01 1.996445138974615841e+00
2.587000000000000099e+01 2.000531665467338183e+00
2.587999999999999901e+01 1.998895278797906627e+00
2.589000000000000057e+01 1.998405200319711694e+00
2.589999999999999858e+01 1.998014336032718052e+00
2.591000000000000014e+01 1.999576654733191017e+00
2.592000000000000171e+01 1.993778334221157689e+00
2.592999999999999972e+01 2.006413752572052900e+00
2.594000000000000128e+01 2.000245537155392661e+00
2.594999999999999929e+01 1.998157474465210637e+00
2.596000000000000085e+01 2.001036736661018445e+00
2.596999999999999886e+01 2.003464903135243169e+00
2.598000000000000043e+01 2.001444530786793408e+00
2.598999999999999844e+01 1.998535412688462243e+00
2.600000000000000000e+01 1.995889813374653432e+00
2.601000000000000156e+01 2.001964568145063517e+00
2.601999999999999957e+01 1.997051979042934633e+00
2.603000000000000114e+01 2.000053468863140615e+00
2.603999999999999915e+01 1.998431502775461110e+00
2.605000000000000071e+01 1.999481345803615584e+00
2.605999999999999872e+01 1.999182058989367849e+00
2.607000000000000028e+01 1.996915110659913895e+00
2.607999999999999829e+01 1.995898843041267412e+00
2.608999999999999986e+01 1.996982878679782747e+00
2.610000000000000142e+01 1.999140634896812374e+00
2.610999999999999943e+01 1.997181575089632233e+00
2.612000000000000099e+01 1.995732417438776052e+00
2.612999999999999901e+01 2.000102517061765450e+00
2.614000000000000057e+01 2.000244197011399105e+00
2.614999999999999858e+01 1.997781838093005247e+00
2.616000000000000014e+01 2.004790524637675375e+00
2.617000000000000171e+01 1.998527547331641729e+00
2.617999999999999972e+01 1.997820286973947645e+00
2.619000000000000128e+01 1.994734151773923658e+00
2.619999999999999929e+01 1.991538741956966119e+00
2.621000000000000085e+01 1.999632818558439551e+00
2.621999999999999886e+01 1.994699365048113959e+00
2.623000000000000043e+01 1.992931650012231826e+00
2.623999999999999844e+01 1.995653052180325293e+00
2.625000000000000000e+01 1.997245843804601240e+00
2.626000000000000156e+01 1.994885631488977129e+00
2.626999999999999957e+01 1.992954999509410241e+00
2.628000000000000114e+01 1.998531726476781456e+00
2.628999999999999915e+01 1.998474748357739417e+00
2.630000000000000071e+01 1.994693224308254242e+00
2.630999999999999872e+01 1.987070062592156461e+00
2.632000000000000028e+01 1.991600376937531891e+00
2.632999999999999829e+01 1.994683600866076656e+00
2.633999999999999986e+01 1.993720881311102033e+00
2.635000000000000142e+01 1.994549218830766746e+00
2.635999999999999943e+01 1.993513121370979135e+00
2.637000000000000099e+01 2.000161249484031067e+00
2.637999999999999901e+01 1.998448931514190674e+00
2.639000000000000057e+01 1.995394061216654524e+00
2.639999999999999858e+01 1.999473661047913797e+00
2.641000000000000014e+01 1.995965591287091501e+00
2.642000000000000171e+01 1.993111135922243093e+00
2.642999999999999972e+01 1.996659652051550271e+00
2.644000000000000128e+01 1.992700936306484483e+00
2.644999999999999929e+01 1.997516667782663902e+00
2.646000000000000085e+01 1.990716442510498840e+00
2.646999999999999886e+01 1.989714741750620464e+00
2.648000000000000043e+01 1.995688323620424587e+00
2.648999999999999844e+01 1.995103545886953711e+00
2.650000000000000000e+01 1.994300516889014663e+00
2.651000000000000156e+01 1.989986473858866400e+00
2.651999999999999957e+01 1.989909658390586200e+00
2.653000000000000114e+01 1.988701016566632562e+00
2.653999999999999915e+01 1.992752437300337576e+00
2.655000000000000071e+01 1.998146861865104373e+00
2.655999999999999872e+01 1.999867668390139075e+00
2.657000000000000028e+01 1.994616307848594783e+00
2.657999999999999829e+01 1.997774267884776522e+00
2.658999999999999986e+01 2.000174410954770110e+00
2.660000000000000142e+01 1.994639065330578331e+00
2.660999999999999943e+01 1.993764203009375180e+00
2.662000000000000099e+01 2.002985490299963534e+00
2.662999999999999901e+01 1.996129365544879519e+00
2.664000000000000057e+01 2.002312917881576837e+00
2.664999999999999858e+01 1.996893950454756039e+00
2.666000000000000014e+01 2.000494241727078126e+00
2.667000000000000171e+01 1.996085589867252708e+00
2.667999999999999972e+01 1.996756856775928624e+00
2.669000000000000128e+01 1.994418369872522190e+00
2.669999999999999929e+01 2.000639717553555741e+00
2.671000000000000085e+01 1.995425280137074209e+00
2.671999999999999886e+01 2.003948207057482556e+00
2.673000000000000043e+01 2.005000846803091097e+00
2.673999999999999844e+01 2.003840783600002506e+00
2.675000000000000000e+01 2.001936304444674519e+00
2.676000000000000156e+01 1.991878012964588551e+00
2.676999999999999957e+01 1.998098841625715050e+00
2.678000000000000114e+01 2.001384561747285851e+00
2.678999999999999915e+01 1.994179587866287573e+00
2.680000000000000071e+01 1.997941309229143148e+00
2.680999999999999872e+01 1.999074032476916285e+00
2.682000000000000028e+01 1.998116056473536073e+00
2.682999999999999829e+01 1.995371700196142184e+00
2.683999999999999986e+01 1.997831992221552166e+00
2.685000000000000142e+01 1.998609159122689549e+00
2.685999999999999943e+01 1.996809139820371781e+00
2.687000000000000099e+01 1.995189888603302819e+00
2.687999999999999901e+01 1.998189636509931422e+00
2.689000000000000057e+01 1.992641198930127144e+00
2.689999999999999858e+01 1.999239798822382230e+00
2.691000000000000014e+01 1.992664358713116313e+00
2.692000000000000171e+01 1.995133094525095796e+00
2.692999999999999972e+01 1.993828917181754701e+00
2.694000000000000128e+01 1.992463377144263914e+00
2.694999999999999929e+01 1.992030191503834313e+00
2.696000000000000085e+01 1.992576345489489809e+00
2.696999999999999886e+01 1.994741694474429394e+00
2.698000000000000043e+01 1.992428239174821147e+00
2.698999999999999844e+01 2.002474685263996523e+00
2.700000000000000000e+01 1.995058930516476092e+00
2.701000000000000156e+01 1.999670643610526710e+00
2.701999999999999957e+01 1.996074426668972945e+00
2.703000000000000114e+01 1.991256922255031370e+00
2.703999999999999915e+01 1.993005464957545714e+00
2.705000000000000071e+01 1.994472899102321950e+00
2.705999999999999872e+01 1.987788495412681211e+00
2.707000000000000028e+01 1.986856457448714419e+00
2.707999999999999829e+01 1.996762152233317433e+00
2.708999999999999986e+01 1.991338741659259615e+00
2.710000000000000142e+01 1.990249100492365031e+00
2.710999999999999943e+01 1.987767746389373924e+00
2.712000000000000099e+01 1.993647083258143438e+00
2.712999999999999901e+01 1.994027464333776312e+00
2.714000000000000057e+01 1.993568659761362882e+00
2.714999999999999858e+01 1.994033939158390556e+00
2.716000000000000014e+01 1.993210016350797087e+00
2.717000000000000171e+01 1.992189691961761655e+00
2.717999999999999972e+01 1.992232130049396588e+00
2.719000000000000128e+01 1.994488837765728828e+00
2.719999999999999929e+01 1.989237724145104469e+00
2.721000000000000085e+01 1.993536345504743679e+00
2.721999999999999886e+01 1.997816030581284208e+00
2.723000000000000043e+01 1.995519002679793319e+00
2.723999999999999844e+01 1.995628399942066533e+00
2.725000000000000000e+01 1.983737193115378217e+00
2.726000000000000156e+01 1.995968578442153696e+00
2.726999999999999957e+01 1.998538169071378379e+00
2.728000000000000114e+01 1.996206418778348368e+00
2.728999999999999915e+01 1.996481570713749321e+00
2.730000000000000071e+01 1.991375607465377229e+00
2.730999999999999872e+01 1.990790333277110857e+00
2.732000000000000028e+01 1.999630872383459934e+00
2.732999999999999829e+01 1.990676925615293857e+00
2.733999999999999986e+01 1.989896664233904433e+00
2.735000000000000142e+01 1.986442272969485501e+00
2.735999999999999943e+01 1.992321073669961695e+00
2.737000000000000099e+01 1.988669497371883255e+00
2.737999999999999901e+01 1.994887696627891005e+00
2.739000000000000057e+01 1.991249618331931703e+00
2.739999999999999858e+01 1.996504644553089181e+00
2.741000000000000014e+01 1.990043441732068263e+00
2.742000000000000171e+01 1.993801001060844680e+00
2.742999999999999972e+01 1.996374179587339315e+00
2.744000000000000128e+01 1.989108559910787166e+00
2.744999999999999929e+01 1.990202219141259832e+00
2.746000000000000085e+01 1.995183454117811284e+00
2.746999999999999886e+01 1.994172016122129465e+00
2.748000000000000043e+01 1.996958446823550393e+00
2.748999999999999844e+01 1.998641890679502708e+00
2.750000000000000000e+01 1.992409154058158105e+00
2.751000000000000156e+01 1.996065282911425154e+00
2.751999999999999957e+01 1.990008410708016040e+00
2.753000000000000114e+01 1.991624006386334855e+00
2.753999999999999915e+01 1.986668788993267709e+00
2.755000000000000071e+01 1.993251300030840056e+00
2.755999999999999872e+01 1.987155426472158926e+00
2.757000000000000028e+01 1.994380515073518989e+00
2.757999999999999829e+01 1.984925697898962893e+00
2.758999999999999986e+01 1.990571322062588688e+00
2.760000000000000142e+01 1.982472059553183286e+00
2.760999999999999943e+01 1.991670357957387338e+00
2.762000000000000099e+01 1.985163708924579495e+00
2.762999999999999901e+01 1.992336056621188733e+00
2.764000000000000057e+01 1.995192582778198442e+00
2.764999999999999858e+01 1.988322585635572182e+00
2.766000000000000014e+01 1.990172619203628201e+00
2.767000000000000171e+01 1.982652224378181671e+00
2.767999999999999972e+01 1.991096083354371160e+00
2.769000000000000128e+01 1.987742129303528671e+00
2.769999999999999929e+01 1.988961907116667316e+00
2.771000000000000085e+01 1.992820918527599572e+00
2.771999999999999886e+01 1.991154635653912930e+00
2.773000000000000043e+01 1.991186308747251887e+00
2.773999999999999844e+01 1.991519324942823799e+00
2.775000000000000000e+01 1.997064498781728314e+00
2.776000000000000156e+01 1.997407215993347807e+00
2.776999999999999957e+01 1.994673905056663532e+00
2.778000000000000114e+01 1.988871187237289062e+00
2.778999999999999915e+01 1.988834692435314411e+00
2.780000000000000071e+01 1.990558826441846563e+00
2.780999999999999872e+01 1.992532223748541664e+00
2.782000000000000028e+01 1.994544350701750179e+00
2.782999999999999829e+01 1.994391764399936928e+00
2.783999999999999986e+01 1.984528989495262241e+00
2.785000000000000142e+01 1.988696706101786393e+00
2.785999999999999943e+01 1.989073124898365519e+00
2.787000000000000099e+01 1.988016903955925674e+00
2.787999999999999901e+01 1.987883160525537152e+00
2.789000000000000057e+01 1.996222403259162004e+00
2.789999999999999858e+01 1.989588539325382488e+00
2.791000000000000014e+01 1.988911068685919714e+00
2.792000000000000171e+01 1.987864956133002181e+00
2.792999999999999972e+01 1.993120057099486697e+00
2.794000000000000128e+01 1.988387662266476896e+00
2.794999999999999929e+01 1.989591812992534070e+00
2.796000000000000085e+01 1.987511062324862632e+00
2.796999999999999886e+01 1.990761809008113614e+00
2.798000000000000043e+01 1.995991646934941244e+00
2.798999999999999844e+01 1.994163633304135930e+00
2.800000000000000000e+01 1.996567635794370243e+00
2.801000000000000156e+01 1.992051051820972418e+00
2.801999999999999957e+01 1.996886422325951926e+00
2.803000000000000114e+01 1.991734324047875093e+00
2.803999999999999915e+01 1.991930193954892570e+00
2.805000000000000071e+01 1.989002765158842889e+00
2.805999999999999872e+01 1.998046792220366852e+00
2.807000000000000028e+01 1.992201540986540564e+00
2.807999999999999829e+01 1.997454898577958105e+00
2.808999999999999986e+01 1.994713112952024137e+00
2.810000000000000142e+01 1.985614948063534779e+00
2.810999999999999943e+01 1.995980121253680739e+00
2.812000000000000099e+01 1.995017114431771876e+00
2.812999999999999901e+01 1.990511149117777379e+00
2.814000000000000057e+01 1.988406242053566642e+00
2.814999999999999858e+01 1.992102282084549092e+00
2.816000000000000014e+01 1.994531803365522382e+00
2.817000000000000171e+01 1.995986581460386988e+00
2.817999999999999972e+01 1.990922361237215110e+00
2.819000000000000128e+01 1.988588254642275954e+00
2.819999999999999929e+01 1.995979024695464732e+00
2.821000000000000085e+01 1.992995999821226105e+00
2.821999999999999886e+01 1.994207812306906691e+00
2.823000000000000043e+01 1.994262539912047938e+00
2.823999999999999844e+01 1.991386152417198740e+00
2.825000000000000000e+01 1.998638323559459362e+00
2.826000000000000156e+01 1.994340575611629918e+00
2.826999999999999957e+01 1.996169541725676622e+00
2.828000000000000114e+01 1.998110720500438475e+00
2.828999999999999915e+01 1.997470285325916084e+00
2.830000000000000071e+01 1.991766489638595372e+00
2.830999999999999872e+01 1.997964896184802885e+00
2.832000000000000028e+01 1.991106006487882496e+00
2.832999999999999829e+01 1.992535075975165437e+00
2.833999999999999986e+01 1.996690306713196250e+00
2.835000000000000142e+01 1.994242219362082125e+00
2.835999999999999943e+01 2.001384398834678890e+00
2.837000000000000099e+01 1.999854236438514121e+00
2.837999999999999901e+01 1.995546640359964430e+00
2.839000000000000057e+01 1.993611049791465417e+00
2.839999999999999858e+01 1.993394658876002312e+00
2.841000000000000014e+01 1.993503308598260970e+00
2.842000000000000171e+01 1.994868693521548497e+00
2.842999999999999972e+01 1.991606751948881371e+00
2.844000000000000128e+01 1.995612628353128359e+00
2.844999999999999929e+01 1.990494377856343089e+00
2.846000000000000085e+01 1.991594839586549925e+00
2.846999999999999886e+01 1.991689559913885077e+00
2.848000000000000043e+01 1.989853332758595883e+00
2.848999999999999844e+01 1.998177698894751941e+00
2.850000000000000000e+01 1.995781292482835978e+00
2.851000000000000156e+01 1.993137885265895637e+00
2.851999999999999957e+01 1.990741081120853240e+00
2.853000000000000114e+01 1.989620397544832997e+00
2.853999999999999915e+01 2.000250733950036608e+00
2.855000000000000071e+01 1.993847139630776866e+00
2.855999999999999872e+01 1.993152402417067481e+00
2.857000000000000028e+01 1.994905670254372154e+00
2.857999999999999829e+01 1.994699570986617987e+00
2.858999999999999986e+01 1.991608760616658369e+00
2.860000000000000142e+01 1.991971615133325102e+00
2.860999999999999943e+01 1.992369711065029581e+00
2.862000000000000099e+01 1.989652226401362300e+00
2.862999999999999901e+01 1.989137500474951636e+00
2.864000000000000057e+01 1.986528164082040915e+00
2.864999999999999858e+01 1.992067553809175440e+00
2.866000000000000014e+01 1.992948864303198064e+00
2.867000000000000171e+01 1.991731750110983912e+00
2.867999999999999972e+01 1.994086074918999474e+00
2.869000000000000128e+01 1.999238487124160413e+00
2.869999999999999929e+01 1.994494540574012431e+00
2.871000000000000085e+01 1.996431046759192141e+00
2.871999999999999886e+01 1.995434348409665715e+00
2.873000000000000043e+01 1.990879195824308612e+00
2.873999999999999844e+01 1.993792213246182055e+00
2.875000000000000000e+01 1.993626440931922872e+00
2.876000000000000156e+01 1.994161662424354997e+00
2.876999999999999957e+01 1.999812154663319630e+00
2.878000000000000114e+01 1.990435591205510502e+00
2.878999999999999915e+01 1.996567492133059618e+00
2.880000000000000071e+01 1.997632754208032768e+00
2.880999999999999872e+01 1.995820042682692641e+00
2.882000000000000028e+01 1.995567049613461652e+00
2.882999999999999829e+01 1.989951800245910674e+00
2.883999999999999986e+01 1.994365660746879598e+00
2.885000000000000142e+01 1.992259060116516212e+00
2.885999999999999943e+01 1.993536051324160452e+00
2.887000000000000099e+01 1.991492729591076483e+00
2.887999999999999901e+01 1.985869714679771691e+00
2.889000000000000057e+01 1.994344597743271219e+00
2.889999999999999858e+01 1.994069798866922483e+00
2.891000000000000014e+01 1.989224837055467932e+00
2.892000000000000171e+01 1.986838948365023949e+00
2.892999999999999972e+01 1.991740091332577123e+00
2.894000000000000128e+01 1.991378435189818941e+00
2.894999999999999929e+01 1.994709080682180113e+00
2.896000000000000085e+01 1.994153906527052822e+00
2.896999999999999886e+01 1.995712221619217575e+00
2.898000000000000043e+01 1.994580472907162116e+00
2.898999999999999844e+01 1.998417128783224639e+00
2.900000000000000000e+01 1.998869223322082833e+00
2.901000000000000156e+01 1.996382946086458832e+00
2.901999999999999957e+01 1.995253100166468840e+00
2.903000000000000114e+01 1.995154227175466088e+00
2.903999999999999915e+01 1.991251746395733990e+00
2.905000000000000071e+01 1.986825349083670478e+00
2.905999999999999872e+01 1.994487816591736351e+00
2.907000000000000028e+01 1.992222973156865251e+00
2.907999999999999829e+01 1.991020379387664629e+00
2.908999999999999986e+01 1.992511409348140861e+00
2.910000000000000142e+01 1.997955972927452306e+00
2.910999999999999943e+01 1.989565825632349627e+00
2.912000000000000099e+01 1.992971863647193587e+00
2.912999999999999901e+01 1.993474475974150506e+00
2.914000000000000057e+01 1.996923513086856117e+00
2.914999999999999858e+01 1.991053612596562328e+00
2.916000000000000014e+01 1.997653624151254359e+00
2.917000000000000171e+01 1.997542557936369034e+00
2.917999999999999972e+01 1.996660935889627009e+00
2.919000000000000128e+01 1.994818208219084399e+00
2.919999999999999929e+01 1.993808727313988172e+00
2.921000000000000085e+01 1.999056745465934481e+00
2.921999999999999886e+01 1.997022247335902723e+00
2.923000000000000043e+01 1.995836255363229172e+00
2.923999999999999844e+01 1.994064306371432282e+00
2.925000000000000000e+01 2.001639819412568411e+00
2.926000000000000156e+01 2.003648788862037122e+00
2.926999999999999957e+01 1.996599874337223302e+00
2.928000000000000114e+01 1.994026054552620053e+00
2.928999999999999915e+01 1.986304155817595118e+00
2.930000000000000071e+01 1.991026153007074750e+00
2.930999999999999872e+01 1.996315263265559636e+00
2.932000000000000028e+01 2.002535328806420267e+00
2.932999999999999829e+01 1.992194060103100073e+00
2.933999999999999986e+01 1.995396689116626820e+00
2.935000000000000142e+01 1.990632851634199785e+00
2.935999999999999943e+01 1.996608768909309273e+00
2.937000000000000099e+01 1.997686170390395421e+00
2.937999999999999901e+01 1.996165228459015228e+00
2.939000000000000057e+01 2.001116502744574532e+00
2.939999999999999858e+01 2.002599951646797827e+00
2.941000000000000014e+01 2.000970017076036278e+00
2.942000000000000171e+01 1.993412645386621662e+00
2.942999999999999972e+01 2.000066899228261086e+00
2.944000000000000128e+01 1.991926580814685321e+00
2.944999999999999929e+01 1.997457407399426232e+00
2.946000000000000085e+01 1.995730223014096083e+00
2.946999999999999886e+01 1.998023246658433338e+00
2.948000000000000043e+01 1.995777835663761213e+00
2.948999999999999844e+01 2.000768604582297883e+00
2.950000000000000000e+01 1.999322939807155253e+00
2.951000000000000156e+01 1.997102852799277128e+00
2.951999999999999957e+01 1.995176398948686813e+00
2.953000000000000114e+01 2.002231821276274637e+00
2.953999999999999915e+01 1.999602049043161189e+00
2.955000000000000071e+01 1.996676969958754544e+00
2.955999999999999872e+01 1.996502634112408359e+00
2.957000000000000028e+01 2.000390492474058313e+00
2.957999999999999829e+01 2.003133156452872488e+00
2.958999999999999986e+01 1.998041804114932152e+00
2.960000000000000142e+01 1.999498518380014023e+00
2.960999999999999943e+01 1.999883236305154410e+00
2.962000000000000099e+01 1.990323007033697467e+00
2.962999999999999901e+01 1.993653139515836115e+00
2.964000000000000057e+01 1.995245932625952845e+00
2.964999999999999858e+01 2.002099700806518889e+00
2.966000000000000014e+01 1.995160810594727163e+00
2.967000000000000171e+01 1.999682684255218224e+00
2.967999999999999972e+01 1.997503844291795172e+00
2.969000000000000128e+01 2.008085853926745212e+00
2.969999999999999929e+01 2.006325699132159635e+00
2.971000000000000085e+01 2.001513433952101018e+00
2.971999999999999886e+01 2.002742700265310205e+00
2.973000000000000043e+01 1.993793061919613363e+00
2.973999999999999844e+01 2.001865195711354684e+00
2.975000000000000000e+01 1.994583437542801096e+00
2.976000000000000156e+01 1.994690044719030109e+00
2.976999999999999957e+01 1.994326888810370679e+00
2.978000000000000114e+01 1.998172872056891647e+00
2.978999999999999915e+01 1.998587841148842470e+00
2.980000000000000071e+01 1.997555393521824429e+00
2.980999999999999872e+01 1.996227055875968048e+00
2.982000000000000028e+01 1.993710591108457164e+00
2.982999999999999829e+01 1.992943655064082886e+00
2.983999999999999986e+01 1.992832896971788559e+00
2.985000000000000142e+01 1.997773601340733007e+00
2.985999999999999943e+01 1.996224389782006892e+00
2.987000000000000099e+01 1.992706388761307679e+00
2.987999999999999901e+01 1.993292728233881261e+00
2.989000000000000057e+01 1.993565658754996806e+00
2.989999999999999858e+01 1.995080529117071233e+00
2.991000000000000014e+01 2.002036114737310690e+00
2.992000000000000171e+01 1.995011186351919319e+00
2.992999999999999972e+01 1.999201114751417929e+00
2.994000000000000128e+01 1.999561523265493523e+00
2.994999999999999929e+01 1.989512808295862412e+00
2.996000000000000085e+01 1.990978163371093901e+00
2.996999999999999886e+01 1.989472674910693240e+00
2.998000000000000043e+01 1.995732120865718162e+00
2.998999999999999844e+01 1.997474884665700445e+00
3.000000000000000000e+01 1.997134464067848114e+00
3.001000000000000156e+01 1.997248478125690507e+00
3.001999999999999957e+01 1.998948257912503079e+00
3.003000000000000114e+01 1.991397817849917429e+00
3.003999999999999915e+01 2.000960172735593012e+00
3.005000000000000071e+01 1.997575156211251368e+00
3.005999999999999872e+01 1.993393091454429555e+00
3.007000000000000028e+01 1.996483957132690890e+00
3.007999999999999829e+01 1.997460277236034587e+00
3.008999999999999986e+01 1.996561189510430934e+00
3.010000000000000142e+01 1.994247007482205181e+00
3.010999999999999943e+01 2.001831360149753714e+00
3.012000000000000099e+01 1.999313672634006167e+00
3.012999999999999901e+01 1.993733465778793956e+00
3.014000000000000057e+01 1.996687584456492415e+00
3.014999999999999858e+01 1.997886355365359190e+00
3.016000000000000014e+01 1.996735681626066405e+00
3.017000000000000171e+01 1.996397482979622939e+00
3.017999999999999972e+01 1.997389633639722550e+00
3.019000000000000128e+01 2.003314872518144885e+00
3.019999999999999929e+01 2.003410947871335335e+00
3.021000000000000085e+01 2.003951726963183688e+00
3.021999999999999886e+01 1.998364661490697358e+00
3.023000000000000043e+01 2.001725822610421979e+00
3.023999999999999844e+01 1.999021542051989453e+00
3.025000000000000000e+01 1.994983289266700321e+00
3.026000000000000156e+01 1.995528560160863663e+00
3.026999999999999957e+01 1.994848016447878125e+00
3.028000000000000114e+01 1.999988043748785582e+00
3.028999999999999915e+01 2.000509138869911219e+00
3.030000000000000071e+01 1.998972577448667520e+00
3.030999999999999872e+01 1.996749881930768966e+00
3.032000000000000028e+01 1.997002419923130656e+00
3.032999999999999829e+01 2.003225666852375131e+00
3.033999999999999986e+01 2.001092779006904632e+00
3.035000000000000142e+01 1.999844050421140995e+00
3.035999999999999943e+01 1.999858517147536929e+00
3.037000000000000099e+01 2.000813211369205202e+00
3.037999999999999901e+01 2.009834262299367680e+00
3.039000000000000057e+01 1.996202151681670589e+00
3.039999999999999858e+01 1.997485086567169832e+00
3.041000000000000014e+01 1.999467648318288937e+00
3.042000000000000171e+01 1.997858095733072048e+00
3.042999999999999972e+01 1.994877084048821470e+00
3.044000000000000128e+01 1.999250503895507736e+00
3.044999999999999929e+01 1.994115024829460125e+00
3.046000000000000085e+01 1.995466938554108172e+00
3.046999999999999886e+01 1.997856728058714948e+00
3.048000000000000043e+01 1.999687097601868357e+00
3.048999999999999844e+01 2.003815721963877472e+00
3.050000000000000000e+01 2.006164875595539243e+00
3.051000000000000156e+01 1.997858868369341012e+00
3.051999999999999957e+01 1.989113665103586559e+00
3.053000000000000114e+01 1.999064507859985129e+00
3.053999999999999915e+01 1.998056962787797541e+00
3.055000000000000071e+01 2.005565043838662298e+00
3.055999999999999872e+01 1.998867812743771566e+00
3.057000000000000028e+01 2.005078594213297372e+00
3.057999999999999829e+01 2.001619176870138794e+00
3.058999999999999986e+01 2.001552261107998110e+00
3.060000000000000142e+01 1.994557492128099963e+00
3.060999999999999943e+01 2.000050184014260601e+00
3.062000000000000099e+01 1.994168035914913428e+00
3.062999999999999901e+01 2.002923135849965952e+00
3.064000000000000057e+01 2.003327066509045018e+00
3.064999999999999858e+01 1.996105502962394862e+00
3.066000000000000014e+01 2.001452153464389205e+00
3.067000000000000171e+01 1.995752224466722069e+00
3.067999999999999972e+01 2.001772499673014405e+00
3.069000000000000128e+01 2.001562381970554139e+00
3.069999999999999929e+01 1.991763989640370713e+00
3.071000000000000085e+01 2.000781629062722278e+00
3.071999999999999886e+01 1.998501779495200026e+00
3.073000000000000043e+01 1.999305296441321600e+00
3.073999999999999844e+01 2.005064325888791910e+00
3.075000000000000000e+01 2.000523875061598567e+00
3.076000000000000156e+01 1.997957169673406863e+00
3.076999999999999957e+01 1.996170447294327133e+00
3.078000000000000114e+01 1.997869140442872560e+00
3.078999999999999915e+01 2.001968557102693058e+00
3.080000000000000071e+01 2.004995979511773108e+00
3.080999999999999872e+01 2.002055873152170484e+00
3.082000000000000028e+01 2.006416336365524522e+00
3.082999999999999829e+01 1.998661354271812574e+00
3.083999999999999986e+01 2.000422672074674058e+00
3.085000000000000142e+01 2.001293812830045926e+00
3.085999999999999943e+01 2.006067247691477373e+00
3.087000000000000099e+01 2.008376123557651827e+00
3.087999999999999901e+01 2.003104523550712113e+00
3.089000000000000057e+01 2.000204713540628454e+00
3.089999999999999858e+01 2.001398954850121203e+00
3.091000000000000014e+01 2.002825900443720553e+00
3.092000000000000171e+01 2.000576766229189563e+00
3.092999999999999972e+01 2.004673103208461704e+00
3.094000000000000128e+01 2.013235030428314865e+00
3.094999999999999929e+01 2.007157566949540062e+00
3.096000000000000085e+01 2.004779846404312060e+00
3.096999999999999886e+01 2.004306084337103222e+00
3.098000000000000043e+01 2.011157027567694655e+00
3.098999999999999844e+01 2.007277739700876751e+00
3.100000000000000000e+01 2.004870896853411466e+00
3.101000000000000156e+01 2.011682746926482412e+00
3.101999999999999957e+01 2.012963717256773144e+00
3.103000000000000114e+01 2.002073727797692104e+00
3.103999999999999915e+01 2.017209732791257704e+00
3.105000000000000071e+01 2.004639128262244885e+00
3.105999999999999872e+01 2.006296119146922408e+00
3.107000000000000028e+01 2.000078996829250055e+00
3.107999999999999829e+01 2.006338889250071755e+00
3.108999999999999986e+01 2.005270399058697528e+00
3.110000000000000142e+01 2.000435824728374890e+00
3.110999999999999943e+01 2.009920958616898012e+00
3.112000000000000099e+01 2.010016974348022512e+00
3.112999999999999901e+01 2.007615788808585933e+00
3.114000000000000057e+01 2.012150617186301282e+00
3.114999999999999858e+01 2.006366091207914426e+00
3.116000000000000014e+01 2.001643326089021624e+00
3.117000000000000171e+01 2.005740433449224369e+00
3.117999999999999972e+01 1.998825590567986810e+00
3.119000000000000128e+01 2.007503717842992419e+00
3.119999999999999929e+01 2.005006112336592761e+00
3.121000000000000085e+01 2.004873253170364134e+00
3.121999999999999886e+01 2.011514759854244438e+00
3.123000000000000043e+01 2.004218326216110846e+00
3.123999999999999844e+01 1.999266793791690588e+00
3.125000000000000000e+01 2.005528550790099285e+00
3.126000000000000156e+01 2.011657671143152193e+00
3.126999999999999957e+01 2.004296055909198682e+00
3.128000000000000114e+01 2.007271713493649301e+00
3.128999999999999915e+01 2.003139014259223138e+00
3.130000000000000071e+01 2.001072390272978119e+00
3.130999999999999872e+01 2.004481717745709268e+00
3.132000000000000028e+01 2.001141953653040595e+00
3.132999999999999829e+01 2.003643009846664214e+00
3.133999999999999986e+01 2.005227471432003306e+00
3.135000000000000142e+01 2.011526197872560040e+00
3.135999999999999943e+01 2.008716922882481271e+00
3.137000000000000099e+01 2.004806583064248304e+00
3.137999999999999901e+01 2.007306225383524989e+00
3.139000000000000057e+01 2.008131561060412018e+00
3.139999999999999858e+01 2.004444448583873495e+00
3.141000000000000014e+01 1.997216049509221492e+00
3.142000000000000171e+01 2.008105930550660112e+00
3.142999999999999972e+01 2.000361499507377072e+00
3.144000000000000128e+01 2.000251148912497889e+00
3.144999999999999929e+01 1.997268341409688119e+00
3.146000000000000085e+01 2.000427436263271463e+00
3.146999999999999886e+01 2.000899249241154365e+00
3.148000000000000043e+01 1.997227059262073112e+00
3.148999999999999844e+01 1.997785879964449451e+00
3.150000000000000000e+01 2.000936380322524855e+00
3.151000000000000156e+01 2.000566931734233833e+00
3.151999999999999957e+01 1.998736817939999799e+00
3.153000000000000114e+01 2.007723437688517354e+00
3.153999999999999915e+01 2.003627022115713974e+00
3.155000000000000071e+01 1.997869406954049909e+00
3.155999999999999872e+01 2.004893263828822381e+00
3.157000000000000028e+01 2.002930853487866703e+00
3.157999999999999829e+01 1.999893051094793206e+00
3.158999999999999986e+01 2.009378968786381225e+00
3.160000000000000142e+01 2.006182194315093259e+00
3.160999999999999943e+01 2.008999337018626541e+00
3.162000000000000099e+01 2.012573597227916622e+00
3.162999999999999901e+01 2.000689934464341846e+00
3.164000000000000057e+01 1.998985240136892161e+00
3.164999999999999858e+01 1.996387035310962954e+00
3.166000000000000014e+01 2.001970174485277365e+00
3.167000000000000171e+01 1.993933873472019780e+00
3.167999999999999972e+01 1.997469394549081345e+00
3.169000000000000128e+01 1.993727776651754713e+00
3.169999999999999929e+01 1.999946596950485045e+00
3.171000000000000085e+01 2.000394401152516544e+00
3.171999999999999886e+01 2.006698280758125286e+00
3.173000000000000043e+01 2.002128612314507894e+00
3.173999999999999844e+01 2.002847877757413464e+00
3.175000000000000000e+01 2.005942251918855224e+00
3.176000000000000156e+01 2.002259219227847886e+00
3.176999999999999957e+01 2.003791453802629796e+00
3.178000000000000114e+01 2.003662095501069107e+00
3.178999999999999915e+01 2.001380296203772780e+00
3.180000000000000071e+01 2.003578924044693732e+00
3.180999999999999872e+01 2.002060393257293569e+00
3.182000000000000028e+01 2.006269000625288790e+00
3.182999999999999829e+01 2.003386184924878410e+00
3.183999999999999986e+01 2.001789016485889139e+00
3.185000000000000142e+01 2.001629463152836408e+00
3.185999999999999943e+01 1.997379874093355712e+00
3.187000000000000099e+01 2.003847321517124414e+00
3.187999999999999901e+01 2.001980655166652134e+00
3.189000000000000057e+01 2.000236456092011395e+00
3.189999999999999858e+01 2.002976480529536474e+00
3.191000000000000014e+01 2.009799920048056521e+00
3.192000000000000171e+01 2.008293044406316064e+00
3.192999999999999972e+01 2.009325510710604057e+00
3.194000000000000128e+01 2.008934081142442984e+00
3.194999999999999929e+01 2.006977895909229037e+00
3.196000000000000085e+01 1.998748309091576969e+00
3.196999999999999886e+01 2.007175297120673108e+00
3.198000000000000043e+01 2.003905983980143191e+00
3.198999999999999844e+01 2.009161229268400906e+00
3.200000000000000000e+01 2.005695414789593567e+00
3.200999999999999801e+01 2.005138429481788442e+00
3.202000000000000313e+01 2.002023486864579205e+00
3.203000000000000114e+01 2.000292433109719603e+00
3.203999999999999915e+01 2.003160341679859791e+00
3.204999999999999716e+01 2.005933469473547781e+00
3.206000000000000227e+01 1.995918076251612217e+00
3.207000000000000028e+01 1.999490194463546811e+00
3.207999999999999829e+01 1.998547111214803662e+00
3.209000000000000341e+01 2.003465187817581761e+00
3.210000000000000142e+01 1.999720881474599476e+00
3.210999999999999943e+01 2.002800496205470626e+00
3.211999999999999744e+01 2.002793219420965443e+00
3.213000000000000256e+01 2.009955932007490453e+00
3.214000000000000057e+01 2.008333500205057298e+00
3.214999999999999858e+01 2.002120357986758137e+00
3.215999999999999659e+01 2.006026221991706660e+00
3.217000000000000171e+01 2.003845337037364782e+00
3.217999999999999972e+01 1.999629333517658480e+00
3.218999999999999773e+01 2.001453848484151532e+00
3.220000000000000284e+01 2.006808330933736784e+00
3.221000000000000085e+01 2.003312893080861468e+00
3.221999999999999886e+01 1.997361380451288637e+00
3.222999999999999687e+01 2.009459976054846386e+00
3.224000000000000199e+01 2.003254909295503872e+00
3.225000000000000000e+01 2.003081404610794980e+00
3.225999999999999801e+01 1.997223022378399993e+00
3.227000000000000313e+01 1.999357315944291447e+00
3.228000000000000114e+01 2.003657129064653653e+00
3.228999999999999915e+01 2.003630285782571185e+00
3.229999999999999716e+01 2.007557349003123548e+00
3.231000000000000227e+01 2.004657037291055932e+00
3.232000000000000028e+01 2.007866599022887222e+00
3.232999999999999829e+01 2.007032618734453600e+00
3.234000000000000341e+01 2.001620659371112776e+00
3.235000000000000142e+01 2.005551821220233233e+00
3.235999999999999943e+01 2.001988520156053664e+00
3.236999999999999744e+01 1.998570179324167473e+00
3.238000000000000256e+01 2.005812953653600239e+00
3.239000000000000057e+01 2.003562371692344968e+00
3.239999999999999858e+01 2.003207187373420961e+00
3.240999999999999659e+01 1.999788416448790018e+00
3.242000000000000171e+01 1.994465024175426038e+00
3.242999999999999972e+01 2.002361597803970827e+00
3.243999999999999773e+01 2.004103320212961670e+00
3.245000000000000284e+01 2.005628572293017609e+00
3.246000000000000085e+01 2.003855297950997372e+00
3.246999999999999886e+01 2.005947127193518309e+00
3.247999999999999687e+01 2.005496900894057077e+00
3.249000000000000199e+01 2.008922675831649851e+00
3.250000000000000000e+01 2.001086997460592265e+00
3.250999999999999801e+01 2.005546902413423371e+00
3.252000000000000313e+01 2.002764769939325618e+00
3.253000000000000114e+01 2.001124533537704586e+00
3.253999999999999915e+01 1.999998824503514516e+00
3.254999999999999716e+01 2.006107663969858734e+00
3.256000000000000227e+01 1.998406289380890710e+00
3.257000000000000028e+01 2.001816363036107660e+00
3.257999999999999829e+01 1.995382110701354295e+00
3.259000000000000341e+01 2.002424438511531957e+00
3.260000000000000142e+01 2.010137300873362953e+00
3.260999999999999943e+01 2.009516917838389372e+00
3.261999999999999744e+01 2.006705922371023743e+00
3.263000000000000256e+01 2.002324866506831391e+00
3.264000000000000057e+01 2.001997384155049353e+00
3.264999999999999858e+01 1.993901230002640190e+00
3.265999999999999659e+01 1.995061565182127072e+00
3.267000000000000171e+01 2.004804761161507631e+00
3.267999999999999972e+01 1.999839480653632151e+00
3.268999999999999773e+01 2.007665108982845670e+00
3.270000000000000284e+01 2.002360915694893606e+00
3.271000000000000085e+01 1.997763203732203063e+00
3.271999999999999886e+01 1.998750805106454864e+00
3.272999999999999687e+01 1.999731394999200829e+00
3.274000000000000199e+01 1.993844575666495089e+00
3.275000000000000000e+01 1.996032936510686806e+00
3.275999999999999801e+01 1.998536493825845639e+00
3.277000000000000313e+01 2.004104230728088076e+00
3.278000000000000114e+01 1.997772346813230016e+00
3.278999999999999915e+01 2.006333833894912821e+00
3.279999999999999716e+01 2.004887140234619114e+00
3.281000000000000227e+01 2.006827082485341585e+00
3.282000000000000028e+01 2.005233775403640006e+00
3.282999999999999829e+01 2.005478711035865835e+00
3.284000000000000341e+01 2.001409500921595530e+00
3.285000000000000142e+01 2.003972550895118498e+00
3.285999999999999943e+01 2.002177220930607238e+00
3.286999999999999744e+01 2.000872244817614831e+00
3.288000000000000256e+01 2.002791245787503893e+00
3.289000000000000057e+01 2.002524140337643921e+00
3.289999999999999858e+01 1.995642418693748921e+00
3.290999999999999659e+01 2.005215226874984324e+00
3.292000000000000171e+01 2.008531252719377047e+00
3.292999999999999972e+01 1.998559750017053771e+00
3.293999999999999773e+01 2.003666177434732631e+00
3.295000000000000284e+01 2.004822097126791824e+00
3.296000000000000085e+01 2.008996136555895262e+00
3.296999999999999886e+01 1.996028496365782612e+00
3.297999999999999687e+01 2.001334049360687484e+00
3.299000000000000199e+01 1.992964833473970909e+00
3.300000000000000000e+01 1.997734952768506433e+00
3.300999999999999801e+01 1.996412068457460887e+00
3.302000000000000313e+01 1.994267079275903409e+00
3.303000000000000114e+01 1.995840559821680626e+00
3.303999999999999915e+01 2.000978263756928666e+00
3.304999999999999716e+01 2.009893641416328869e+00
3.306000000000000227e+01 2.003118666232672318e+00
3.307000000000000028e+01 1.998687787620867962e+00
3.307999999999999829e+01 2.009616824544361524e+00
3.309000000000000341e+01 2.002662150836946431e+00
3.310000000000000142e+01 2.003156870495327091e+00
3.310999999999999943e+01 2.005202692482348059e+00
3.311999999999999744e+01 2.011680432911083560e+00
3.313000000000000256e+01 2.000026169386201591e+00
3.314000000000000057e+01 1.997823908963939132e+00
3.314999999999999858e+01 2.001753319498623007e+00
3.315999999999999659e+01 2.001882094587482008e+00
3.317000000000000171e+01 2.003798495611997410e+00
3.317999999999999972e+01 2.000169842838370293e+00
3.318999999999999773e+01 2.006652850722429271e+00
3.320000000000000284e+01 2.004135583356203121e+00
3.321000000000000085e+01 2.002167074374367584e+00
3.321999999999999886e+01 2.010732705718899282e+00
3.322999999999999687e+01 1.999504087730747504e+00
3.324000000000000199e+01 2.005228944168542249e+00
3.325000000000000000e+01 2.001781225054627633e+00
3.325999999999999801e+01 2.004206622180184194e+00
3.327000000000000313e+01 2.002196977910199571e+00
3.328000000000000114e+01 1.997237362522869430e+00
3.328999999999999915e+01 1.994445774823374817e+00
3.329999999999999716e+01 1.997778743548105806e+00
3.331000000000000227e+01 2.003689464108835416e+00
3.332000000000000028e+01 2.001536915028670816e+00
3.332999999999999829e+01 1.997257238159896531e+00
3.334000000000000341e+01 2.008509166966787163e+00
3.335000000000000142e+01 1.999750597714897937e+00
3.335999999999999943e+01 2.001231736969085961e+00
3.336999999999999744e+01 2.005829999279603371e+00
3.338000000000000256e+01 1.995085640432506580e+00
3.339000000000000057e+01 2.005592482744669613e+00
3.339999999999999858e+01 1.999238733509952182e+00
3.340999999999999659e+01 2.000395792702539755e+00
3.342000000000000171e+01 1.994553989950839323e+00
3.342999999999999972e+01 1.998526806861319782e+00
3.343999999999999773e+01 1.994553592819996890e+00
3.345000000000000284e+01 2.001817588918400670e+00
3.346000000000000085e+01 2.001706411390768547e+00
3.346999999999999886e+01 2.004233673214233846e+00
3.347999999999999687e+01 1.995531782755027406e+00
3.349000000000000199e+01 1.995119650214648654e+00
3.350000000000000000e+01 1.997285711060256430e+00
3.350999999999999801e+01 2.004353569432933746e+00
3.352000000000000313e+01 2.006390677597650107e+00
3.353000000000000114e+01 2.003783123722384651e+00
3.353999999999999915e+01 1.994848473058007610e+00
3.354999999999999716e+01 1.994689888336901973e+00
3.356000000000000227e+01 1.994451583499302405e+00
3.357000000000000028e+01 1.996666553805240385e+00
3.357999999999999829e+01 1.992582306502880929e+00
3.359000000000000341e+01 1.998102428251313345e+00
3.360000000000000142e+01 1.995851620557415940e+00
3.360999999999999943e+01 1.998408259213613203e+00
3.361999999999999744e+01 1.997256395431389109e+00
3.363000000000000256e+01 2.001941735054490135e+00
3.364000000000000057e+01 2.001462744444413300e+00
3.364999999999999858e+01 2.002236929481206573e+00
3.365999999999999659e+01 2.000562264785179067e+00
3.367000000000000171e+01 2.000341721467084444e+00
3.367999999999999972e+01 1.992724365637164707e+00
3.368999999999999773e+01 2.000123887758182839e+00
3.370000000000000284e+01 1.998667954068961139e+00
3.371000000000000085e+01 2.005592509614643415e+00
3.371999999999999886e+01 1.998277053415946636e+00
3.372999999999999687e+01 2.005060417944887874e+00
3.374000000000000199e+01 2.004785994233064805e+00
3.375000000000000000e+01 2.005426979597167758e+00
3.375999999999999801e+01 2.006501966121645886e+00
3.377000000000000313e+01 2.004172216065386980e+00
3.378000000000000114e+01 1.999826452904655882e+00
3.378999999999999915e+01 1.996618690326185330e+00
3.379999999999999716e+01 1.999828848934380732e+00
3.381000000000000227e+01 1.994495315281936687e+00
3.382000000000000028e+01 2.001093610744087758e+00
3.382999999999999829e+01 2.001217191656956551e+00
3.384000000000000341e+01 1.998029813328261906e+00
3.385000000000000142e+01 2.001879664553569693e+00
3.385999999999999943e+01 1.995949531991916270e+00
3.386999999999999744e+01 2.002524315509978781e+00
3.388000000000000256e+01 2.000560612844544117e+00
3.389000000000000057e+01 2.002312943606703755e+00
3.389999999999999858e+01 2.003072998631513890e+00
3.390999999999999659e+01 2.001910334375126332e+00
3.392000000000000171e+01 2.002903629337865699e+00
3.392999999999999972e+01 2.000694821534189316e+00
3.393999999999999773e+01 1.998783976977670962e+00
3.395000000000000284e+01 1.998200874600630339e+00
3.396000000000000085e+01 1.999402427441716812e+00
3.396999999999999886e+01 2.001421514767653509e+00
3.397999999999999687e+01 2.000613309964120567e+00
3.399000000000000199e+01 2.001623197920661568e+00
3.400000000000000000e+01 1.998658981756455955e+00
3.400999999999999801e+01 1.995992525376431459e+00
3.402000000000000313e+01 1.995160206194840358e+00
3.403000000000000114e+01 1.995426059182560108e+00
3.403999999999999915e+01 1.996493992675443252e+00
3.404999999999999716e+01 1.999853799748981587e+00
3.406000000000000227e+01 1.998796765748564352e+00
3.407000000000000028e+01 2.001776756166075977e+00
3.407999999999999829e+01 2.006289795824162780e+00
3.409000000000000341e+01 2.002422638596221383e+00
3.410000000000000142e+01 2.006722141328920461e+00
3.410999999999999943e+01 1.993564436286539232e+00
3.411999999999999744e+01 1.996797634406698663e+00
3.413000000000000256e+01 2.002826626216874573e+00
3.414000000000000057e+01 2.005059546530295833e+00
3.414999999999999858e+01 2.004025526354106468e+00
3.415999999999999659e+01 2.008004093421377423e+00
3.417000000000000171e+01 2.003728392700832917e+00
3.417999999999999972e+01 2.005189418451266192e+00
3.418999999999999773e+01 2.005862270402068326e+00
3.420000000000000284e+01 2.005784514805922569e+00
3.421000000000000085e+01 2.005415813254728175e+00
3.421999999999999886e+01 1.998862379842682557e+00
3.422999999999999687e+01 2.004281012357395753e+00
3.424000000000000199e+01 2.003122838470694056e+00
3.425000000000000000e+01 1.994961739778422727e+00
3.425999999999999801e+01 2.001905867482381307e+00
3.427000000000000313e+01 2.007099734632233456e+00
3.428000000000000114e+01 2.008482668864646215e+00
3.428999999999999915e+01 2.001132504629065334e+00
3.429999999999999716e+01 1.996823800093508128e+00
3.431000000000000227e+01 2.001330063059258979e+00
3.432000000000000028e+01 2.006871905931199684e+00
3.432999999999999829e+01 1.999693038674104528e+00
3.434000000000000341e+01 1.999665605091765386e+00
3.435000000000000142e+01 1.991540129036195150e+00
3.435999999999999943e+01 1.997028295363904249e+00
3.436999999999999744e+01 1.997401258509803768e+00
3.438000000000000256e+01 1.996612158029958950e+00
3.439000000000000057e+01 1.999740585586044173e+00
3.439999999999999858e+01 1.996868587183414645e+00
3.440999999999999659e+01 1.995968582360021060e+00
3.442000000000000171e+01 1.997036211036443021e+00
3.442999999999999972e+01 1.996406343578635667e+00
3.443999999999999773e+01 1.993610572210059884e+00
3.445000000000000284e+01 2.004338737548399418e+00
3.446000000000000085e+01 2.001649006589528934e+00
3.446999999999999886e+01 1.995718913542479767e+00
3.447999999999999687e+01 1.996782641267353942e+00
3.449000000000000199e+01 1.996765318588112237e+00
3.450000000000000000e+01 1.992242736150971805e+00
3.450999999999999801e+01 1.998718346694493331e+00
3.452000000000000313e+01 1.994616574321276259e+00
3.453000000000000114e+01 2.003189835465241764e+00
3.453999999999999915e+01 1.993053185627234658e+00
3.454999999999999716e+01 1.995328962454319122e+00
3.456000000000000227e+01 2.002635233365003042e+00
3.457000000000000028e+01 1.996454417744817578e+00
3.457999999999999829e+01 1.994019739140379555e+00
3.459000000000000341e+01 1.995956675873401975e+00
3.460000000000000142e+01 1.995389336411056647e+00
3.460999999999999943e+01 1.999833507129429311e+00
3.461999999999999744e+01 1.995861403807336121e+00
3.463000000000000256e+01 2.003079550172123469e+00
3.464000000000000057e+01 1.999171479188740275e+00
3.464999999999999858e+01 2.003113373414542320e+00
3.465999999999999659e+01 1.997608103066248475e+00
3.467000000000000171e+01 1.993624562621097551e+00
3.467999999999999972e+01 2.002940251548536388e+00
3.468999999999999773e+01 2.000951745070464138e+00
3.470000000000000284e+01 2.003111731049386002e+00
3.471000000000000085e+01 2.004113623571464942e+00
3.471999999999999886e+01 2.003982324987805264e+00
3.472999999999999687e+01 2.002380323882335666e+00
3.474000000000000199e+01 2.001323880265998501e+00
3.475000000000000000e+01 2.001798129479082977e+00
3.475999999999999801e+01 1.999095923578247724e+00
3.477000000000000313e+01 2.001125321663938195e+00
3.478000000000000114e+01 1.996530577883890656e+00
3.478999999999999915e+01 2.000484052536958490e+00
3.479999999999999716e+01 1.995442952400600989e+00
3.481000000000000227e+01 2.001716947431238403e+00
3.482000000000000028e+01 1.998581872234241219e+00
3.482999999999999829e+01 1.994302812988033580e+00
3.484000000000000341e+01 1.996960071493150135e+00
3.485000000000000142e+01 2.000468059367778828e+00
3.485999999999999943e+01 2.007409376115631083e+00
3.486999999999999744e+01 2.002537202855785292e+00
3.488000000000000256e+01 2.007030034708040311e+00
3.489000000000000057e+01 2.000133116318123072e+00
3.489999999999999858e+01 1.999294699380864015e+00
3.490999999999999659e+01 1.994824229501653390e+00
3.492000000000000171e+01 1.994934386275036386e+00
3.492999999999999972e+01 2.000232085406917548e+00
3.493999999999999773e+01 1.996555106508412170e+00
3.495000000000000284e+01 2.001046616898899178e+00
3.496000000000000085e+01 1.994889127846574794e+00
3.496999999999999886e+01 2.001258425395624929e+00
3.497999999999999687e+01 1.996324349294740896e+00
3.499000000000000199e+01 1.999633192390240621e+00
3.500000000000000000e+01 1.995504371377526454e+00
3.500999999999999801e+01 1.999790690810743232e+00
3.502000000000000313e+01 2.000485451956656391e+00
3.503000000000000114e+01 2.000180731845939697e+00
3.503999999999999915e+01 1.997840197836255438e+00
3.504999999999999716e+01 1.997734365181581762e+00
3.506000000000000227e+01 1.994310335200985662e+00
3.507000000000000028e+01 1.991928543467164747e+00
3.507999999999999829e+01 2.000753315967672030e+00
3.509000000000000341e+01 1.995308088043534100e+00
3.510000000000000142e+01 1.993667963376436036e+00
3.510999999999999943e+01 1.995272353340460825e+00
3.511999999999999744e+01 1.993365934499092162e+00
3.513000000000000256e+01 1.997324151950638171e+00
3.514000000000000057e+01 1.996701698960303251e+00
3.514999999999999858e+01 1.998127894405175464e+00
3.515999999999999659e+01 2.006950922381687707e+00
3.517000000000000171e+01 1.998239822141037347e+00
3.517999999999999972e+01 1.999760943139963887e+00
3.518999999999999773e+01 2.002244111337644128e+00
3.520000000000000284e+01 2.002650758226951933e+00
3.521000000000000085e+01 2.003543160652199617e+00
3.521999999999999886e+01 2.001003851728849092e+00
3.522999999999999687e+01 1.997808376560830990e+00
3.524000000000000199e+01 1.997083907959750437e+00
3.525000000000000000e+01 1.997792446695746404e+00
3.525999999999999801e+01 1.999755813992292186e+00
3.527000000000000313e+01 1.995634342328610256e+00
3.528000000000000114e+01 1.996803108421985495e+00
3.528999999999999915e+01 1.997938184153480234e+00
3.529999999999999716e+01 1.997527009582859892e+00
3.531000000000000227e+01 1.999916985205261621e+00
3.532000000000000028e+01 1.993577714834000592e+00
3.532999999999999829e+01 1.993525144881460154e+00
3.534000000000000341e+01 1.996557874259738741e+00
3.535000000000000142e+01 1.993643836744924513e+00
3.535999999999999943e+01 1.999833309312877727e+00
3.536999999999999744e+01 2.000547145980345665e+00
3.538000000000000256e+01 1.999409776681862372e+00
3.539000000000000057e+01 2.000245086924220761e+00
3.539999999999999858e+01 1.998004798074227484e+00
3.540999999999999659e+01 2.004162221542192590e+00
3.542000000000000171e+01 2.003239819512283582e+00
3.542999999999999972e+01 2.002479809758413776e+00
3.543999999999999773e+01 1.999466821711778364e+00
3.545000000000000284e+01 1.998563414345304823e+00
3.546000000000000085e+01 2.000334913110746182e+00
3.546999999999999886e+01 2.004138262361321754e+00
3.547999999999999687e+01 1.999277679101028271e+00
3.549000000000000199e+01 2.011523557802277207e+00
3.550000000000000000e+01 2.012187826158575277e+00
3.550999999999999801e+01 1.998465196630653917e+00
3.552000000000000313e+01 2.011488537318810277e+00
3.553000000000000114e+01 2.003153513667643715e+00
3.553999999999999915e+01 2.005205412613617622e+00
3.554999999999999716e+01 2.001900435244261978e+00
3.556000000000000227e+01 2.003715125445766354e+00
3.557000000000000028e+01 2.006175011540654918e+00
3.557999999999999829e+01 1.995320563515408097e+00
3.559000000000000341e+01 2.006126497541917963e+00
3.560000000000000142e+01 2.005277263749312144e+00
3.560999999999999943e+01 1.991678279803882790e+00
3.561999999999999744e+01 2.003141079235781330e+00
3.563000000000000256e+01 1.999383202680259597e+00
3.564000000000000057e+01 2.004495535987436572e+00
3.564999999999999858e+01 2.005852587050735103e+00
3.565999999999999659e+01 2.005302314125995800e+00
3.567000000000000171e+01 1.995710195757022465e+00
3.567999999999999972e+01 1.999869314332816561e+00
3.568999999999999773e+01 1.996178152463057298e+00
3.570000000000000284e+01 1.992509804039912513e+00
3.571000000000000085e+01 2.001129126103369238e+00
3.571999999999999886e+01 1.995660602313513721e+00
3.572999999999999687e+01 1.992184611377912917e+00
3.574000000000000199e+01 1.991888396792934612e+00
3.575000000000000000e+01 1.997121855227515841e+00
3.575999999999999801e+01 1.997815012230455212e+00
3.577000000000000313e+01 2.000255768466456807e+00
3.578000000000000114e+01 1.995782449410142600e+00
3.578999999999999915e+01 1.996827272663610042e+00
3.579999999999999716e+01 1.993015601131000070e+00
3.581000000000000227e+01 1.999992476571466282e+00
3.582000000000000028e+01 2.005555488494052074e+00
3.582999999999999829e+01 2.002545757278986205e+00
3.584000000000000341e+01 2.002726792362403252e+00
3.585000000000000142e+01 1.998061126826930378e+00
3.585999999999999943e+01 1.999170339874053681e+00
3.586999999999999744e+01 1.997969205811928717e+00
3.588000000000000256e+01 1.996178732100978737e+00
3.589000000000000057e+01 2.001921605862758913e+00
3.589999999999999858e+01 1.999965144463736966e+00
3.590999999999999659e+01 2.001816859153350059e+00
3.592000000000000171e+01 2.004882192627987614e+00
3.592999999999999972e+01 2.005137807469488553e+00
3.593999999999999773e+01 2.008816238572285418e+00
3.595000000000000284e+01 2.005253104870807768e+00
3.596000000000000085e+01 2.003869626401625581e+00
3.596999999999999886e+01 2.003399948502567973e+00
3.597999999999999687e+01 2.003151887317011326e+00
3.599000000000000199e+01 2.005403882228876888e+00
3.600000000000000000e+01 1.997951435315564961e+00
3.600999999999999801e+01 1.999745248182631219e+00
3.602000000000000313e+01 2.001494108741953326e+00
3.603000000000000114e+01 2.003631225496148360e+00
3.603999999999999915e+01 2.003036595682639476e+00
3.604999999999999716e+01 1.996712063515158064e+00
3.606000000000000227e+01 1.999782963178310835e+00
3.607000000000000028e+01 2.000727232828604318e+00
3.607999999999999829e+01 2.004657419264233020e+00
3.609000000000000341e+01 2.001389269049495212e+00
3.610000000000000142e+01 2.002523303346527506e+00
3.610999999999999943e+01 1.998542492883150556e+00
3.611999999999999744e+01 2.001473098664607431e+00
3.613000000000000256e+01 1.999586810823400951e+00
3.614000000000000057e+01 2.008481648944622666e+00
3.614999999999999858e+01 2.001530503692328988e+00
3.615999999999999659e+01 1.992327872361087771e+00
3.617000000000000171e+01 2.002612263461937214e+00
3.617999999999999972e+01 2.001242667869823855e+00
3.618999999999999773e+01 2.003626019588568674e+00
3.620000000000000284e+01 1.998490844217020834e+00
3.621000000000000085e+01 2.001382051743222146e+00
3.621999999999999886e+01 2.000101512601494047e+00
3.622999999999999687e+01 2.004503729079168295e+00
3.624000000000000199e+01 2.008700978934509607e+00
3.625000000000000000e+01 2.005241982056658046e+00
3.625999999999999801e+01 2.004877062505095342e+00
3.627000000000000313e+01 2.012918074172182603e+00
3.628000000000000114e+01 2.012787477652163481e+00
3.628999999999999915e+01 2.007223385641217828e+00
3.629999999999999716e+01 2.005456669614782861e+00
3.631000000000000227e+01 2.000697019194656257e+00
3.632000000000000028e+01 2.003540697967766349e+00
3.632999999999999829e+01 2.000790466682175861e+00
3.634000000000000341e+01 2.002786352090584643e+00
3.635000000000000142e+01 1.999628612783041159e+00
3.635999999999999943e+01 1.999467990241953874e+00
3.636999999999999744e+01 1.999963207905301799e+00
3.638000000000000256e+01 1.996407639294579539e+00
3.639000000000000057e+01 1.997410949132481850e+00
3.639999999999999858e+01 2.003806299794780088e+00
3.640999999999999659e+01 1.995457726352342309e+00
3.642000000000000171e+01 2.000654908872311122e+00
3.642999999999999972e+01 1.997710543317884557e+00
3.643999999999999773e+01 2.001024785182026644e+00
3.645000000000000284e+01 1.999291181919927052e+00
3.646000000000000085e+01 1.999190914787570161e+00
3.646999999999999886e+01 2.003336149054777415e+00
3.647999999999999687e+01 2.006368587617702648e+00
3.649000000000000199e+01 2.006977995935959491e+00
3.650000000000000000e+01 2.003643459036685393e+00
3.650999999999999801e+01 1.998063018734459462e+00
3.652000000000000313e+01 1.998772601513652436e+00
3.653000000000000114e+01 2.003659190266795509e+00
3.653999999999999915e+01 2.003375154611934938e+00
3.654999999999999716e+01 2.002845876527096447e+00
3.656000000000000227e+01 2.000761547683089780e+00
3.657000000000000028e+01 1.995057088523854105e+00
3.657999999999999829e+01 2.008095405313318871e+00
3.659000000000000341e+01 1.999153239153676154e+00
3.660000000000000142e+01 1.999654081328373634e+00
3.660999999999999943e+01 1.998641977935182057e+00
3.661999999999999744e+01 2.002916039829105266e+00
3.663000000000000256e+01 2.002090282462133164e+00
3.664000000000000057e+01 1.999576488768531224e+00
3.664999999999999858e+01 2.000388130565672107e+00
3.665999999999999659e+01 2.002240340801122453e+00
3.667000000000000171e+01 2.003365920264850608e+00
3.667999999999999972e+01 1.998488276230701022e+00
3.668999999999999773e+01 1.997882572068873319e+00
3.670000000000000284e+01 2.003344679739072820e+00
3.671000000000000085e+01 1.996853937865874062e+00
3.671999999999999886e+01 2.002197102954632602e+00
3.672999999999999687e+01 1.995024198398619220e+00
3.674000000000000199e+01 2.001632653969384723e+00
3.675000000000000000e+01 2.005410789540422734e+00
3.675999999999999801e+01 1.999837919805978803e+00
3.677000000000000313e+01 2.003214380521167293e+00
3.678000000000000114e+01 1.996880742163826827e+00
3.678999999999999915e+01 2.001747459746705537e+00
3.679999999999999716e+01 2.001845313915970870e+00
3.681000000000000227e+01 1.997213146835320030e+00
3.682000000000000028e+01 2.005343314128975152e+00
3.682999999999999829e+01 2.006774745670245608e+00
3.684000000000000341e+01 1.998313233716981330e+00
3.685000000000000142e+01 2.003343255988850213e+00
3.685999999999999943e+01 2.008171523354370880e+00
3.686999999999999744e+01 1.995437899440786422e+00
3.688000000000000256e+01 1.994756362134864291e+00
3.689000000000000057e+01 2.004072331192341849e+00
3.689999999999999858e+01 2.002966428457888082e+00
3.690999999999999659e+01 2.007477834975824216e+00
3.692000000000000171e+01 2.009721453543419578e+00
3.692999999999999972e+01 2.004892082984127910e+00
3.693999999999999773e+01 2.004469496572987008e+00
3.695000000000000284e+01 2.003817267806526026e+00
3.696000000000000085e+01 2.000866967084387493e+00
3.696999999999999886e+01 2.001873398539096627e+00
3.697999999999999687e+01 2.001688659904430789e+00
3.699000000000000199e+01 1.999639580062388289e+00
3.700000000000000000e+01 2.002337045496147550e+00
3.700999999999999801e+01 1.999981679069379847e+00
3.702000000000000313e+01 2.006048241377340613e+00
3.703000000000000114e+01 2.000974351063381729e+00
3.703999999999999915e+01 1.997067820398637839e+00
3.704999999999999716e+01 2.000871164885743347e+00
3.706000000000000227e+01 2.005697183117738369e+00
3.707000000000000028e+01 2.005133236802362884e+00
3.707999999999999829e+01 2.005845641026393178e+00
3.709000000000000341e+01 2.006988717528217059e+00
3.710000000000000142e+01 2.012135105788886769e+00
3.710999999999999943e+01 2.006032164515721750e+00
3.711999999999999744e+01 2.009300944203963990e+00
3.713000000000000256e+01 2.007981017734914442e+00
3.714000000000000057e+01 2.009305594810404827e+00
3.714999999999999858e+01 2.001652786725363953e+00
3.715999999999999659e+01 2.002832938993774015e+00
3.717000000000000171e+01 2.003654328276324836e+00
3.717999999999999972e+01 2.002351995918492555e+00
3.718999999999999773e+01 2.007402853520730446e+00
3.720000000000000284e+01 2.014029927432323674e+00
3.721000000000000085e+01 2.005367522892801180e+00
3.721999999999999886e+01 2.011120452135473080e+00
3.722999999999999687e+01 2.013175129140885922e+00
3.724000000000000199e+01 2.011971847552008530e+00
3.725000000000000000e+01 1.999253505222571503e+00
3.725999999999999801e+01 2.005057680248089724e+00
3.727000000000000313e+01 2.009684415161394178e+00
3.728000000000000114e+01 2.001965071662484608e+00
3.728999999999999915e+01 2.004082158674651115e+00
3.729999999999999716e+01 2.000949318323751669e+00
3.731000000000000227e+01 2.003232152400912014e+00
3.732000000000000028e+01 2.008292816042906104e+00
3.732999999999999829e+01 2.004088856807488828e+00
3.734000000000000341e+01 2.003063678232427147e+00
3.735000000000000142e+01 2.001512648993375443e+00
3.735999999999999943e+01 2.006988795798540615e+00
3.736999999999999744e+01 2.006271024203323261e+00
3.738000000000000256e+01 2.000143843257501164e+00
3.739000000000000057e+01 2.006617086019584661e+00
3.739999999999999858e+01 2.009281902244269169e+00
3.740999999999999659e+01 2.008477327854700345e+00
3.742000000000000171e+01 2.004530285121114197e+00
3.742999999999999972e+01 2.007368372202499085e+00
3.743999999999999773e+01 1.998088944388439092e+00
3.745000000000000284e+01 1.999636699784149041e+00
3.746000000000000085e+01 2.007021725296145753e+00
3.746999999999999886e+01 2.010096896868847072e+00
3.747999999999999687e+01 2.009138064920476197e+00
3.749000000000000199e+01 2.005688370932084297e+00
3.750000000000000000e+01 2.002930834811611938e+00
3.750999999999999801e+01 2.016239120138636931e+00
3.752000000000000313e+01 2.004087631154519045e+00
3.753000000000000114e+01 2.007302318444617928e+00
3.753999999999999915e+01 2.005715843169293855e+00
3.754999999999999716e+01 2.006353625704975663e+00
3.756000000000000227e+01 2.006210095389486803e+00
3.757000000000000028e+01 2.006180525530809611e+00
3.757999999999999829e+01 2.003117644030273148e+00
3.759000000000000341e+01 2.016271891504097802e+00
3.760000000000000142e+01 2.003896166340719986e+00
3.760999999999999943e+01 2.010229707589351378e+00
3.761999999999999744e+01 2.005451672899565718e+00
3.763000000000000256e+01 2.004151423957734934e+00
3.764000000000000057e+01 2.005903220391505482e+00
3.764999999999999858e+01 2.005363057138101368e+00
3.765999999999999659e+01 2.009150570379712342e+00
3.767000000000000171e+01 2.009985635001397597e+00
3.767999999999999972e+01 2.010585312852346540e+00
3.768999999999999773e+01 2.006265210991353243e+00
3.770000000000000284e+01 2.006303906215683774e+00
3.771000000000000085e+01 2.003519287151658723e+00
3.771999999999999886e+01 2.007729596084335988e+00
3.772999999999999687e+01 2.004263612574464393e+00
3.774000000000000199e+01 2.013172778551760800e+00
3.775000000000000000e+01 2.011886577826133671e+00
3.775999999999999801e+01 2.013590124826694527e+00
3.777000000000000313e+01 2.011006614478776378e+00
3.778000000000000114e+01 2.006748495295794577e+00
3.778999999999999915e+01 2.014947139553951327e+00
3.779999999999999716e+01 2.010204709101803378e+00
3.781000000000000227e+01 2.008795792241689249e+00
3.782000000000000028e+01 1.999996983773576487e+00
3.782999999999999829e+01 2.002158079112001499e+00
3.784000000000000341e+01 2.005267384849633849e+00
3.785000000000000142e+01 2.008654335935882607e+00
3.785999999999999943e+01 2.005458585596096466e+00
3.786999999999999744e+01 2.006409393385445217e+00
3.788000000000000256e+01 2.001409714615702828e+00
3.789000000000000057e+01 2.005227647606598218e+00
3.789999999999999858e+01 2.003871913091370693e+00
3.790999999999999659e+01 2.006546088333967859e+00
3.792000000000000171e+01 2.016941844501602965e+00
3.792999999999999972e+01 2.011429885519950389e+00
3.793999999999999773e+01 2.013572707811931206e+00
3.795000000000000284e+01 2.017597263998147650e+00
3.796000000000000085e+01 2.012540692922351937e+00
3.796999999999999886e+01 2.006247220060861203e+00
3.797999999999999687e+01 2.003571099956350299e+00
3.799000000000000199e+01 2.005154826367571808e+00
3.800000000000000000e+01 2.005132732588173816e+00
3.800999999999999801e+01 2.005406015749980231e+00
3.802000000000000313e+01 2.002222297151573738e+00
3.803000000000000114e+01 2.011588798869739403e+00
3.803999999999999915e+01 2.012066429332427298e+00
3.804999999999999716e+01 2.016433330331566687e+00
3.806000000000000227e+01 2.006184952744934247e+00
3.807000000000000028e+01 2.012057220340439212e+00
3.807999999999999829e+01 2.013453992633503553e+00
3.809000000000000341e+01 2.022589527742820525e+00
3.810000000000000142e+01 2.011472288597328628e+00
3.810999999999999943e+01 2.011335128323053834e+00
3.811999999999999744e+01 2.016616200391188052e+00
3.813000000000000256e+01 2.007909940734741383e+00
3.814000000000000057e+01 2.017811667934370501e+00
3.814999999999999858e+01 2.009383716377902029e+00
3.815999999999999659e+01 2.012219971515973427e+00
3.817000000000000171e+01 2.004886443702510679e+00
3.817999999999999972e+01 2.005151121230918321e+00
3.818999999999999773e+01 2.012886129726722650e+00
3.820000000000000284e+01 2.010132645094685255e+00
3.821000000000000085e+01 2.005279194116304176e+00
3.821999999999999886e+01 2.014686305987191783e+00
3.822999999999999687e+01 2.015663642943315903e+00
3.824000000000000199e+01 2.010570531224733504e+00
3.825000000000000000e+01 2.008583915882202753e+00
3.825999999999999801e+01 2.008701178400561282e+00
3.827000000000000313e+01 2.011014595043322917e+00
3.828000000000000114e+01 2.010658260255194119e+00
3.828999999999999915e+01 2.007697848035152610e+00
3.829999999999999716e+01 2.014070779559969715e+00
3.831000000000000227e+01 2.012546021734705981e+00
3.832000000000000028e+01 2.012792028173910452e+00
3.832999999999999829e+01 2.016259654282936076e+00
3.834000000000000341e+01 2.013476202294083528e+00
3.835000000000000142e+01 2.009388156051536978e+00
3.835999999999999943e+01 2.008081946496311776e+00
3.836999999999999744e+01 2.015033937620587245e+00
3.838000000000000256e+01 2.008681934475826658e+00
3.839000000000000057e+01 2.010150515750528832e+00
3.839999999999999858e+01 2.011331078834627029e+00
3.840999999999999659e+01 2.007045626949733652e+00
3.842000000000000171e+01 2.010064767651951634e+00
3.842999999999999972e+01 2.007186868188692852e+00
3.843999999999999773e+01 2.005831009534313480e+00
3.845000000000000284e+01 2.009907710062634578e+00
3.846000000000000085e+01 2.004728038628752707e+00
3.846999999999999886e+01 2.003421424421359731e+00
3.847999999999999687e+01 2.009992482599736618e+00
3.849000000000000199e+01 2.008815531566740642e+00
3.850000000000000000e+01 2.005993558388966314e+00
3.850999999999999801e+01 2.004107755543374836e+00
3.852000000000000313e+01 2.007021880847084105e+00
3.853000000000000114e+01 2.009205519965727049e+00
3.853999999999999915e+01 2.011846291935994735e+00
3.854999999999999716e+01 2.012107460418815830e+00
3.856000000000000227e+01 2.005789719416937622e+00
3.857000000000000028e+01 2.006495441475240504e+00
3.857999999999999829e+01 2.009023920817558206e+00
3.859000000000000341e+01 2.016109417594457831e+00
3.860000000000000142e+01 2.014014649216455233e+00
3.860999999999999943e+01 2.012651758007517167e+00
3.861999999999999744e+01 2.011547887460836570e+00
3.863000000000000256e+01 2.010434241230952601e+00
3.864000000000000057e+01 2.005627776660281913e+00
3.864999999999999858e+01 2.008654131477393356e+00
3.865999999999999659e+01 2.008233909303341669e+00
3.867000000000000171e+01 2.008720924015165998e+00
3.867999999999999972e+01 2.010735247104969758e+00
3.868999999999999773e+01 2.005974455778592791e+00
3.870000000000000284e+01 2.004850814568333917e+00
3.871000000000000085e+01 2.007745458424318841e+00
3.871999999999999886e+01 2.007306488277658563e+00
3.872999999999999687e+01 2.006877845181489484e+00
3.874000000000000199e+01 2.008127738706841470e+00
3.875000000000000000e+01 2.003294687721523193e+00
3.875999999999999801e+01 2.011453160118234607e+00
3.877000000000000313e+01 2.009724668787264079e+00
3.878000000000000114e+01 2.001661505402372310e+00
3.878999999999999915e+01 2.006988136680611046e+00
3.879999999999999716e+01 2.002485910409511405e+00
3.881000000000000227e+01 2.000358056568355636e+00
3.882000000000000028e+01 2.005358525141681003e+00
3.882999999999999829e+01 2.005705335604873518e+00
3.884000000000000341e+01 2.004554108178096428e+00
3.885000000000000142e+01 2.008037009569469511e+00
3.885999999999999943e+01 2.009102247837496691e+00
3.886999999999999744e+01 2.003971565619142137e+00
3.888000000000000256e+01 2.008098788089625053e+00
3.889000000000000057e+01 2.007214196153800589e+00
3.889999999999999858e+01 2.008840319285241982e+00
3.890999999999999659e+01 2.004064711076739336e+00
3.892000000000000171e+01 2.007001712322166842e+00
3.892999999999999972e+01 2.009529600884306433e+00
3.893999999999999773e+01 2.008451188598918691e+00
3.895000000000000284e+01 2.007169326870371862e+00
3.896000000000000085e+01 1.999634367176820193e+00
3.896999999999999886e+01 2.004209925380435742e+00
3.897999999999999687e+01 1.997912192424778466e+00
3.899000000000000199e+01 2.007711755857718217e+00
3.900000000000000000e+01 2.003315316529417522e+00
3.900999999999999801e+01 1.998214522738608334e+00
3.902000000000000313e+01 2.002777840521526187e+00
3.903000000000000114e+01 2.003926433077250380e+00
3.903999999999999915e+01 2.006670255799163360e+00
3.904999999999999716e+01 2.000570057988347639e+00
3.906000000000000227e+01 2.001374779807409521e+00
3.907000000000000028e+01 2.002464371437121304e+00
3.907999999999999829e+01 2.000308451417978084e+00
3.909000000000000341e+01 2.004994882306428750e+00
3.910000000000000142e+01 2.004114873031364485e+00
3.910999999999999943e+01 2.004855360495039207e+00
3.911999999999999744e+01 2.000331436571832988e+00
3.913000000000000256e+01 1.995868509438778249e+00
3.914000000000000057e+01 2.006464946137356709e+00
3.914999999999999858e+01 2.005847244023672982e+00
3.915999999999999659e+01 2.007075141955598774e+00
3.917000000000000171e+01 2.002150857222084301e+00
3.917999999999999972e+01 2.001806193890014463e+00
3.918999999999999773e+01 2.007542609261226296e+00
3.920000000000000284e+01 2.000793042743359784e+00
3.921000000000000085e+01 1.996437882983792322e+00
3.921999999999999886e+01 2.009801540813571652e+00
3.922999999999999687e+01 1.998434501987703005e+00
3.924000000000000199e+01 2.006465417753841685e+00
3.925000000000000000e+01 2.005296459402983178e+00
3.925999999999999801e+01 2.010091852493429698e+00
3.927000000000000313e+01 2.005081783571311949e+00
3.928000000000000114e+01 1.999894286472711613e+00
3.928999999999999915e+01 1.999353561945287128e+00
3.929999999999999716e+01 2.002586128249101982e+00
3.931000000000000227e+01 2.000240961796551087e+00
3.932000000000000028e+01 1.998873732979307816e+00
3.932999999999999829e+01 1.998255822237215096e+00
3.934000000000000341e+01 1.999339406033550315e+00
3.935000000000000142e+01 1.994629223953721109e+00
3.935999999999999943e+01 1.995020085996880521e+00
3.936999999999999744e+01 2.004306373733313773e+00
3.938000000000000256e+01 1.996918647477446296e+00
3.939000000000000057e+01 2.001680098029265942e+00
3.939999999999999858e+01 1.996119260439525700e+00
3.940999999999999659e+01 2.000758651746338490e+00
3.942000000000000171e+01 2.002113494850535691e+00
3.942999999999999972e+01 1.996985388747252843e+00
3.943999999999999773e+01 1.997730372424827650e+00
3.945000000000000284e+01 2.002952781978016183e+00
3.946000000000000085e+01 1.996126156656730988e+00
3.946999999999999886e+01 2.000894401502294695e+00
3.947999999999999687e+01 2.003474859841543942e+00
3.949000000000000199e+01 2.000097723921270276e+00
3.950000000000000000e+01 2.002121361807532640e+00
3.950999999999999801e+01 2.002684682355950763e+00
3.952000000000000313e+01 1.990276233137264539e+00
3.953000000000000114e+01 1.997516719540103125e+00
3.953999999999999915e+01 2.002124276575057316e+00
3.954999999999999716e+01 2.003105345689449202e+00
3.956000000000000227e+01 2.002668586619075430e+00
3.957000000000000028e+01 1.997328221154742733e+00
3.957999999999999829e+01 1.997888964100859699e+00
3.959000000000000341e+01 2.009060995772351976e+00
3.960000000000000142e+01 2.003167482197352189e+00
3.960999999999999943e+01 1.995458734225609376e+00
3.961999999999999744e+01 2.000870369686532868e+00
3.963000000000000256e+01 2.001127953146669913e+00
3.964000000000000057e+01 1.997655602148330489e+00
3.964999999999999858e+01 1.995571757472331953e+00
3.965999999999999659e+01 2.002105430275069153e+00
3.967000000000000171e+01 1.998390829051064133e+00
3.967999999999999972e+01 2.001831726038574732e+00
3.968999999999999773e+01 2.004151175555008102e+00
3.970000000000000284e+01 2.001847040523597077e+00
3.971000000000000085e+01 2.001272615306139091e+00
3.971999999999999886e+01 1.999900417959936005e+00
3.972999999999999687e+01 1.996043740578009817e+00
3.974000000000000199e+01 2.007836376875149487e+00
3.975000000000000000e+01 2.006685815371516135e+00
3.975999999999999801e+01 1.997660359649455319e+00
3.977000000000000313e+01 2.002359505985892962e+00
3.978000000000000114e+01 2.003978426083079967e+00
3.978999999999999915e+01 2.007791070996163274e+00
3.979999999999999716e+01 2.004115753279751999e+00
3.981000000000000227e+01 1.996720168234836779e+00
3.982000000000000028e+01 1.996743644387399597e+00
3.982999999999999829e+01 2.001832723987012841e+00
3.984000000000000341e+01 1.999050605692016758e+00
3.985000000000000142e+01 2.004487406166129748e+00
3.985999999999999943e+01 2.000589744055034203e+00
3.986999999999999744e+01 2.002299676548016549e+00
3.988000000000000256e+01 1.999165575901500791e+00
3.989000000000000057e+01 1.999674432465178953e+00
3.989999999999999858e+01 2.005421350228427713e+00
3.990999999999999659e+01 2.001846405207490687e+00
3.992000000000000171e+01 1.996581713045196604e+00
3.992999999999999972e+01 1.994445494852940204e+00
3.993999999999999773e+01 1.995416946240134326e+00
3.995000000000000284e+01 2.002840942293933946e+00
3.996000000000000085e+01 2.002471712093570222e+00
3.996999999999999886e+01 1.999069032770114607e+00
3.997999999999999687e+01 1.995200255880602569e+00
3.999000000000000199e+01 2.001864652837241909e+00
4.000000000000000000e+01 1.999320458530512212e+00
4.000999999999999801e+01 2.002119963654291901e+00
4.002000000000000313e+01 1.994676561527132908e+00
4.003000000000000114e+01 1.998947373426493979e+00
4.003999999999999915e+01 2.001617403228244552e+00
4.004999999999999716e+01 1.999525536883199450e+00
4.006000000000000227e+01 1.995482442320171357e+00
4.007000000000000028e+01 1.998502973831233875e+00
4.007999999999999829e+01 1.990510619814207072e+00
4.009000000000000341e+01 1.998784500779167361e+00
4.010000000000000142e+01 1.996928399008009336e+00
4.010999999999999943e+01 1.999367438286991927e+00
4.011999999999999744e+01 1.991458704563801918e+00
4.013000000000000256e+01 2.001264010198848808e+00
4.014000000000000057e+01 1.995622120127977794e+00
4.014999999999999858e+01 1.998892938917437689e+00
4.015999999999999659e+01 1.995130994910698785e+00
4.017000000000000171e+01 1.997629527462380761e+00
4.017999999999999972e+01 2.001753472089252917e+00
4.018999999999999773e+01 2.002105013485183438e+00
4.020000000000000284e+01 1.997578236941375041e+00
4.021000000000000085e+01 2.004368065647056163e+00
4.021999999999999886e+01 2.003550435983977085e+00
4.022999999999999687e+01 2.002873139195220809e+00
4.024000000000000199e+01 2.006449224393624942e+00
4.025000000000000000e+01 2.007642815708826411e+00
4.025999999999999801e+01 2.001297637023008225e+00
4.027000000000000313e+01 2.000867002231375924e+00
4.028000000000000114e+01 2.007623606481536704e+00
4.028999999999999915e+01 2.002905442273064995e+00
4.029999999999999716e+01 2.014132282916661687e+00
4.031000000000000227e+01 2.006678722326224129e+00
4.032000000000000028e+01 2.001804312270940134e+00
4.032999999999999829e+01 2.000776601631725438e+00
4.034000000000000341e+01 2.006116762804134090e+00
4.035000000000000142e+01 2.001988849092663170e+00
4.035999999999999943e+01 1.999683128187967451e+00
4.036999999999999744e+01 1.996215207854342477e+00
4.038000000000000256e+01 2.000345997789794161e+00
4.039000000000000057e+01 1.999021928446568896e+00
4.039999999999999858e+01 1.994008260818042277e+00
4.040999999999999659e+01 1.997429930308745938e+00
4.042000000000000171e+01 1.994358785257994926e+00
4.042999999999999972e+01 1.992679937018605685e+00
4.043999999999999773e+01 2.001611714220655536e+00
4.045000000000000284e+01 2.001031400683861428e+00
4.046000000000000085e+01 2.006745313997387647e+00
4.046999999999999886e+01 2.009150545110846675e+00
4.047999999999999687e+01 2.003882203954776564e+00
4.049000000000000199e+01 1.999521732066288804e+00
4.050000000000000000e+01 2.004560168555846289e+00
4.050999999999999801e+01 1.996969939860826049e+00
4.052000000000000313e+01 1.999305981566850576e+00
4.053000000000000114e+01 1.997794211068274262e+00
4.053999999999999915e+01 1.997998317367324805e+00
4.054999999999999716e+01 1.997450475755966348e+00
4.056000000000000227e+01 1.999768885468603319e+00
4.057000000000000028e+01 1.992048494482807852e+00
4.057999999999999829e+01 2.004772620761045676e+00
4.059000000000000341e+01 2.002671594328670146e+00
4.060000000000000142e+01 2.002669495317973336e+00
4.060999999999999943e+01 1.997497991167470843e+00
4.061999999999999744e+01 1.997465877989187177e+00
4.063000000000000256e+01 2.001310052227884384e+00
4.064000000000000057e+01 2.001140948005243114e+00
4.064999999999999858e+01 2.003414982342326844e+00
4.065999999999999659e+01 2.000211830987733475e+00
4.067000000000000171e+01 2.000758755605426042e+00
4.067999999999999972e+01 2.000010572849866275e+00
4.068999999999999773e+01 2.001728482940866360e+00
4.070000000000000284e+01 1.998813797426562289e+00
4.071000000000000085e+01 2.010444331265435647e+00
4.071999999999999886e+01 2.000040026874974508e+00
4.072999999999999687e+01 1.995576666025832946e+00
4.074000000000000199e+01 2.005923563955865241e+00
4.075000000000000000e+01 1.998917954328356617e+00
4.075999999999999801e+01 2.002404390807930312e+00
4.077000000000000313e+01 2.001905828790038200e+00
4.078000000000000114e+01 2.001811572914616644e+00
4.078999999999999915e+01 2.001825128101367923e+00
4.079999999999999716e+01 2.002868795821910908e+00
4.081000000000000227e+01 2.002261443088042547e+00
4.082000000000000028e+01 2.004420575193836207e+00
4.082999999999999829e+01 1.997343619910073809e+00
4.084000000000000341e+01 2.003016612242565664e+00
4.085000000000000142e+01 2.005479383052987785e+00
4.085999999999999943e+01 2.000650671372171008e+00
4.086999999999999744e+01 2.004820741094111458e+00
4.088000000000000256e+01 2.007307902559391177e+00
4.089000000000000057e+01 2.011851120003427251e+00
4.089999999999999858e+01 2.005036964011542633e+00
4.090999999999999659e+01 2.008150944515432634e+00
4.092000000000000171e+01 2.002259578594927980e+00
4.092999999999999972e+01 2.003364593557599882e+00
4.093999999999999773e+01 1.998024498877119415e+00
4.095000000000000284e+01 2.002325087072281296e+00
4.096000000000000085e+01 2.006931760801637932e+00
4.096999999999999886e+01 2.009498177353179038e+00
4.097999999999999687e+01 2.003546049615932301e+00
4.099000000000000199e+01 2.002497893631197012e+00
4.100000000000000000e+01 2.002084519687778119e+00
4.100999999999999801e+01 2.012198069212419504e+00
4.102000000000000313e+01 2.000005378243792098e+00
4.103000000000000114e+01 1.999732812172314356e+00
4.103999999999999915e+01 2.004344094272908272e+00
4.104999999999999716e+01 2.002795246895900938e+00
4.106000000000000227e+01 2.002053487642687646e+00
4.107000000000000028e+01 1.997648669496726814e+00
4.107999999999999829e+01 1.997716654989081464e+00
4.109000000000000341e+01 2.003250670434693070e+00
4.110000000000000142e+01 2.009927742305355203e+00
4.110999999999999943e+01 2.004366702642552234e+00
4.111999999999999744e+01 2.000740711338798938e+00
4.113000000000000256e+01 1.997166280488699375e+00
4.114000000000000057e+01 2.002179207560877749e+00
4.114999999999999858e+01 2.002190038336265854e+00
4.115999999999999659e+01 2.005376178280602772e+00
4.117000000000000171e+01 2.007015264147774314e+00
4.117999999999999972e+01 1.999989282492770526e+00
4.118999999999999773e+01 2.000953791492947165e+00
4.120000000000000284e+01 2.007637006525592849e+00
4.121000000000000085e+01 1.999608335113358226e+00
4.121999999999999886e+01 2.003679848382630801e+00
4.122999999999999687e+01 1.998225774830357793e+00
4.124000000000000199e+01 2.001114124753914147e+00
4.125000000000000000e+01 1.998701190653593640e+00
4.125999999999999801e+01 1.999961996064854475e+00
4.127000000000000313e+01 1.995674775326069739e+00
4.128000000000000114e+01 2.002962634710224510e+00
4.128999999999999915e+01 1.997114863001468121e+00
4.129999999999999716e+01 2.001939764424853330e+00
4.131000000000000227e+01 1.999415020547248956e+00
4.132000000000000028e+01 1.998078057739954172e+00
4.132999999999999829e+01 2.003024795740228736e+00
4.134000000000000341e+01 2.004024017212901576e+00
4.135000000000000142e+01 2.000758478881304647e+00
4.135999999999999943e+01 1.999752035784339910e+00
4.136999999999999744e+01 1.996988135792497676e+00
4.138000000000000256e+01 1.996794944794012761e+00
4.139000000000000057e+01 2.006580226578612791e+00
4.139999999999999858e+01 2.001390392355335557e+00
4.140999999999999659e+01 1.996743125122470985e+00
4.142000000000000171e+01 1.999856249275422160e+00
4.142999999999999972e+01 1.998640995720918356e+00
4.143999999999999773e+01 1.998178955572766924e+00
4.145000000000000284e+01 1.992594296338840110e+00
4.146000000000000085e+01 2.001080572738906049e+00
4.146999999999999886e+01 1.998398867035208637e+00
4.147999999999999687e+01 2.003682456614961804e+00
4.149000000000000199e+01 2.002133059376276059e+00
4.150000000000000000e+01 1.998473487774609314e+00
4.150999999999999801e+01 2.005254234843538708e+00
4.152000000000000313e+01 1.994846772920436440e+00
4.153000000000000114e+01 2.000516704591759343e+00
4.153999999999999915e+01 2.003888937427961370e+00
4.154999999999999716e+01 1.999098722340591383e+00
4.156000000000000227e+01 1.996107174084138958e+00
4.157000000000000028e+01 1.999276352464939732e+00
4.157999999999999829e+01 2.001779559072337289e+00
4.159000000000000341e+01 2.005293785311444310e+00
4.160000000000000142e+01 1.993395359897811803e+00
4.160999999999999943e+01 2.002119727094991308e+00
4.161999999999999744e+01 2.001658736255814919e+00
4.163000000000000256e+01 1.996701234369423927e+00
4.164000000000000057e+01 1.992171073653257851e+00
4.164999999999999858e+01 1.996775136292654906e+00
4.165999999999999659e+01 2.002268877687836124e+00
4.167000000000000171e+01 2.001342306428341988e+00
4.167999999999999972e+01 1.991996512221467341e+00
4.168999999999999773e+01 2.004593863601872084e+00
4.170000000000000284e+01 1.996817017472308553e+00
4.171000000000000085e+01 2.006014039381602831e+00
4.171999999999999886e+01 2.006152636234081132e+00
4.172999999999999687e+01 2.008031372351013921e+00
4.174000000000000199e+01 2.008001795837488501e+00
4.175000000000000000e+01 2.012331056613120950e+00
4.175999999999999801e+01 2.013525840100509612e+00
4.177000000000000313e+01 2.005124921533580462e+00
4.178000000000000114e+01 2.000316303917444749e+00
4.178999999999999915e+01 1.997442191743059370e+00
4.179999999999999716e+01 2.003622348626915795e+00
4.181000000000000227e+01 2.000142436091848275e+00
4.182000000000000028e+01 2.000607880507909275e+00
4.182999999999999829e+01 2.004380055200050581e+00
4.184000000000000341e+01 2.009211914430059309e+00
4.185000000000000142e+01 2.002482574422406625e+00
4.185999999999999943e+01 2.006816902748256304e+00
4.186999999999999744e+01 1.997100399040557139e+00
4.188000000000000256e+01 2.004999716195801529e+00
4.189000000000000057e+01 1.997558218305142130e+00
4.189999999999999858e+01 1.999774257447532788e+00
4.190999999999999659e+01 2.003481770591371891e+00
4.192000000000000171e+01 2.001605619244734235e+00
4.192999999999999972e+01 2.006086871573349750e+00
4.193999999999999773e+01 2.006822441788728817e+00
4.195000000000000284e+01 2.003398360061110051e+00
4.196000000000000085e+01 2.003823936888343482e+00
4.196999999999999886e+01 2.000704785604642932e+00
4.197999999999999687e+01 2.005614654687271070e+00
4.199000000000000199e+01 2.009797400832447956e+00
4.200000000000000000e+01 2.007458343107559884e+00
4.200999999999999801e+01 2.005415151672564900e+00
4.202000000000000313e+01 2.005263163032817264e+00
4.203000000000000114e+01 2.016129158822208556e+00
4.203999999999999915e+01 2.013269809323444459e+00
4.204999999999999716e+01 2.015481787052241014e+00
4.206000000000000227e+01 2.013272958767891918e+00
4.207000000000000028e+01 2.009926643963319215e+00
4.207999999999999829e+01 1.995958557081171758e+00
4.209000000000000341e+01 2.003810896884511195e+00
4.210000000000000142e+01 2.001827843240473470e+00
4.210999999999999943e+01 2.011166602807578752e+00
4.211999999999999744e+01 2.004240214319940705e+00
4.213000000000000256e+01 2.009410477007139040e+00
4.214000000000000057e+01 2.009586733172963768e+00
4.214999999999999858e+01 2.001335369852107693e+00
4.215999999999999659e+01 2.004348517735691892e+00
4.217000000000000171e+01 2.008106353442302705e+00
4.217999999999999972e+01 2.007346151811431945e+00
4.218999999999999773e+01 2.001986295955603623e+00
4.220000000000000284e+01 2.009260150735530104e+00
4.221000000000000085e+01 2.012126576711484649e+00
4.221999999999999886e+01 2.006201454838489440e+00
4.222999999999999687e+01 2.004721504743450566e+00
4.224000000000000199e+01 2.000597688705600952e+00
4.225000000000000000e+01 2.009479459396713796e+00
4.225999999999999801e+01 2.011911683456085065e+00
4.227000000000000313e+01 2.010259384496996482e+00
4.228000000000000114e+01 2.003785603905929413e+00
4.228999999999999915e+01 2.014603042015040479e+00
4.229999999999999716e+01 2.003946796598691016e+00
4.231000000000000227e+01 2.005345470852109901e+00
4.232000000000000028e+01 2.009741237096551725e+00
4.232999999999999829e+01 2.007591530913428457e+00
4.234000000000000341e+01 2.006979226509250758e+00
4.235000000000000142e+01 2.010064579101093596e+00
4.235999999999999943e+01 2.006302552231145064e+00
4.236999999999999744e+01 2.004052503302351962e+00
4.238000000000000256e+01 2.002851444509785583e+00
4.239000000000000057e+01 2.000978719936309602e+00
4.239999999999999858e+01 2.001501628365901286e+00
4.240999999999999659e+01 2.004645961978887225e+00
4.242000000000000171e+01 2.001149185937302288e+00
4.242999999999999972e+01 2.006583917908622006e+00
4.243999999999999773e+01 2.002897601111704340e+00
4.245000000000000284e+01 1.997943104943895376e+00
4.246000000000000085e+01 1.999971757669313677e+00
4.246999999999999886e+01 1.993899106463798088e+00
4.247999999999999687e+01 2.000959688577566009e+00
4.249000000000000199e+01 1.997606471052414845e+00
4.250000000000000000e+01 2.007365653442106268e+00
4.250999999999999801e+01 2.007775544983295912e+00
4.252000000000000313e+01 2.000590422748464992e+00
4.253000000000000114e+01 2.008138082917585443e+00
4.253999999999999915e+01 2.003019317655066800e+00
4.254999999999999716e+01 1.996822705757111960e+00
4.256000000000000227e+01 2.002332948710288552e+00
4.257000000000000028e+01 2.002201200554302396e+00
4.257999999999999829e+01 2.002751546974397279e+00
4.259000000000000341e+01 2.000961557672796598e+00
4.260000000000000142e+01 2.009413480917480399e+00
4.260999999999999943e+01 2.006783492553421588e+00
4.261999999999999744e+01 2.012221880631623439e+00
4.263000000000000256e+01 2.010381080019140843e+00
4.264000000000000057e+01 2.007424721716545957e+00
4.264999999999999858e+01 2.011700042970962166e+00
4.265999999999999659e+01 2.001700024500091768e+00
4.267000000000000171e+01 2.000999675217174811e+00
4.267999999999999972e+01 2.002693648480732946e+00
4.268999999999999773e+01 2.005017405567375288e+00
4.270000000000000284e+01 2.002228488093187764e+00
4.271000000000000085e+01 2.006065388896509205e+00
4.271999999999999886e+01 2.000477168854525978e+00
4.272999999999999687e+01 2.002282646685470624e+00
4.274000000000000199e+01 2.000247953421085079e+00
4.275000000000000000e+01 1.996654860050412594e+00
4.275999999999999801e+01 1.997863872712148492e+00
4.277000000000000313e+01 2.000277580247209031e+00
4.278000000000000114e+01 2.001190024394423173e+00
4.278999999999999915e+01 2.003408269255518181e+00
4.279999999999999716e+01 2.000478097235350194e+00
4.281000000000000227e+01 2.000167332717280644e+00
4.282000000000000028e+01 2.000524824320582429e+00
4.282999999999999829e+01 2.006992328637327905e+00
4.284000000000000341e+01 2.008753084159470070e+00
4.285000000000000142e+01 2.000654807639945965e+00
4.285999999999999943e+01 1.998876787328799809e+00
4.286999999999999744e+01 1.998232599554904620e+00
4.288000000000000256e+01 1.996779210198685206e+00
4.289000000000000057e+01 2.000820764149762176e+00
4.289999999999999858e+01 2.000018863354144028e+00
4.290999999999999659e+01 2.001483629806692033e+00
4.292000000000000171e+01 1.997372064596967700e+00
4.292999999999999972e+01 2.009334251723925657e+00
4.293999999999999773e+01 2.011672681638815074e+00
4.295000000000000284e+01 1.996782581131083090e+00
4.296000000000000085e+01 2.005092991534708879e+00
4.296999999999999886e+01 2.003189042871055037e+00
4.297999999999999687e+01 1.998354903151809081e+00
4.299000000000000199e+01 2.005955107468470722e+00
4.300000000000000000e+01 1.997380342603945369e+00
4.300999999999999801e+01 1.997523881616786623e+00
4.302000000000000313e+01 2.001648626929622310e+00
4.303000000000000114e+01 1.999092093419176042e+00
4.303999999999999915e+01 1.998384292019940389e+00
4.304999999999999716e+01 1.998536886788790046e+00
4.306000000000000227e+01 2.000884747092798843e+00
4.307000000000000028e+01 1.995303541632032829e+00
4.307999999999999829e+01 2.002161761090526237e+00
4.309000000000000341e+01 2.008366693443860207e+00
4.310000000000000142e+01 2.006025989649724117e+00
4.310999999999999943e+01 1.995183192575983311e+00
4.311999999999999744e+01 2.005466163680611480e+00
4.313000000000000256e+01 1.995980165529038342e+00
4.314000000000000057e+01 1.996331026561370070e+00
4.314999999999999858e+01 1.995535610268116544e+00
4.315999999999999659e+01 1.997062183180789763e+00
4.317000000000000171e+01 2.005470042299939415e+00
4.317999999999999972e+01 2.000560804734127895e+00
4.318999999999999773e+01 2.001061774336784005e+00
4.320000000000000284e+01 2.009581649866864161e+00
4.321000000000000085e+01 2.002949719999655542e+00
4.321999999999999886e+01 1.997765829410548033e+00
4.322999999999999687e+01 2.000853405135949004e+00
4.324000000000000199e+01 1.999725678547508156e+00
4.325000000000000000e+01 2.000730398391852294e+00
4.325999999999999801e+01 1.997296703548023800e+00
4.327000000000000313e+01 2.002558078338627201e+00
4.328000000000000114e+01 2.003222625891809106e+00
4.328999999999999915e+01 1.998059047418724976e+00
4.329999999999999716e+01 2.003032762508167419e+00
4.331000000000000227e+01 1.996445815322502426e+00
4.332000000000000028e+01 1.996558742529155328e+00
4.332999999999999829e+01 1.994575809772798580e+00
4.334000000000000341e+01 1.999349616446619127e+00
4.335000000000000142e+01 1.999522956415246355e+00
4.335999999999999943e+01 1.999112605453931879e+00
4.336999999999999744e+01 2.001922637125229887e+00
4.338000000000000256e+01 2.005857858002472405e+00
4.339000000000000057e+01 1.999401261140902220e+00
4.339999999999999858e+01 2.005552354102138501e+00
4.340999999999999659e+01 2.003670828325927467e+00
4.342000000000000171e+01 2.003736852631162080e+00
4.342999999999999972e+01 1.997995334284690561e+00
4.343999999999999773e+01 2.005906718398525523e+00
4.345000000000000284e+01 2.007113933503235970e+00
4.346000000000000085e+01 2.009864453742595369e+00
4.346999999999999886e+01 2.005823607154038957e+00
4.347999999999999687e+01 2.016147800648706134e+00
4.349000000000000199e+01 2.009960566400798676e+00
4.350000000000000000e+01 2.007361205823042560e+00
4.350999999999999801e+01 2.009238091097703904e+00
4.352000000000000313e+01 2.010013531178025836e+00
4.353000000000000114e+01 2.004904933746289863e+00
4.353999999999999915e+01 2.006260387275777379e+00
4.354999999999999716e+01 2.004634388474998197e+00
4.356000000000000227e+01 2.003637808544359800e+00
4.357000000000000028e+01 2.004554831863218034e+00
4.357999999999999829e+01 2.005501428734321578e+00
4.359000000000000341e+01 2.005584006677513909e+00
4.360000000000000142e+01 2.007768147599515718e+00
4.360999999999999943e+01 2.006617075272568940e+00
4.361999999999999744e+01 2.004842438927943338e+00
4.363000000000000256e+01 2.006630691250566922e+00
4.364000000000000057e+01 2.004104840677026100e+00
4.364999999999999858e+01 2.002640621726896164e+00
4.365999999999999659e+01 2.001274672406097022e+00
4.367000000000000171e+01 2.002076422602693473e+00
4.367999999999999972e+01 2.010989458255328266e+00
4.368999999999999773e+01 2.000119659418863716e+00
4.370000000000000284e+01 2.003450259137435907e+00
4.371000000000000085e+01 2.008912671500966418e+00
4.371999999999999886e+01 2.006976951222914085e+00
4.372999999999999687e+01 2.004798622008355125e+00
4.374000000000000199e+01 2.004641733100373191e+00
4.375000000000000000e+01 1.999020639370284957e+00
4.375999999999999801e+01 2.009595660728965782e+00
4.377000000000000313e+01 2.007864957498053826e+00
4.378000000000000114e+01 2.009190727501354523e+00
4.378999999999999915e+01 2.008764242636480901e+00
4.379999999999999716e+01 2.009021576303697376e+00
4.381000000000000227e+01 2.010065705759567667e+00
4.382000000000000028e+01 2.005331287350242686e+00
4.382999999999999829e+01 1.999484947020105707e+00
4.384000000000000341e+01 1.999182103833107904e+00
4.385000000000000142e+01 2.004829060119388551e+00
4.385999999999999943e+01 2.002846063005867983e+00
4.386999999999999744e+01 2.001487320194873298e+00
4.388000000000000256e+01 2.012371151631418886e+00
4.389000000000000057e+01 2.010026807060903309e+00
4.389999999999999858e+01 2.011505192205415238e+00
4.390999999999999659e+01 2.001746213566364840e+00
4.392000000000000171e+01 2.005804985755041958e+00
4.392999999999999972e+01 2.001726009006985940e+00
4.393999999999999773e+01 1.993146476180258420e+00
4.395000000000000284e+01 1.999508315078353249e+00
4.396000000000000085e+01 2.004220666739272794e+00
4.396999999999999886e+01 2.006744729536426686e+00
4.397999999999999687e+01 2.004763952854757836e+00
4.399000000000000199e+01 2.013406249129797043e+00
4.400000000000000000e+01 2.003578689334132967e+00
4.400999999999999801e+01 2.001103459577787458e+00
4.402000000000000313e+01 2.004574722630453110e+00
4.403000000000000114e+01 2.001975612813284400e+00
4.403999999999999915e+01 2.000613628688574064e+00
4.404999999999999716e+01 2.000770188406391981e+00
4.406000000000000227e+01 2.005028072998419120e+00
4.407000000000000028e+01 2.005701502889601251e+00
4.407999999999999829e+01 2.001557956783895253e+00
4.409000000000000341e+01 2.004016992902791561e+00
4.410000000000000142e+01 2.004107308033251655e+00
4.410999999999999943e+01 2.000926036507276962e+00
4.411999999999999744e+01 2.001453589128028288e+00
4.413000000000000256e+01 2.003522844314502560e+00
4.414000000000000057e+01 2.005703765670507011e+00
4.414999999999999858e+01 2.002791284810727213e+00
4.415999999999999659e+01 2.008167417596059767e+00
4.417000000000000171e+01 2.011363880315989228e+00
4.417999999999999972e+01 2.003952726425051623e+00
4.418999999999999773e+01 2.002800772955593445e+00
4.420000000000000284e+01 2.005675803625302400e+00
4.421000000000000085e+01 2.007205175524857221e+00
4.421999999999999886e+01 2.005714967670090054e+00
4.422999999999999687e+01 2.003888864647682677e+00
4.424000000000000199e+01 2.007034242552320880e+00
4.425000000000000000e+01 2.011876142913774590e+00
4.425999999999999801e+01 2.011512305494743913e+00
4.427000000000000313e+01 2.002419394791265184e+00
4.428000000000000114e+01 2.004746519309855923e+00
4.428999999999999915e+01 2.006928763204975930e+00
4.429999999999999716e+01 2.006568866158335851e+00
4.431000000000000227e+01 2.005751573106755448e+00
4.432000000000000028e+01 2.007638146934627166e+00
4.432999999999999829e+01 2.011142102119760633e+00
4.434000000000000341e+01 2.002666661236289780e+00
4.435000000000000142e+01 2.005809061248216896e+00
4.435999999999999943e+01 2.002262611907708489e+00
4.436999999999999744e+01 2.003215901292541012e+00
4.438000000000000256e+01 2.005699908244252594e+00
4.439000000000000057e+01 2.006041055390324512e+00
4.439999999999999858e+01 2.011563025831713869e+00
4.440999999999999659e+01 2.001167922219232675e+00
4.442000000000000171e+01 2.008192317394079218e+00
4.442999999999999972e+01 2.010470640309072188e+00
4.443999999999999773e+01 2.003024687222055178e+00
4.445000000000000284e+01 2.011343968586154052e+00
4.446000000000000085e+01 2.013984406524206072e+00
4.446999999999999886e+01 2.005899329517620622e+00
4.447999999999999687e+01 2.005356982519264086e+00
4.449000000000000199e+01 2.001419084220221745e+00
4.450000000000000000e+01 2.006208766898017970e+00
4.450999999999999801e+01 1.998579389661494066e+00
4.452000000000000313e+01 2.004608036440863383e+00
4.453000000000000114e+01 2.004875254933010886e+00
4.453999999999999915e+01 2.003493292631880696e+00
4.454999999999999716e+01 2.002075149277532162e+00
4.456000000000000227e+01 2.002794753166905029e+00
4.457000000000000028e+01 2.001443032170775460e+00
4.457999999999999829e+01 2.005667604265350956e+00
4.459000000000000341e+01 2.003449657243423498e+00
4.460000000000000142e+01 1.999726972150825954e+00
4.460999999999999943e+01 2.000937191391654491e+00
4.461999999999999744e+01 2.000178402146306489e+00
4.463000000000000256e+01 2.005601458815129412e+00
4.464000000000000057e+01 2.004393807707798736e+00
4.464999999999999858e+01 2.007248302414908370e+00
4.465999999999999659e+01 2.009526208651922996e+00
4.467000000000000171e+01 2.006812032050762085e+00
4.467999999999999972e+01 2.011111946899275971e+00
4.468999999999999773e+01 1.999485581139812895e+00
4.470000000000000284e+01 2.003523355641061876e+00
4.471000000000000085e+01 2.005951585437914630e+00
4.471999999999999886e+01 2.006473541663810867e+00
4.472999999999999687e+01 2.002719685753676870e+00
4.474000000000000199e+01 2.001122486864630456e+00
4.475000000000000000e+01 1.999609092265277610e+00
4.475999999999999801e+01 2.003080736779121018e+00
4.477000000000000313e+01 2.004091205803961273e+00
4.478000000000000114e+01 2.009297182907103352e+00
4.478999999999999915e+01 2.004824134018536430e+00
4.479999999999999716e+01 2.003737070656887997e+00
4.481000000000000227e+01 2.005162411558942370e+00
4.482000000000000028e+01 1.998105602177242535e+00
4.482999999999999829e+01 2.006259561375338230e+00
4.484000000000000341e+01 2.000727453447401771e+00
4.485000000000000142e+01 2.002692745735787039e+00
4.485999999999999943e+01 1.997288672255456587e+00
4.486999999999999744e+01 2.002830236038119605e+00
4.488000000000000256e+01 1.998867927770057618e+00
4.489000000000000057e+01 2.004447936163868516e+00
4.489999999999999858e+01 2.005367871853223072e+00
4.490999999999999659e+01 2.002019523167696491e+00
4.492000000000000171e+01 2.002680702443917493e+00
4.492999999999999972e+01 2.004202796143353726e+00
4.493999999999999773e+01 2.000916390709692738e+00
4.495000000000000284e+01 2.006515812267507748e+00
4.496000000000000085e+01 2.000731118615097781e+00
4.496999999999999886e+01 1.999827737069147293e+00
4.497999999999999687e+01 2.004863465851587812e+00
4.499000000000000199e+01 2.002811642231040690e+00
4.500000000000000000e+01 1.999397914907730778e+00
4.500999999999999801e+01 2.005949558600581994e+00
4.502000000000000313e+01 2.011847671606672883e+00
4.503000000000000114e+01 2.010012179901834450e+00
4.503999999999999915e+01 2.004204833866710889e+00
4.504999999999999716e+01 2.004355379011271587e+00
4.506000000000000227e+01 2.005843247689241160e+00
4.507000000000000028e+01 2.007354781315347392e+00
4.507999999999999829e+01 2.007819355755792401e+00
4.509000000000000341e+01 2.007607495181694457e+00
4.510000000000000142e+01 2.000639300956386091e+00
4.510999999999999943e+01 2.005816132497483917e+00
4.511999999999999744e+01 2.004441258418516281e+00
4.513000000000000256e+01 1.999209031642068535e+00
4.514000000000000057e+01 2.005668988322884871e+00
4.514999999999999858e+01 2.003893492596743098e+00
4.515999999999999659e+01 2.007711207152474309e+00
4.517000000000000171e+01 2.000112995355072698e+00
4.517999999999999972e+01 2.005714467768167530e+00
4.518999999999999773e+01 1.999588762560981836e+00
4.520000000000000284e+01 1.996983870836367192e+00
4.521000000000000085e+01 2.005466435702269123e+00
4.521999999999999886e+01 2.010458344111492490e+00
4.522999999999999687e+01 1.999254648602404760e+00
4.524000000000000199e+01 2.000593135348101459e+00
4.525000000000000000e+01 2.010780442034630688e+00
4.525999999999999801e+01 2.005294966888210073e+00
4.527000000000000313e+01 2.005269799028744249e+00
4.528000000000000114e+01 2.002606825386745726e+00
4.528999999999999915e+01 2.002153115298716202e+00
4.529999999999999716e+01 2.000835824095315463e+00
4.531000000000000227e+01 1.997088680842795894e+00
4.532000000000000028e+01 1.999288809833896563e+00
4.532999999999999829e+01 1.996459351549644934e+00
4.534000000000000341e+01 2.001956524195354525e+00
4.535000000000000142e+01 2.007009829803405143e+00
4.535999999999999943e+01 2.004897334862154601e+00
4.536999999999999744e+01 2.007559378395613603e+00
4.538000000000000256e+01 1.995659589019644686e+00
4.539000000000000057e+01 1.999140540287705381e+00
4.539999999999999858e+01 1.997296055790780400e+00
4.540999999999999659e+01 1.994329936383949731e+00
4.542000000000000171e+01 1.998059197513524454e+00
4.542999999999999972e+01 1.996949353243903547e+00
4.543999999999999773e+01 1.993448710758798814e+00
4.545000000000000284e+01 2.004910909961178156e+00
4.546000000000000085e+01 1.992426188170143941e+00
4.546999999999999886e+01 2.002633734750846717e+00
4.547999999999999687e+01 1.993224003044550940e+00
4.549000000000000199e+01 2.003674126918276954e+00
4.550000000000000000e+01 2.004695554483703290e+00
4.550999999999999801e+01 1.997168475634328200e+00
4.552000000000000313e+01 2.010978894914480897e+00
4.553000000000000114e+01 2.007456818481407890e+00
4.553999999999999915e+01 2.003600047033753828e+00
4.554999999999999716e+01 2.002563293747291251e+00
4.556000000000000227e+01 2.002205828255108955e+00
4.557000000000000028e+01 2.006197691962672280e+00
4.557999999999999829e+01 2.003336680292355787e+00
4.559000000000000341e+01 2.000220479868495271e+00
4.560000000000000142e+01 2.006847355335255934e+00
4.560999999999999943e+01 2.006289787158071825e+00
4.561999999999999744e+01 2.008245359725850054e+00
4.563000000000000256e+01 1.994917701576252256e+00
4.564000000000000057e+01 2.003053433601744260e+00
4.564999999999999858e+01 2.001610013246820863e+00
4.565999999999999659e+01 2.004931745366726581e+00
4.567000000000000171e+01 2.008512940557827253e+00
4.567999999999999972e+01 2.000333239402463992e+00
4.568999999999999773e+01 2.008409289195902669e+00
4.570000000000000284e+01 2.000334679409968786e+00
4.571000000000000085e+01 2.001852829828353997e+00
4.571999999999999886e+01 2.000456228818641602e+00
4.572999999999999687e+01 2.006372016615799225e+00
4.574000000000000199e+01 1.998890334453980344e+00
4.575000000000000000e+01 1.999519390679424191e+00
4.575999999999999801e+01 2.000748384973836558e+00
4.577000000000000313e+01 2.003054210423464099e+00
4.578000000000000114e+01 1.998185769506919174e+00
4.578999999999999915e+01 2.000457240630162836e+00
4.579999999999999716e+01 2.003926270116870523e+00
4.581000000000000227e+01 2.004560446055235978e+00
4.582000000000000028e+01 1.998395085088215506e+00
4.582999999999999829e+01 2.001316337409763335e+00
4.584000000000000341e+01 1.995715392795248233e+00
4.585000000000000142e+01 2.001773709961891079e+00
4.585999999999999943e+01 1.997154462167090472e+00
4.586999999999999744e+01 2.000861427400063786e+00
4.588000000000000256e+01 2.001319943704011450e+00
4.589000000000000057e+01 1.999999877725453956e+00
4.589999999999999858e+01 2.000013819112331781e+00
4.590999999999999659e+01 2.010077414664750872e+00
4.592000000000000171e+01 1.999772091520852113e+00
4.592999999999999972e+01 2.004799381250529144e+00
4.593999999999999773e+01 2.013241281142016614e+00
4.595000000000000284e+01 2.008413944784319227e+00
4.596000000000000085e+01 2.003465095566621113e+00
4.596999999999999886e+01 1.999224531448765774e+00
4.597999999999999687e+01 2.009149742752346590e+00
4.599000000000000199e+01 2.005943098689802362e+00
4.600000000000000000e+01 1.997663145212708047e+00
4.600999999999999801e+01 2.002156795577794135e+00
4.602000000000000313e+01 2.008936362851657442e+00
4.603000000000000114e+01 2.000563138326961532e+00
4.603999999999999915e+01 2.003922629603780425e+00
4.604999999999999716e+01 2.001868846297154558e+00
4.606000000000000227e+01 2.010497875870425943e+00
4.607000000000000028e+01 2.001774360848208811e+00
4.607999999999999829e+01 1.999615928891216088e+00
4.609000000000000341e+01 2.003038803025853021e+00
4.610000000000000142e+01 2.003114187201513463e+00
4.610999999999999943e+01 2.009107987504909598e+00
4.611999999999999744e+01 1.998592633541058650e+00
4.613000000000000256e+01 2.006827774724149194e+00
4.614000000000000057e+01 2.006929264815990877e+00
4.614999999999999858e+01 2.000341072934918252e+00
4.615999999999999659e+01 2.005443141205596636e+00
4.617000000000000171e+01 2.003259637289783512e+00
4.617999999999999972e+01 1.996484452108419960e+00
4.618999999999999773e+01 2.000298929356226108e+00
4.620000000000000284e+01 1.997963503090004922e+00
4.621000000000000085e+01 2.003894686397321490e+00
4.621999999999999886e+01 1.999654468579060040e+00
4.622999999999999687e+01 2.005130259410893068e+00
4.624000000000000199e+01 2.000543500221660054e+00
4.625000000000000000e+01 2.007195474579253958e+00
4.625999999999999801e+01 1.999711882179206812e+00
4.627000000000000313e+01 1.999930546831355072e+00
4.628000000000000114e+01 2.009626740032053771e+00
4.628999999999999915e+01 2.010974695264393652e+00
4.629999999999999716e+01 2.000889442537987506e+00
4.631000000000000227e+01 2.002134938149453980e+00
4.632000000000000028e+01 2.005444682497715014e+00
4.632999999999999829e+01 2.005707644316508720e+00
4.634000000000000341e+01 2.000747788399893867e+00
4.635000000000000142e+01 2.002569393488711214e+00
4.635999999999999943e+01 2.003641978609704832e+00
4.636999999999999744e+01 2.000741532154625801e+00
4.638000000000000256e+01 2.001904587871554675e+00
4.639000000000000057e+01 1.994537756291543840e+00
4.639999999999999858e+01 2.002741656915787871e+00
4.640999999999999659e+01 2.002851544536349948e+00
4.642000000000000171e+01 2.004821601305325274e+00
4.642999999999999972e+01 2.001372546953278153e+00
4.643999999999999773e+01 1.997112765871679185e+00
4.645000000000000284e+01 2.003036105279730972e+00
4.646000000000000085e+01 2.001724542451679412e+00
4.646999999999999886e+01 2.003243640370087064e+00
4.647999999999999687e+01 2.002338935994462332e+00
4.649000000000000199e+01 2.004032709102395948e+00
4.650000000000000000e+01 2.004339436144796593e+00
4.650999999999999801e+01 2.005300238674182722e+00
4.652000000000000313e+01 2.000941739382866125e+00
4.653000000000000114e+01 2.000131403408500042e+00
4.653999999999999915e+01 2.000149926880797402e+00
4.654999999999999716e+01 1.998368454700803154e+00
4.656000000000000227e+01 2.005152646285927265e+00
4.657000000000000028e+01 1.995702039344716239e+00
4.657999999999999829e+01 2.000530873196569637e+00
4.659000000000000341e+01 1.996158499998569313e+00
4.660000000000000142e+01 2.009116143249215281e+00
4.660999999999999943e+01 1.999924694745797593e+00
4.661999999999999744e+01 2.009969348166934289e+00
4.663000000000000256e+01 2.002071771027398306e+00
4.664000000000000057e+01 2.010945927242285602e+00
4.664999999999999858e+01 2.007841208350401363e+00
4.665999999999999659e+01 2.004585382587089626e+00
4.667000000000000171e+01 2.007691428326809024e+00
4.667999999999999972e+01 2.006240995356294743e+00
4.668999999999999773e+01 2.011103598046448671e+00
4.670000000000000284e+01 2.013876506553484269e+00
4.671000000000000085e+01 2.007416654881583717e+00
4.671999999999999886e+01 2.008715596733037678e+00
4.672999999999999687e+01 2.010361721514646316e+00
4.674000000000000199e+01 2.012428755034677774e+00
4.675000000000000000e+01 2.007266273059212569e+00
4.675999999999999801e+01 2.009949049041044766e+00
4.677000000000000313e+01 2.011919158064432445e+00
4.678000000000000114e+01 2.006885237101930564e+00
4.678999999999999915e+01 2.016691136714746424e+00
4.679999999999999716e+01 2.009944600826649719e+00
4.681000000000000227e+01 2.012563358798998614e+00
4.682000000000000028e+01 2.008308857672322922e+00
4.682999999999999829e+01 2.009596067543156561e+00
4.684000000000000341e+01 2.003065635317403892e+00
4.685000000000000142e+01 2.004772560565431849e+00
4.685999999999999943e+01 2.011570694809812654e+00
4.686999999999999744e+01 2.011021850124297572e+00
4.688000000000000256e+01 2.010504779516014917e+00
4.689000000000000057e+01 2.003784739526675907e+00
4.689999999999999858e+01 2.001735969992266551e+00
4.690999999999999659e+01 1.995870108792127784e+00
4.692000000000000171e+01 2.001454622703544572e+00
4.692999999999999972e+01 2.002795373919160404e+00
4.693999999999999773e+01 2.003034897109731372e+00
4.695000000000000284e+01 1.997206184741210588e+00
4.696000000000000085e+01 1.999188816433320692e+00
4.696999999999999886e+01 1.995789311303302727e+00
4.697999999999999687e+01 1.996958852902372072e+00
4.699000000000000199e+01 1.997562571807231846e+00
4.700000000000000000e+01 2.005580006981535490e+00
4.700999999999999801e+01 2.005466066497248345e+00
4.702000000000000313e+01 2.000886902938048717e+00
4.703000000000000114e+01 2.005953758311819879e+00
4.703999999999999915e+01 2.010192554353491978e+00
4.704999999999999716e+01 2.004684517563731561e+00
4.706000000000000227e+01 1.998960003675410935e+00
4.707000000000000028e+01 2.006569864517869561e+00
4.707999999999999829e+01 1.999711468243857926e+00
4.709000000000000341e+01 1.998580735231960004e+00
4.710000000000000142e+01 2.001519132378349219e+00
4.710999999999999943e+01 1.997874250614204872e+00
4.711999999999999744e+01 2.004953132058370890e+00
4.713000000000000256e+01 2.003338191156437631e+00
4.714000000000000057e+01 2.006202248977937863e+00
4.714999999999999858e+01 2.005187722959764773e+00
4.715999999999999659e+01 2.002492683749141467e+00
4.717000000000000171e+01 2.000311304887334884e+00
4.717999999999999972e+01 2.001383721946807803e+00
4.718999999999999773e+01 2.003274932623801963e+00
4.720000000000000284e+01 2.002666628401893689e+00
4.721000000000000085e+01 2.004943143460550470e+00
4.721999999999999886e+01 1.997957318692787254e+00
4.722999999999999687e+01 2.004136303298983179e+00
4.724000000000000199e+01 2.009470439901650529e+00
4.725000000000000000e+01 2.006327920058967873e+00
4.725999999999999801e+01 2.005780684050633145e+00
4.727000000000000313e+01 2.004727359183763546e+00
4.728000000000000114e+01 2.001907020789647440e+00
4.728999999999999915e+01 2.000329787551394567e+00
4.729999999999999716e+01 1.992834120203807347e+00
4.731000000000000227e+01 2.003437104792019863e+00
4.732000000000000028e+01 1.999960365329036760e+00
4.732999999999999829e+01 1.999218336253219208e+00
4.734000000000000341e+01 2.001299701193093306e+00
4.735000000000000142e+01 2.001489960359109865e+00
4.735999999999999943e+01 2.001330268058994388e+00
4.736999999999999744e+01 2.006035305411555392e+00
4.738000000000000256e+01 2.000951679039753461e+00
4.739000000000000057e+01 2.001072133525868324e+00
4.739999999999999858e+01 1.996314826890836613e+00
4.740999999999999659e+01 2.002802595704507027e+00
4.742000000000000171e+01 2.002076733598137537e+00
4.742999999999999972e+01 2.003120389928303435e+00
4.743999999999999773e+01 2.004761821250613973e+00
4.745000000000000284e+01 2.004592958795667013e+00
4.746000000000000085e+01 2.001573525403031795e+00
4.746999999999999886e+01 2.005896597586450447e+00
4.747999999999999687e+01 2.002902942979415180e+00
4.749000000000000199e+01 2.009102328256850090e+00
4.750000000000000000e+01 2.008047079503981092e+00
4.750999999999999801e+01 2.010756345031214032e+00
4.752000000000000313e+01 2.009086366827084635e+00
4.753000000000000114e+01 2.009051211517062452e+00
4.753999999999999915e+01 2.013486794180843198e+00
4.754999999999999716e+01 2.011037205507602899e+00
4.756000000000000227e+01 2.010438424555109460e+00
4.757000000000000028e+01 2.007198353629781273e+00
4.757999999999999829e+01 2.009239275514933087e+00
4.759000000000000341e+01 2.012302902141538841e+00
4.760000000000000142e+01 2.014117744077953631e+00
4.760999999999999943e+01 2.012949688919367208e+00
4.761999999999999744e+01 2.017505668555790166e+00
4.763000000000000256e+01 2.011454025576067117e+00
4.764000000000000057e+01 2.011442072968813388e+00
4.764999999999999858e+01 2.000548193573709277e+00
4.765999999999999659e+01 2.007289650990434104e+00
4.767000000000000171e+01 2.017483719731956615e+00
4.767999999999999972e+01 2.011739105007551487e+00
4.768999999999999773e+01 2.011841795107661923e+00
4.770000000000000284e+01 2.010336269216329796e+00
4.771000000000000085e+01 2.011170495294924532e+00
4.771999999999999886e+01 2.014356931287993646e+00
4.772999999999999687e+01 2.014139895233091337e+00
4.774000000000000199e+01 2.008291759522259134e+00
4.775000000000000000e+01 2.011960790699134805e+00
4.775999999999999801e+01 2.006748205503237070e+00
4.777000000000000313e+01 2.017712703930068407e+00
4.778000000000000114e+01 2.011575794308302356e+00
4.778999999999999915e+01 2.010634233833835882e+00
4.779999999999999716e+01 1.999655188676694006e+00
4.781000000000000227e+01 2.008651573592312722e+00
4.782000000000000028e+01 2.011077663677827587e+00
4.782999999999999829e+01 2.008717296748141923e+00
4.784000000000000341e+01 2.017307005558133248e+00
4.785000000000000142e+01 2.006184804193392512e+00
4.785999999999999943e+01 2.013863684340745586e+00
4.786999999999999744e+01 2.003989758111905495e+00
4.788000000000000256e+01 2.007412596468630461e+00
4.789000000000000057e+01 2.005554926672556970e+00
4.789999999999999858e+01 2.010336550067067130e+00
4.790999999999999659e+01 2.005642545556365341e+00
4.792000000000000171e+01 2.004283472332686777e+00
4.792999999999999972e+01 2.006238050581047538e+00
4.793999999999999773e+01 2.010372930373271139e+00
4.795000000000000284e+01 2.004824333641591849e+00
4.796000000000000085e+01 2.005083868136677161e+00
4.796999999999999886e+01 2.007105584195248760e+00
4.797999999999999687e+01 2.000751919528470424e+00
4.799000000000000199e+01 2.000783352962271611e+00
4.800000000000000000e+01 2.002704447632722040e+00
4.800999999999999801e+01 2.010353774259570514e+00
4.802000000000000313e+01 2.001276413500821860e+00
4.803000000000000114e+01 2.005233857120208629e+00
4.803999999999999915e+01 2.000578356562865423e+00
4.804999999999999716e+01 2.007445041930850049e+00
4.806000000000000227e+01 2.005343285990842439e+00
4.807000000000000028e+01 2.001022535145509096e+00
4.807999999999999829e+01 2.010033058950408069e+00
4.809000000000000341e+01 2.005073607444958217e+00
4.810000000000000142e+01 2.002497193519674035e+00
4.810999999999999943e+01 1.993654424190428376e+00
4.811999999999999744e+01 1.998337820108883944e+00
4.813000000000000256e+01 2.002745672250787035e+00
4.814000000000000057e+01 1.993348765113072574e+00
4.814999999999999858e+01 2.001368483061466197e+00
4.815999999999999659e+01 1.997596834734366222e+00
4.817000000000000171e+01 1.999563348893363735e+00
4.817999999999999972e+01 2.001387306567654623e+00
4.818999999999999773e+01 2.006166375850620298e+00
4.820000000000000284e+01 1.998232646382149813e+00
4.821000000000000085e+01 1.994209643787073549e+00
4.821999999999999886e+01 2.003065924140359222e+00
4.822999999999999687e+01 1.995420860300515242e+00
4.824000000000000199e+01 2.004568778661132367e+00
4.825000000000000000e+01 2.002904437182038588e+00
4.825999999999999801e+01 2.006457626560743002e+00
4.827000000000000313e+01 2.009822713857747356e+00
4.828000000000000114e+01 2.002712006701851788e+00
4.828999999999999915e+01 2.004190816630270877e+00
4.829999999999999716e+01 2.002315710328354648e+00
4.831000000000000227e+01 2.007113464061355934e+00
4.832000000000000028e+01 2.002891666145907301e+00
4.832999999999999829e+01 2.005617530820317906e+00
4.834000000000000341e+01 2.001423582050655625e+00
4.835000000000000142e+01 2.004709554963375773e+00
4.835999999999999943e+01 1.997284307696922001e+00
4.836999999999999744e+01 2.002268349487548615e+00
4.838000000000000256e+01 2.005919781048818518e+00
4.839000000000000057e+01 2.005005603614130383e+00
4.839999999999999858e+01 2.004103046857244941e+00
4.840999999999999659e+01 1.998894340381009327e+00
4.842000000000000171e+01 2.005719225172147624e+00
4.842999999999999972e+01 2.007559928006162231e+00
4.843999999999999773e+01 2.003083704888117822e+00
4.845000000000000284e+01 1.999040884367185189e+00
4.846000000000000085e+01 1.998884126538074568e+00
4.846999999999999886e+01 2.003749489317599775e+00
4.847999999999999687e+01 2.000050818162067756e+00
4.849000000000000199e+01 2.001452299546791380e+00
4.850000000000000000e+01 2.009979153557999609e+00
4.850999999999999801e+01 2.009952144625533066e+00
4.852000000000000313e+01 2.008847859201539965e+00
4.853000000000000114e+01 2.005555995359267207e+00
4.853999999999999915e+01 2.016122306504720019e+00
4.854999999999999716e+01 2.008932419285893278e+00
4.856000000000000227e+01 2.008098527054650528e+00
4.857000000000000028e+01 2.006899966391238355e+00
4.857999999999999829e+01 2.008796033489493649e+00
4.859000000000000341e+01 2.014443902446980239e+00
4.860000000000000142e+01 2.007278315107154487e+00
4.860999999999999943e+01 2.007643715074632240e+00
4.861999999999999744e+01 2.007195040995460644e+00
4.863000000000000256e+01 2.008175622235947699e+00
4.864000000000000057e+01 2.015091861231764536e+00
4.864999999999999858e+01 2.013960323506054806e+00
4.865999999999999659e+01 2.010925072136787506e+00
4.867000000000000171e+01 2.008676146846453570e+00
4.867999999999999972e+01 2.014786572013229193e+00
4.868999999999999773e+01 2.012238129952520715e+00
4.870000000000000284e+01 2.003485507499013885e+00
4.871000000000000085e+01 2.005286234524822131e+00
4.871999999999999886e+01 2.005935227817664313e+00
4.872999999999999687e+01 2.003655649807714489e+00
4.874000000000000199e+01 2.009771875923046291e+00
4.875000000000000000e+01 2.009236587064955337e+00
4.875999999999999801e+01 2.004710379355149286e+00
4.877000000000000313e+01 2.002265276106050429e+00
4.878000000000000114e+01 2.009343055575738557e+00
4.878999999999999915e+01 2.012897012839546029e+00
4.879999999999999716e+01 2.006772747490307651e+00
4.881000000000000227e+01 2.013491469250594079e+00
4.882000000000000028e+01 2.017793277773876071e+00
4.882999999999999829e+01 2.006425290380745352e+00
4.884000000000000341e+01 2.004175063995317529e+00
4.885000000000000142e+01 2.000114897974342387e+00
4.885999999999999943e+01 2.007773492880629007e+00
4.886999999999999744e+01 2.003248245250416559e+00
4.888000000000000256e+01 2.015569648073950226e+00
4.889000000000000057e+01 2.006247489439568543e+00
4.889999999999999858e+01 2.008848478337414978e+00
4.890999999999999659e+01 2.010939313282134489e+00
4.892000000000000171e+01 2.012196260523256619e+00
4.892999999999999972e+01 2.015844127340086889e+00
4.893999999999999773e+01 2.014402258201752005e+00
4.895000000000000284e+01 2.009527516736512531e+00
4.896000000000000085e+01 2.000955827105477702e+00
4.896999999999999886e+01 2.011457386597777397e+00
4.897999999999999687e+01 2.013573403520927396e+00
4.899000000000000199e+01 2.000513224343804630e+00
4.900000000000000000e+01 2.014248533854967160e+00
4.900999999999999801e+01 2.014482079340093712e+00
4.902000000000000313e+01 2.012915896480134137e+00
4.903000000000000114e+01 2.012872403191412474e+00
4.903999999999999915e+01 2.011279248533620390e+00
4.904999999999999716e+01 2.005972094310095599e+00
4.906000000000000227e+01 2.010654977678130173e+00
4.907000000000000028e+01 2.002888477765837116e+00
4.907999999999999829e+01 2.007909156690041108e+00
4.909000000000000341e+01 2.003671632176784900e+00
4.910000000000000142e+01 2.002367125558804251e+00
4.910999999999999943e+01 2.003544847452080724e+00
4.911999999999999744e+01 1.999855351449251639e+00
4.913000000000000256e+01 1.998584867147513933e+00
4.914000000000000057e+01 2.006389798716809558e+00
4.914999999999999858e+01 2.007052875187074203e+00
4.915999999999999659e+01 2.005562193489326184e+00
4.917000000000000171e+01 2.009722642222516509e+00
4.917999999999999972e+01 2.005978516325312988e+00
4.918999999999999773e+01 2.008448104286787661e+00
4.920000000000000284e+01 2.002269620141083895e+00
4.921000000000000085e+01 2.001883858368440183e+00
4.921999999999999886e+01 2.011570453660920244e+00
4.922999999999999687e+01 2.007322288377798802e+00
4.924000000000000199e+01 2.007861035944929373e+00
4.925000000000000000e+01 2.008231215339430609e+00
4.925999999999999801e+01 2.012485363181737874e+00
4.927000000000000313e+01 2.006950410487090775e+00
4.928000000000000114e+01 2.011712036892146394e+00
4.928999999999999915e+01 2.013926067150583421e+00
4.929999999999999716e+01 2.007119540769503718e+00
4.931000000000000227e+01 2.012451539959045910e+00
4.932000000000000028e+01 2.006317590300825238e+00
4.932999999999999829e+01 2.010010767281539934e+00
4.934000000000000341e+01 1.996953967476207570e+00
4.935000000000000142e+01 2.006223391995158423e+00
4.935999999999999943e+01 2.012772094296091829e+00
4.936999999999999744e+01 2.010265911143918949e+00
4.938000000000000256e+01 1.998397119049458270e+00
4.939000000000000057e+01 2.006935359859605583e+00
4.939999999999999858e+01 2.008395018317551184e+00
4.940999999999999659e+01 2.008110992663808325e+00
4.942000000000000171e+01 2.009382921183587634e+00
4.942999999999999972e+01 2.005652337110615857e+00
4.943999999999999773e+01 1.995436006076301449e+00
4.945000000000000284e+01 2.003835252034477321e+00
4.946000000000000085e+01 2.007857494039626545e+00
4.946999999999999886e+01 2.002138322131399306e+00
4.947999999999999687e+01 2.003930860668528879e+00
4.949000000000000199e+01 1.999844295877503342e+00
4.950000000000000000e+01 2.002308566023479841e+00
4.950999999999999801e+01 2.001055681098919958e+00
4.952000000000000313e+01 1.996545558986207336e+00
4.953000000000000114e+01 1.988256891778350077e+00
4.953999999999999915e+01 1.993363693600184394e+00
4.954999999999999716e+01 1.997395107282119442e+00
4.956000000000000227e+01 1.997583904650870323e+00
4.957000000000000028e+01 2.003835424815981980e+00
4.957999999999999829e+01 2.005902945442976648e+00
4.959000000000000341e+01 1.989881980308017884e+00
4.960000000000000142e+01 1.998275306795019857e+00
4.960999999999999943e+01 1.999809267384510036e+00
4.961999999999999744e+01 2.002730934446516287e+00
4.963000000000000256e+01 2.004290069752963532e+00
4.964000000000000057e+01 1.998249976563339914e+00
4.964999999999999858e+01 1.996782205331441684e+00
4.965999999999999659e+01 1.997958149360787861e+00
4.967000000000000171e+01 2.001166284526103123e+00
4.967999999999999972e+01 1.996230048721203687e+00
4.968999999999999773e+01 1.996337206361926020e+00
4.970000000000000284e+01 1.993026818712419157e+00
4.971000000000000085e+01 2.001182808267910396e+00
4.971999999999999886e+01 1.997117172741452951e+00
4.972999999999999687e+01 1.990836082835105048e+00
4.974000000000000199e+01 1.992345709864992376e+00
4.975000000000000000e+01 1.995872187585059354e+00
4.975999999999999801e+01 1.993325982772258254e+00
4.977000000000000313e+01 1.989420663458855376e+00
4.978000000000000114e+01 1.993917023391618581e+00
4.978999999999999915e+01 1.993723256718200165e+00
4.979999999999999716e+01 1.995746912964869280e+00
4.981000000000000227e+01 1.993069789553046700e+00
4.982000000000000028e+01 1.993104836856771866e+00
4.982999999999999829e+01 1.994959970800793680e+00
4.984000000000000341e+01 1.998976040051986924e+00
4.985000000000000142e+01 1.996629844446519586e+00
4.985999999999999943e+01 1.991778415508006050e+00
4.986999999999999744e+01 1.996233836985941590e+00
4.988000000000000256e+01 1.994000853338415258e+00
4.989000000000000057e+01 1.997332585439602015e+00
4.989999999999999858e+01 1.998588656293208699e+00
4.990999999999999659e+01 1.995251184359701169e+00
4.992000000000000171e+01 1.995879444840547468e+00
4.992999999999999972e+01 2.002714648485711457e+00
4.993999999999999773e+01 1.999380939298980753e+00
4.995000000000000284e+01 2.002258895469100075e+00
4.996000000000000085e+01 1.995874384211775876e+00
4.996999999999999886e+01 1.988155244779415964e+00
4.997999999999999687e+01 1.996194755463842396e+00
4.999000000000000199e+01 1.995330629647713128e+00
5.000000000000000000e+01 2.003804049490768513e+00
5.000999999999999801e+01 1.995722278743021549e+00
5.002000000000000313e+01 1.991702296154469920e+00
5.003000000000000114e+01 1.991531061810388525e+00
5.003999999999999915e+01 2.000582507436657664e+00
5.004999999999999716e+01 2.001577186999877078e+00
5.006000000000000227e+01 2.002785175585637845e+00
5.007000000000000028e+01 2.003013905037795084e+00
5.007999999999999829e+01 2.000671901572347533e+00
5.009000000000000341e+01 1.993351292311287493e+00
5.010000000000000142e+01 1.997160464814887959e+00
5.010999999999999943e+01 2.000629292037163776e+00
5.011999999999999744e+01 2.000514335487028283e+00
5.013000000000000256e+01 2.002875514014699654e+00
5.014000000000000057e+01 2.005492844275685194e+00
5.014999999999999858e+01 2.001209657587096125e+00
5.015999999999999659e+01 1.997826718630759446e+00
5.017000000000000171e+01 2.002187397166807603e+00
5.017999999999999972e+01 2.000099425795972330e+00
5.018999999999999773e+01 1.998824478519833026e+00
5.020000000000000284e+01 1.994012563798592819e+00
5.021000000000000085e+01 1.999486776968248281e+00
5.021999999999999886e+01 1.999538043051747094e+00
5.022999999999999687e+01 1.998210245827233278e+00
5.024000000000000199e+01 1.993759509495995674e+00
5.025000000000000000e+01 1.998688441752573208e+00
5.025999999999999801e+01 1.999377868594884644e+00
5.027000000000000313e+01 1.994685744884675760e+00
5.028000000000000114e+01 1.993337688491981563e+00
5.028999999999999915e+01 1.994051892090223932e+00
5.029999999999999716e+01 1.997031878430390206e+00
5.031000000000000227e+01 2.004643400843515444e+00
5.032000000000000028e+01 2.003277064783245187e+00
5.032999999999999829e+01 2.005325731189122163e+00
5.034000000000000341e+01 1.999081628962607216e+00
5.035000000000000142e+01 1.997279595674093189e+00
5.035999999999999943e+01 1.998898515541520648e+00
5.036999999999999744e+01 2.001867926735150682e+00
5.038000000000000256e+01 1.993691538970065791e+00
5.039000000000000057e+01 2.005403137144308179e+00
5.039999999999999858e+01 1.995021182097408197e+00
5.040999999999999659e+01 2.001064270807342282e+00
5.042000000000000171e+01 2.002412138223485183e+00
5.042999999999999972e+01 1.996612777408062867e+00
5.043999999999999773e+01 2.000234013116409582e+00
5.045000000000000284e+01 2.006999459630415927e+00
5.046000000000000085e+01 2.006007650210066551e+00
5.046999999999999886e+01 2.008992008051831313e+00
5.047999999999999687e+01 1.998031907668690321e+00
5.049000000000000199e+01 1.994659045862301028e+00
5.050000000000000000e+01 1.995875410029618546e+00
5.050999999999999801e+01 1.998974851772012951e+00
5.052000000000000313e+01 1.991281170838034242e+00
5.053000000000000114e+01 2.000722715693210585e+00
5.053999999999999915e+01 2.001317738334070562e+00
5.054999999999999716e+01 1.997714518356247471e+00
5.056000000000000227e+01 1.996757176965685332e+00
5.057000000000000028e+01 1.991916142818417779e+00
5.057999999999999829e+01 1.996061366954615668e+00
5.059000000000000341e+01 1.997722452861091735e+00
5.060000000000000142e+01 1.996977016946045014e+00
5.060999999999999943e+01 1.998307161323066961e+00
5.061999999999999744e+01 1.997578230809545996e+00
5.063000000000000256e+01 1.996178216217799006e+00
5.064000000000000057e+01 1.998420861570741280e+00
5.064999999999999858e+01 2.003984739050321817e+00
5.065999999999999659e+01 2.001148905609432926e+00
5.067000000000000171e+01 2.002740978814855133e+00
5.067999999999999972e+01 1.997512775760945214e+00
5.068999999999999773e+01 1.999185698095188313e+00
5.070000000000000284e+01 1.995027501712329343e+00
5.071000000000000085e+01 2.001650597667963716e+00
5.071999999999999886e+01 2.000004115683165384e+00
5.072999999999999687e+01 1.997712037637355831e+00
5.074000000000000199e+01 1.998149178986877050e+00
5.075000000000000000e+01 1.997669788321082773e+00
5.075999999999999801e+01 1.990621210642386174e+00
5.077000000000000313e+01 1.997801072492468411e+00
5.078000000000000114e+01 1.997866218746352729e+00
5.078999999999999915e+01 1.993092816000559653e+00
5.079999999999999716e+01 2.000505918858909382e+00
5.081000000000000227e+01 1.998511553364933802e+00
5.082000000000000028e+01 1.998614830959279276e+00
5.082999999999999829e+01 1.997649321090395613e+00
5.084000000000000341e+01 2.001415915626203468e+00
5.085000000000000142e+01 2.004953992885067926e+00
5.085999999999999943e+01 2.001498561382655694e+00
5.086999999999999744e+01 1.994514832016908157e+00
5.088000000000000256e+01 1.998818419879310415e+00
5.089000000000000057e+01 1.998051226918905687e+00
5.089999999999999858e+01 2.002231078140092713e+00
5.090999999999999659e+01 1.995305360613793599e+00
5.092000000000000171e+01 2.004531695893741805e+00
5.092999999999999972e+01 1.992563212566934139e+00
5.093999999999999773e+01 1.997920632092546445e+00
5.095000000000000284e+01 2.001462686087892795e+00
5.096000000000000085e+01 1.998788851870661132e+00
5.096999999999999886e+01 1.993776911218332559e+00
5.097999999999999687e+01 2.003018424065085235e+00
5.099000000000000199e+01 2.001133503565221794e+00
5.100000000000000000e+01 1.999440709812112971e+00
5.100999999999999801e+01 2.006204026027806009e+00
5.102000000000000313e+01 1.999027751350588078e+00
5.103000000000000114e+01 1.995784305831375338e+00
5.103999999999999915e+01 2.002272067092786045e+00
5.104999999999999716e+01 2.001474676712918122e+00
5.106000000000000227e+01 2.005402130772152791e+00
5.107000000000000028e+01 1.993441880624905238e+00
5.107999999999999829e+01 1.998371054077044517e+00
5.109000000000000341e+01 2.003558819283310477e+00
5.110000000000000142e+01 1.996796213609244308e+00
5.110999999999999943e+01 1.998785657357426970e+00
5.111999999999999744e+01 1.991377665351997894e+00
5.113000000000000256e+01 1.996463240636671799e+00
5.114000000000000057e+01 1.996836000358091168e+00
5.114999999999999858e+01 1.999310826353260184e+00
5.115999999999999659e+01 1.995198697515422781e+00
5.117000000000000171e+01 2.001415347557633950e+00
5.117999999999999972e+01 1.997043726409064135e+00
5.118999999999999773e+01 2.001241878016347453e+00
5.120000000000000284e+01 1.996016847600890598e+00
5.121000000000000085e+01 2.001383498382750759e+00
5.121999999999999886e+01 2.000822554248339102e+00
5.122999999999999687e+01 1.997476878390553434e+00
5.124000000000000199e+01 2.003615577544509030e+00
5.125000000000000000e+01 1.998161546734492422e+00
5.125999999999999801e+01 1.992718735394534590e+00
5.127000000000000313e+01 2.001045473991482027e+00
5.128000000000000114e+01 1.997025840190605139e+00
5.128999999999999915e+01 1.998910850030694686e+00
5.129999999999999716e+01 2.002524974201967289e+00
5.131000000000000227e+01 1.995280553736747731e+00
5.132000000000000028e+01 1.995220604620240534e+00
5.132999999999999829e+01 1.999091459952075267e+00
5.134000000000000341e+01 2.000149522054038176e+00
5.135000000000000142e+01 2.001911827047146097e+00
5.135999999999999943e+01 1.998441083415874786e+00
5.136999999999999744e+01 2.000130292467423132e+00
5.138000000000000256e+01 1.991419802201460199e+00
5.139000000000000057e+01 1.992834884852131339e+00
5.139999999999999858e+01 1.996105803213389152e+00
5.140999999999999659e+01 1.995096396897441338e+00
5.142000000000000171e+01 1.991382475577140765e+00
5.142999999999999972e+01 1.999277560918533592e+00
5.143999999999999773e+01 1.997045118199595848e+00
5.145000000000000284e+01 1.997488085096202681e+00
5.146000000000000085e+01 1.991404944226258467e+00
5.146999999999999886e+01 1.994919961515406071e+00
5.147999999999999687e+01 1.996903061436903215e+00
5.149000000000000199e+01 1.996135489950210395e+00
5.150000000000000000e+01 1.995791741518686990e+00
5.150999999999999801e+01 1.993487143721005328e+00
5.152000000000000313e+01 1.998681120328041461e+00
5.153000000000000114e+01 1.996864780272396001e+00
5.153999999999999915e+01 1.991007500712543177e+00
5.154999999999999716e+01 1.995794097393435607e+00
5.156000000000000227e+01 1.998856906071571515e+00
5.157000000000000028e+01 2.003350837799430018e+00
5.157999999999999829e+01 1.998275547063669277e+00
5.159000000000000341e+01 1.998973451856154826e+00
5.160000000000000142e+01 2.004053255551247581e+00
5.160999999999999943e+01 1.995713281666585459e+00
5.161999999999999744e+01 2.000338377754721897e+00
5.163000000000000256e+01 1.998879058527517572e+00
5.164000000000000057e+01 2.002989045025889592e+00
5.164999999999999858e+01 2.004136966286031551e+00
5.165999999999999659e+01 1.996781640223643350e+00
5.167000000000000171e+01 2.000677348104933806e+00
5.167999999999999972e+01 1.994710202537132826e+00
5.168999999999999773e+01 2.003621566771248919e+00
5.170000000000000284e+01 1.992221435494236470e+00
5.171000000000000085e+01 1.997096152358602605e+00
5.171999999999999886e+01 2.007877030535261120e+00
5.172999999999999687e+01 1.997827067721275940e+00
5.174000000000000199e+01 2.004297884210959335e+00
5.175000000000000000e+01 1.995138418698430893e+00
5.175999999999999801e+01 1.994971021272306189e+00
5.177000000000000313e+01 1.995341301854320903e+00
5.178000000000000114e+01 2.000323304869115137e+00
5.178999999999999915e+01 1.998173976590353007e+00
5.179999999999999716e+01 2.000965878684112020e+00
5.181000000000000227e+01 1.991183781712592138e+00
5.182000000000000028e+01 1.993222947640316489e+00
5.182999999999999829e+01 1.991474696364409880e+00
5.184000000000000341e+01 1.992778103164607684e+00
5.185000000000000142e+01 1.992536560748422003e+00
5.185999999999999943e+01 1.990237887064027600e+00
5.186999999999999744e+01 1.995109257164375149e+00
5.188000000000000256e+01 1.998895412983448638e+00
5.189000000000000057e+01 1.999201507605287587e+00
5.189999999999999858e+01 1.997091329773734047e+00
5.190999999999999659e+01 1.993856846705392316e+00
5.192000000000000171e+01 1.993855939185029680e+00
5.192999999999999972e+01 1.995380543078865809e+00
5.193999999999999773e+01 1.997704223378262922e+00
5.195000000000000284e+01 1.995135016636085057e+00
5.196000000000000085e+01 2.005923595874510745e+00
5.196999999999999886e+01 2.002025355376721549e+00
5.197999999999999687e+01 2.001921791587450095e+00
5.199000000000000199e+01 1.996817140386694778e+00
5.200000000000000000e+01 2.000526150322519126e+00
5.200999999999999801e+01 2.002182402405141115e+00
5.202000000000000313e+01 1.996763002485880234e+00
5.203000000000000114e+01 2.009278619382647513e+00
5.203999999999999915e+01 2.003552477468500292e+00
5.204999999999999716e+01 2.007225533074818991e+00
5.206000000000000227e+01 2.007916403428911423e+00
5.207000000000000028e+01 1.997711107755648641e+00
5.207999999999999829e+01 2.001437280314960265e+00
5.209000000000000341e+01 2.002090522557239183e+00
5.210000000000000142e+01 2.000775524057996968e+00
5.210999999999999943e+01 1.999005152196778878e+00
5.211999999999999744e+01 2.001031350526928598e+00
5.213000000000000256e+01 1.998122928593964787e+00
5.214000000000000057e+01 2.003144858862400568e+00
5.214999999999999858e+01 2.004569941765948382e+00
5.215999999999999659e+01 2.003827910828904102e+00
5.217000000000000171e+01 2.003618020542720757e+00
5.217999999999999972e+01 2.002583827460389987e+00
5.218999999999999773e+01 2.003003702683992859e+00
5.220000000000000284e+01 2.001016456507415331e+00
5.221000000000000085e+01 1.997020997964721989e+00
5.221999999999999886e+01 2.000298261583458803e+00
5.222999999999999687e+01 2.007562420545524695e+00
5.224000000000000199e+01 2.010643227607392447e+00
5.225000000000000000e+01 2.010608179545518404e+00
5.225999999999999801e+01 2.005782697148570382e+00
5.227000000000000313e+01 2.007007247970494568e+00
5.228000000000000114e+01 2.008331810221244851e+00
5.228999999999999915e+01 2.012912083871715829e+00
5.229999999999999716e+01 2.009994176763958418e+00
5.231000000000000227e+01 2.006522839158985327e+00
5.232000000000000028e+01 2.003042779820067842e+00
5.232999999999999829e+01 2.009595775993004985e+00
5.234000000000000341e+01 2.012315019168612551e+00
5.235000000000000142e+01 2.008347956317941829e+00
5.235999999999999943e+01 2.006629568337804592e+00
5.236999999999999744e+01 2.003489832147198335e+00
5.238000000000000256e+01 1.998140945400238788e+00
5.239000000000000057e+01 2.007500173025492440e+00
5.239999999999999858e+01 1.999567941394040149e+00
5.240999999999999659e+01 1.993157589359080051e+00
5.242000000000000171e+01 1.999024411148860425e+00
5.242999999999999972e+01 2.001702304942824640e+00
5.243999999999999773e+01 2.004657606534642866e+00
5.245000000000000284e+01 2.000641144191158016e+00
5.246000000000000085e+01 2.001339615495697721e+00
5.246999999999999886e+01 2.001452323326260885e+00
5.247999999999999687e+01 2.009531030252558637e+00
5.249000000000000199e+01 2.005005961700734751e+00
5.250000000000000000e+01 2.007990239756491491e+00
5.250999999999999801e+01 1.998679966755566806e+00
5.252000000000000313e+01 1.997254692224753381e+00
5.253000000000000114e+01 2.000593788802732753e+00
5.253999999999999915e+01 2.000041445025868558e+00
5.254999999999999716e+01 1.999280877481697916e+00
5.256000000000000227e+01 1.998221454536942332e+00
5.257000000000000028e+01 1.996288057863804921e+00
5.257999999999999829e+01 2.000297615987867594e+00
5.259000000000000341e+01 2.006010255235653350e+00
5.260000000000000142e+01 1.996728413623746423e+00
5.260999999999999943e+01 1.996989025602729839e+00
5.261999999999999744e+01 1.999028686652676523e+00
5.263000000000000256e+01 1.994005400446511755e+00
5.264000000000000057e+01 2.004393973173635768e+00
5.264999999999999858e+01 2.001732166144029712e+00
5.265999999999999659e+01 1.996843361033288300e+00
5.267000000000000171e+01 2.003628129578679307e+00
5.267999999999999972e+01 2.000188952871794434e+00
5.268999999999999773e+01 1.996434830140928041e+00
5.270000000000000284e+01 1.995335397159379243e+00
5.271000000000000085e+01 1.998522929662103653e+00
5.271999999999999886e+01 2.003190418728162392e+00
5.272999999999999687e+01 2.001407112202452598e+00
5.274000000000000199e+01 2.000139349292631596e+00
5.275000000000000000e+01 2.005898354660511362e+00
5.275999999999999801e+01 1.998687446585940775e+00
5.277000000000000313e+01 2.004655278938040741e+00
5.278000000000000114e+01 2.000402633597189173e+00
5.278999999999999915e+01 2.008267149727791967e+00
5.279999999999999716e+01 2.004539496206403371e+00
5.281000000000000227e+01 2.003298119688582624e+00
5.282000000000000028e+01 1.994758071604857408e+00
5.282999999999999829e+01 2.000520544011917590e+00
5.284000000000000341e+01 2.009736243772896724e+00
5.285000000000000142e+01 1.999327844098023110e+00
5.285999999999999943e+01 2.009067109567578946e+00
5.286999999999999744e+01 2.003156847775537930e+00
5.288000000000000256e+01 1.997511943009299129e+00
5.289000000000000057e+01 1.997607293462260625e+00
5.289999999999999858e+01 1.996526502452439233e+00
5.290999999999999659e+01 2.000878085077714807e+00
5.292000000000000171e+01 2.008577577778116741e+00
5.292999999999999972e+01 2.004764276419106928e+00
5.293999999999999773e+01 2.001337651654138128e+00
5.295000000000000284e+01 1.998893756970205882e+00
5.296000000000000085e+01 2.002061281469915244e+00
5.296999999999999886e+01 2.011532768538812910e+00
5.297999999999999687e+01 2.005973675321342409e+00
5.299000000000000199e+01 2.002896845886266597e+00
5.300000000000000000e+01 2.004522197543996853e+00
5.300999999999999801e+01 2.009863926904618125e+00
5.302000000000000313e+01 2.002247111081710607e+00
5.303000000000000114e+01 2.001332564167868089e+00
5.303999999999999915e+01 2.004944918307526969e+00
5.304999999999999716e+01 2.006497783594610507e+00
5.306000000000000227e+01 2.006369934892270557e+00
5.307000000000000028e+01 1.991903777947744203e+00
5.307999999999999829e+01 2.001314184088635706e+00
5.309000000000000341e+01 2.000245129045187920e+00
5.310000000000000142e+01 2.006613773504457132e+00
5.310999999999999943e+01 2.005402310429746926e+00
5.311999999999999744e+01 2.005066752712219902e+00
5.313000000000000256e+01 2.005400330946833343e+00
5.314000000000000057e+01 2.007606290837456342e+00
5.314999999999999858e+01 2.002858818158654852e+00
5.315999999999999659e+01 2.006235261334609277e+00
5.317000000000000171e+01 2.009624522535296887e+00
5.317999999999999972e+01 1.999979171876947959e+00
5.318999999999999773e+01 2.001765573053538638e+00
5.320000000000000284e+01 2.006596018581304541e+00
5.321000000000000085e+01 2.006402105276506642e+00
5.321999999999999886e+01 2.004572064957280464e+00
5.322999999999999687e+01 2.002009314876225687e+00
5.324000000000000199e+01 1.999291296529314810e+00
5.325000000000000000e+01 2.001868771860577656e+00
5.325999999999999801e+01 1.994869507116368457e+00
5.327000000000000313e+01 1.998251518688609618e+00
5.328000000000000114e+01 2.006752137587089369e+00
5.328999999999999915e+01 1.994153954297693376e+00
5.329999999999999716e+01 1.993088124987691945e+00
5.331000000000000227e+01 1.992447643930722379e+00
5.332000000000000028e+01 1.992071194951854363e+00
5.332999999999999829e+01 1.997253923173449408e+00
5.334000000000000341e+01 1.998812733605846548e+00
5.335000000000000142e+01 1.997922946313973380e+00
5.335999999999999943e+01 1.994912039159811412e+00
5.336999999999999744e+01 2.004241029508453842e+00
5.338000000000000256e+01 1.994519955603114791e+00
5.339000000000000057e+01 1.992853033322392164e+00
5.339999999999999858e+01 1.992087566726637560e+00
5.340999999999999659e+01 1.992924531806940180e+00
5.342000000000000171e+01 1.995297181396235686e+00
5.342999999999999972e+01 1.996977668114875204e+00
5.343999999999999773e+01 1.996010812881021224e+00
5.345000000000000284e+01 2.001443057045988461e+00
5.346000000000000085e+01 1.995108334628750812e+00
5.346999999999999886e+01 2.002307955380301596e+00
5.347999999999999687e+01 1.998306527823831003e+00
5.349000000000000199e+01 1.998732254689928212e+00
5.350000000000000000e+01 1.998554926216903116e+00
5.350999999999999801e+01 1.996574715035344116e+00
5.352000000000000313e+01 1.996445598648621145e+00
5.353000000000000114e+01 2.000530789955297983e+00
5.353999999999999915e+01 2.004335325279205549e+00
5.354999999999999716e+01 1.996240141035742655e+00
5.356000000000000227e+01 2.000002574257402799e+00
5.357000000000000028e+01 1.992729879505551693e+00
5.357999999999999829e+01 1.999014811702920058e+00
5.359000000000000341e+01 1.995612959099035688e+00
5.360000000000000142e+01 1.994577466634191776e+00
5.360999999999999943e+01 1.999801573953380096e+00
5.361999999999999744e+01 2.005218424130191579e+00
5.363000000000000256e+01 1.998679274502000114e+00
5.364000000000000057e+01 1.998654645085384818e+00
5.364999999999999858e+01 2.005819475085112380e+00
5.365999999999999659e+01 1.994758580465175513e+00
5.367000000000000171e+01 2.003182086880840096e+00
5.367999999999999972e+01 2.003220694295133164e+00
5.368999999999999773e+01 2.001214909016959975e+00
5.370000000000000284e+01 2.000616475289888285e+00
5.371000000000000085e+01 1.999990536334465663e+00
5.371999999999999886e+01 2.005139426998792107e+00
5.372999999999999687e+01 1.995567346656522689e+00
5.374000000000000199e+01 2.000114108349185571e+00
5.375000000000000000e+01 2.000933688616571615e+00
5.375999999999999801e+01 2.004660033951026321e+00
5.377000000000000313e+01 2.003813241380182131e+00
5.378000000000000114e+01 1.999149510878415636e+00
5.378999999999999915e+01 2.000460650530984097e+00
5.379999999999999716e+01 2.003606551274601522e+00
5.381000000000000227e+01 1.999261001122520920e+00
5.382000000000000028e+01 2.008868117423094901e+00
5.382999999999999829e+01 2.009366129870969964e+00
5.384000000000000341e+01 2.004987431970309153e+00
5.385000000000000142e+01 2.004444561033781547e+00
5.385999999999999943e+01 2.008817011926925300e+00
5.386999999999999744e+01 2.001024947541353960e+00
5.388000000000000256e+01 2.003321835523082850e+00
5.389000000000000057e+01 2.010562275763439821e+00
5.389999999999999858e+01 2.008327697873542483e+00
5.390999999999999659e+01 2.007098675410510680e+00
5.392000000000000171e+01 2.009834082465301375e+00
5.392999999999999972e+01 2.004869848639528662e+00
5.393999999999999773e+01 2.003030474298729491e+00
5.395000000000000284e+01 2.000659202082256449e+00
5.396000000000000085e+01 2.002896092686158092e+00
5.396999999999999886e+01 2.007935508322642892e+00
5.397999999999999687e+01 2.002817417944077860e+00
5.399000000000000199e+01 2.000084438047362578e+00
5.400000000000000000e+01 2.005066446371174926e+00
5.400999999999999801e+01 1.999686307150829734e+00
5.402000000000000313e+01 2.004100717718409363e+00
5.403000000000000114e+01 2.007254768226087727e+00
5.403999999999999915e+01 2.004549784892559749e+00
5.404999999999999716e+01 2.005167101688586584e+00
5.406000000000000227e+01 2.004411431374482078e+00
5.407000000000000028e+01 1.999745017103595091e+00
5.407999999999999829e+01 1.999508550784392824e+00
5.409000000000000341e+01 2.004610030441232205e+00
5.410000000000000142e+01 2.007238680992927016e+00
5.410999999999999943e+01 2.007720298367287270e+00
5.411999999999999744e+01 2.006112742717760078e+00
5.413000000000000256e+01 2.006725186862933441e+00
5.414000000000000057e+01 2.010475194945175126e+00
5.414999999999999858e+01 2.006486898993832035e+00
5.415999999999999659e+01 2.011545783996888215e+00
5.417000000000000171e+01 2.003077253985778849e+00
5.417999999999999972e+01 2.000927450852739042e+00
5.418999999999999773e+01 2.000652167520236890e+00
5.420000000000000284e+01 2.007141259839204661e+00
5.421000000000000085e+01 2.009314210705583470e+00
5.421999999999999886e+01 2.006458233396722246e+00
5.422999999999999687e+01 2.012531148037983719e+00
5.424000000000000199e+01 2.003271000703967353e+00
5.425000000000000000e+01 1.999487885803576503e+00
5.425999999999999801e+01 2.003922508978177586e+00
5.427000000000000313e+01 1.999652595172731306e+00
5.428000000000000114e+01 2.010260156745169446e+00
5.428999999999999915e+01 2.003148878523374865e+00
5.429999999999999716e+01 2.004065564295263613e+00
5.431000000000000227e+01 2.007119039138075323e+00
5.432000000000000028e+01 2.005238095846745949e+00
5.432999999999999829e+01 2.004216193040191385e+00
5.434000000000000341e+01 2.004025654887387820e+00
5.435000000000000142e+01 2.002595737700677780e+00
5.435999999999999943e+01 2.013610742239571039e+00
5.436999999999999744e+01 2.004059073767703758e+00
5.438000000000000256e+01 2.009422704579744146e+00
5.439000000000000057e+01 2.005353937382567064e+00
5.439999999999999858e+01 2.011393400692618627e+00
5.440999999999999659e+01 2.001487109574699552e+00
5.442000000000000171e+01 2.005122366976560322e+00
5.442999999999999972e+01 2.005494027230451337e+00
5.443999999999999773e+01 2.011634701032364081e+00
5.445000000000000284e+01 2.008232606302884804e+00
5.446000000000000085e+01 2.013373526158400484e+00
5.446999999999999886e+01 2.010734151874273845e+00
5.447999999999999687e+01 2.007253256503895855e+00
5.449000000000000199e+01 2.008180330382642875e+00
5.450000000000000000e+01 2.023859722360032531e+00
5.450999999999999801e+01 2.006983141248776636e+00
5.452000000000000313e+01 2.013084323656499031e+00
5.453000000000000114e+01 2.011374468227881795e+00
5.453999999999999915e+01 2.016745784073577852e+00
5.454999999999999716e+01 2.006138140991526431e+00
5.456000000000000227e+01 2.014900734317341069e+00
5.457000000000000028e+01 2.006670780194778736e+00
5.457999999999999829e+01 2.014272183836529617e+00
5.459000000000000341e+01 2.014514690202918068e+00
5.460000000000000142e+01 2.007006200860025569e+00
5.460999999999999943e+01 2.008504520666194004e+00
5.461999999999999744e+01 2.009082365906488477e+00
5.463000000000000256e+01 2.012864859456746203e+00
5.464000000000000057e+01 2.007705610783328432e+00
5.464999999999999858e+01 2.014969387713235971e+00
5.465999999999999659e+01 2.012516136459740146e+00
5.467000000000000171e+01 2.009390535615661832e+00
5.467999999999999972e+01 2.008175782713760960e+00
5.468999999999999773e+01 2.012207256144892487e+00
5.470000000000000284e+01 2.006370152025954923e+00
5.471000000000000085e+01 2.004099042634137184e+00
5.471999999999999886e+01 2.009606430784089071e+00
5.472999999999999687e+01 2.017635449329513442e+00
5.474000000000000199e+01 2.010211878898141791e+00
5.475000000000000000e+01 2.013549505659342209e+00
5.475999999999999801e+01 2.006280578273761162e+00
5.477000000000000313e+01 2.007177474606868905e+00
5.478000000000000114e+01 2.014442034915110202e+00
5.478999999999999915e+01 2.009547087025493894e+00
5.479999999999999716e+01 2.013119245203586871e+00
5.481000000000000227e+01 2.009800572123189077e+00
5.482000000000000028e+01 2.014254817896232730e+00
5.482999999999999829e+01 2.016415053532116808e+00
5.484000000000000341e+01 2.009497275429803498e+00
5.485000000000000142e+01 2.013543554539292124e+00
5.485999999999999943e+01 2.012680467784039973e+00
5.486999999999999744e+01 2.006814655169482542e+00
5.488000000000000256e+01 2.007205825928890075e+00
5.489000000000000057e+01 2.014352657399475444e+00
5.489999999999999858e+01 2.014181404894108240e+00
5.490999999999999659e+01 2.018615461228752572e+00
5.492000000000000171e+01 2.015668294332820576e+00
5.492999999999999972e+01 2.004271400096777178e+00
5.493999999999999773e+01 2.005931353754074831e+00
5.495000000000000284e+01 2.006868851913433005e+00
5.496000000000000085e+01 2.001924473881397049e+00
5.496999999999999886e+01 2.005087247536553985e+00
5.497999999999999687e+01 2.007627626020364708e+00
5.499000000000000199e+01 2.012630458688730695e+00
5.500000000000000000e+01 2.013824868737124074e+00
5.500999999999999801e+01 2.012669657536989121e+00
5.502000000000000313e+01 2.021289911136242345e+00
5.503000000000000114e+01 2.011614178813341702e+00
5.503999999999999915e+01 2.015920544966811612e+00
5.504999999999999716e+01 2.009331168917061206e+00
5.506000000000000227e+01 2.011253068331412930e+00
5.507000000000000028e+01 2.012701364386892955e+00
5.507999999999999829e+01 2.016308878845215702e+00
5.509000000000000341e+01 2.014677392077049767e+00
5.510000000000000142e+01 2.017933611619962875e+00
5.510999999999999943e+01 2.015255125249155288e+00
5.511999999999999744e+01 2.014352876175216966e+00
5.513000000000000256e+01 2.014350627120669479e+00
5.514000000000000057e+01 2.011778474674421613e+00
5.514999999999999858e+01 2.010670235420863872e+00
5.515999999999999659e+01 2.011762250837933586e+00
5.517000000000000171e+01 2.005750983670248733e+00
5.517999999999999972e+01 2.011062076788432407e+00
5.518999999999999773e+01 2.008283469005003319e+00
5.520000000000000284e+01 2.006936682732625599e+00
5.521000000000000085e+01 2.011653583511756604e+00
5.521999999999999886e+01 2.011709326542443943e+00
5.522999999999999687e+01 2.010408383298790902e+00
5.524000000000000199e+01 2.017427415552815351e+00
5.525000000000000000e+01 2.013232438146104197e+00
5.525999999999999801e+01 2.005348639739635175e+00
5.527000000000000313e+01 2.009463094832081076e+00
5.528000000000000114e+01 2.007414122550773783e+00
5.528999999999999915e+01 2.012176225483074177e+00
5.529999999999999716e+01 2.012981367276146294e+00
5.531000000000000227e+01 2.011009517822451631e+00
5.532000000000000028e+01 2.010571827216820928e+00
5.532999999999999829e+01 2.008765075906051134e+00
5.534000000000000341e+01 2.007835869207151624e+00
5.535000000000000142e+01 2.006916140788939096e+00
5.535999999999999943e+01 2.014422835506456622e+00
5.536999999999999744e+01 2.007107887718844630e+00
5.538000000000000256e+01 2.013090814957606334e+00
5.539000000000000057e+01 2.007632002366749990e+00
5.539999999999999858e+01 2.008937863053998019e+00
5.540999999999999659e+01 2.007453155959184166e+00
5.542000000000000171e+01 2.004985512572078576e+00
5.542999999999999972e+01 2.011376270620766071e+00
5.543999999999999773e+01 2.016443092608960264e+00
5.545000000000000284e+01 2.006799788340634105e+00
5.546000000000000085e+01 2.005415650574438935e+00
5.546999999999999886e+01 2.015023989724636699e+00
5.547999999999999687e+01 2.017138281009748457e+00
5.549000000000000199e+01 2.015753433605961931e+00
5.550000000000000000e+01 2.020455934114279373e+00
5.550999999999999801e+01 2.020102895349284111e+00
5.552000000000000313e+01 2.026234733027317603e+00
5.553000000000000114e+01 2.021919611149034068e+00
5.553999999999999915e+01 2.016416511829707492e+00
5.554999999999999716e+01 2.018246464077889435e+00
5.556000000000000227e+01 2.013657239776527330e+00
5.557000000000000028e+01 2.016152333770345528e+00
5.557999999999999829e+01 2.019641765587401494e+00
5.559000000000000341e+01 2.012176668186561379e+00
5.560000000000000142e+01 2.004875709388041383e+00
5.560999999999999943e+01 2.010631055292273484e+00
5.561999999999999744e+01 2.008548496944873030e+00
5.563000000000000256e+01 2.007636457024430054e+00
5.564000000000000057e+01 2.007369086283339765e+00
5.564999999999999858e+01 2.015646273935019828e+00
5.565999999999999659e+01 2.013219985247294730e+00
5.567000000000000171e+01 2.014816818703780044e+00
5.567999999999999972e+01 2.010131598469655057e+00
5.568999999999999773e+01 2.010858034690271801e+00
5.570000000000000284e+01 2.008423830150195322e+00
5.571000000000000085e+01 2.010605743450987415e+00
5.571999999999999886e+01 2.007233965996674030e+00
5.572999999999999687e+01 2.012854532760545823e+00
5.574000000000000199e+01 2.009332297325294725e+00
5.575000000000000000e+01 2.008448908154225609e+00
5.575999999999999801e+01 2.002611693047803954e+00
5.577000000000000313e+01 2.010103867023143032e+00
5.578000000000000114e+01 2.007666100185994562e+00
5.578999999999999915e+01 1.998278380923056208e+00
5.579999999999999716e+01 2.004243709038062704e+00
5.581000000000000227e+01 2.003057309651473883e+00
5.582000000000000028e+01 2.005550116256478610e+00
5.582999999999999829e+01 2.005339077024275163e+00
5.584000000000000341e+01 2.008354610669085272e+00
5.585000000000000142e+01 2.010819241692828108e+00
5.585999999999999943e+01 2.005288794198723856e+00
5.586999999999999744e+01 2.007004704865833489e+00
5.588000000000000256e+01 2.008982357970539034e+00
5.589000000000000057e+01 2.008601104551206440e+00
5.589999999999999858e+01 2.010098081579740459e+00
5.590999999999999659e+01 2.006724234174873889e+00
5.592000000000000171e+01 2.010207608004813018e+00
5.592999999999999972e+01 2.012445647987337161e+00
5.593999999999999773e+01 2.009279635660310426e+00
5.595000000000000284e+01 2.006473419820284931e+00
5.596000000000000085e+01 2.004353635383659515e+00
5.596999999999999886e+01 2.010881640138876492e+00
5.597999999999999687e+01 2.008405616646770753e+00
5.599000000000000199e+01 2.003066810237679629e+00
5.600000000000000000e+01 2.005774799686343979e+00
5.600999999999999801e+01 2.013985291197513128e+00
5.602000000000000313e+01 2.010759191535377965e+00
5.603000000000000114e+01 2.014188992892092855e+00
5.603999999999999915e+01 2.010005412052264795e+00
5.604999999999999716e+01 2.018574426896373897e+00
5.606000000000000227e+01 2.014721377873556207e+00
5.607000000000000028e+01 2.013814317963646072e+00
5.607999999999999829e+01 2.017093431320199137e+00
5.609000000000000341e+01 2.016687822010371445e+00
5.610000000000000142e+01 2.011664801503903810e+00
5.610999999999999943e+01 2.009897366717063427e+00
5.611999999999999744e+01 2.009144478567543413e+00
5.613000000000000256e+01 2.013190032325287149e+00
5.614000000000000057e+01 2.012927936474462776e+00
5.614999999999999858e+01 2.012739186969001004e+00
5.615999999999999659e+01 2.015167131290267921e+00
5.617000000000000171e+01 2.012663916739467762e+00
5.617999999999999972e+01 2.007813756774782465e+00
5.618999999999999773e+01 2.007324891000398459e+00
5.620000000000000284e+01 2.007610793170147900e+00
5.621000000000000085e+01 2.006396821822076237e+00
5.621999999999999886e+01 2.008997756451711858e+00
5.622999999999999687e+01 2.013504253165803615e+00
5.624000000000000199e+01 2.008633344490824868e+00
5.625000000000000000e+01 2.009948385067013898e+00
5.625999999999999801e+01 2.000958963252684963e+00
5.627000000000000313e+01 2.005419580048036554e+00
5.628000000000000114e+01 2.007981637304822264e+00
5.628999999999999915e+01 2.011789596787726619e+00
5.629999999999999716e+01 2.015695071614456602e+00
5.631000000000000227e+01 2.018305569299065461e+00
5.632000000000000028e+01 2.011692325073703991e+00
5.632999999999999829e+01 2.009025159638055502e+00
5.634000000000000341e+01 2.009411325957779493e+00
5.635000000000000142e+01 2.007324328583077300e+00
5.635999999999999943e+01 2.010522881403438156e+00
5.636999999999999744e+01 2.016278228540980599e+00
5.638000000000000256e+01 2.013922498132909134e+00
5.639000000000000057e+01 2.007047700874463381e+00
5.639999999999999858e+01 2.012735567368134415e+00
5.640999999999999659e+01 2.016106321700003257e+00
5.642000000000000171e+01 2.022868368798381500e+00
5.642999999999999972e+01 2.015738924218191119e+00
5.643999999999999773e+01 2.010189250377171888e+00
5.645000000000000284e+01 2.013193631148308071e+00
5.646000000000000085e+01 2.011294781046412794e+00
5.646999999999999886e+01 2.011352935811622444e+00
5.647999999999999687e+01 2.016350083502723045e+00
5.649000000000000199e+01 2.005564978783857644e+00
5.650000000000000000e+01 2.018947754289702523e+00
5.650999999999999801e+01 2.014700315370748562e+00
5.652000000000000313e+01 2.016099358062136471e+00
5.653000000000000114e+01 2.015249369099052057e+00
5.653999999999999915e+01 2.017335863601744439e+00
5.654999999999999716e+01 2.017795855235220870e+00
5.656000000000000227e+01 2.016750874630608870e+00
5.657000000000000028e+01 2.014280015232870369e+00
5.657999999999999829e+01 2.010078216010939833e+00
5.659000000000000341e+01 2.006910208261635908e+00
5.660000000000000142e+01 2.011951848231816609e+00
5.660999999999999943e+01 2.009861535989959425e+00
5.661999999999999744e+01 2.008399538857158273e+00
5.663000000000000256e+01 2.006470774623336339e+00
5.664000000000000057e+01 2.012718505615694209e+00
5.664999999999999858e+01 2.003643538025426274e+00
5.665999999999999659e+01 2.010718069619403359e+00
5.667000000000000171e+01 2.016448439096532042e+00
5.667999999999999972e+01 2.005843732979881722e+00
5.668999999999999773e+01 2.003989462601450278e+00
5.670000000000000284e+01 2.003525022981346826e+00
5.671000000000000085e+01 1.999046647227844087e+00
5.671999999999999886e+01 2.010191821521561284e+00
5.672999999999999687e+01 2.007609348113887471e+00
5.674000000000000199e+01 2.009738711159719138e+00
5.675000000000000000e+01 2.009872592922603118e+00
5.675999999999999801e+01 2.004911057121723239e+00
5.677000000000000313e+01 2.005955537106649977e+00
5.678000000000000114e+01 2.007180585518269389e+00
5.678999999999999915e+01 2.011358329418393431e+00
5.679999999999999716e+01 2.005262458650915569e+00
5.681000000000000227e+01 2.003420739111210214e+00
5.682000000000000028e+01 2.011271876548860860e+00
5.682999999999999829e+01 2.005430259369616497e+00
5.684000000000000341e+01 2.005270220926367308e+00
5.685000000000000142e+01 2.006377917363951546e+00
5.685999999999999943e+01 2.000157994029250208e+00
5.686999999999999744e+01 2.002822596704958436e+00
5.688000000000000256e+01 2.003377039950625882e+00
5.689000000000000057e+01 1.998802272068707753e+00
5.689999999999999858e+01 2.008830756275596485e+00
5.690999999999999659e+01 2.006245900961504347e+00
5.692000000000000171e+01 2.004192167842269612e+00
5.692999999999999972e+01 2.007781332170293087e+00
5.693999999999999773e+01 2.001249465568300856e+00
5.695000000000000284e+01 2.003776476510982896e+00
5.696000000000000085e+01 2.008012801983495521e+00
5.696999999999999886e+01 2.004792876373685306e+00
5.697999999999999687e+01 2.002958628518129114e+00
5.699000000000000199e+01 2.002362547667972059e+00
5.700000000000000000e+01 2.004045600382042824e+00
5.700999999999999801e+01 2.006552139166529081e+00
5.702000000000000313e+01 2.005621287994620694e+00
5.703000000000000114e+01 2.010026319786366589e+00
5.703999999999999915e+01 2.014920141796530562e+00
5.704999999999999716e+01 2.006634574481076960e+00
5.706000000000000227e+01 2.012323118402172373e+00
5.707000000000000028e+01 2.013637979327902006e+00
5.707999999999999829e+01 2.016771045881379010e+00
5.709000000000000341e+01 2.011397795544631162e+00
5.710000000000000142e+01 2.011609871525640081e+00
5.710999999999999943e+01 2.012441050070250093e+00
5.711999999999999744e+01 2.013145471339526260e+00
5.713000000000000256e+01 2.008359857797914039e+00
5.714000000000000057e+01 2.015934671143814416e+00
5.714999999999999858e+01 2.014735612957770261e+00
5.715999999999999659e+01 2.002845787503229058e+00
5.717000000000000171e+01 2.011651652400773038e+00
5.717999999999999972e+01 2.013046460500182100e+00
5.718999999999999773e+01 2.005641385594489456e+00
5.720000000000000284e+01 2.002641084037089847e+00
5.721000000000000085e+01 2.007255661298747551e+00
5.721999999999999886e+01 2.010526456741736023e+00
5.722999999999999687e+01 2.005221767575745329e+00
5.724000000000000199e+01 2.013078135796638968e+00
5.725000000000000000e+01 2.010445310774346517e+00
5.725999999999999801e+01 2.009568102974433224e+00
5.727000000000000313e+01 2.014031615660774488e+00
5.728000000000000114e+01 2.015716366130735793e+00
5.728999999999999915e+01 2.010991396233582584e+00
5.729999999999999716e+01 2.014647891604917085e+00
5.731000000000000227e+01 2.013892798537535000e+00
5.732000000000000028e+01 2.018451621532633578e+00
5.732999999999999829e+01 2.013255434645696784e+00
5.734000000000000341e+01 2.007106090152632749e+00
5.735000000000000142e+01 2.010733951342031478e+00
5.735999999999999943e+01 2.013844464111993471e+00
5.736999999999999744e+01 2.006395347871111401e+00
5.738000000000000256e+01 2.009037894810620450e+00
5.739000000000000057e+01 2.012486560770391453e+00
5.739999999999999858e+01 2.011952168759523651e+00
5.740999999999999659e+01 2.013471892575324773e+00
5.742000000000000171e+01 2.006241316104986794e+00
5.742999999999999972e+01 2.009886840725773727e+00
5.743999999999999773e+01 2.011315267488626546e+00
5.745000000000000284e+01 2.000354071300653125e+00
5.746000000000000085e+01 2.004276188931213731e+00
5.746999999999999886e+01 2.010560976649759191e+00
5.747999999999999687e+01 2.010741107528470906e+00
5.749000000000000199e+01 2.012149413288516708e+00
5.750000000000000000e+01 2.006963335740994392e+00
5.750999999999999801e+01 2.010219208327531426e+00
5.752000000000000313e+01 2.004030585545241827e+00
5.753000000000000114e+01 2.001778168703677530e+00
5.753999999999999915e+01 2.005442237694020857e+00
5.754999999999999716e+01 2.000288105576502495e+00
5.756000000000000227e+01 1.998372772081394189e+00
5.757000000000000028e+01 2.003234414500861149e+00
5.757999999999999829e+01 2.002012356973839502e+00
5.759000000000000341e+01 2.004104750335726770e+00
5.760000000000000142e+01 1.999991047077452233e+00
5.760999999999999943e+01 2.002459769374092424e+00
5.761999999999999744e+01 2.002977838868688742e+00
5.763000000000000256e+01 2.010098513599140269e+00
5.764000000000000057e+01 2.012711424469331156e+00
5.764999999999999858e+01 2.008213955499436043e+00
5.765999999999999659e+01 2.006538027831923365e+00
5.767000000000000171e+01 2.004848088530552630e+00
5.767999999999999972e+01 2.005356838766515271e+00
5.768999999999999773e+01 2.008283871427393841e+00
5.770000000000000284e+01 2.006137704838598879e+00
5.771000000000000085e+01 2.005366949924979103e+00
5.771999999999999886e+01 2.004719068513975966e+00
5.772999999999999687e+01 2.006958285800392261e+00
5.774000000000000199e+01 2.006630613277863517e+00
5.775000000000000000e+01 2.005293710376455429e+00
5.775999999999999801e+01 2.002860268031812829e+00
5.777000000000000313e+01 1.998932262391601045e+00
5.778000000000000114e+01 2.003429784393294000e+00
5.778999999999999915e+01 2.006318585071992011e+00
5.779999999999999716e+01 2.005226827103777421e+00
5.781000000000000227e+01 2.003623421119474113e+00
5.782000000000000028e+01 2.003790791438105678e+00
5.782999999999999829e+01 2.007827819048031426e+00
5.784000000000000341e+01 2.006918624990356559e+00
5.785000000000000142e+01 2.015027124362704036e+00
5.785999999999999943e+01 2.012787331800589108e+00
5.786999999999999744e+01 2.018469918389809159e+00
5.788000000000000256e+01 2.007049206924556461e+00
5.789000000000000057e+01 2.011490456003229177e+00
5.789999999999999858e+01 2.002561583815371637e+00
5.790999999999999659e+01 2.000129159817954250e+00
5.792000000000000171e+01 2.007216227772475214e+00
5.792999999999999972e+01 2.003242174567202660e+00
5.793999999999999773e+01 2.008530534185719141e+00
5.795000000000000284e+01 2.008537841744289398e+00
5.796000000000000085e+01 2.015848586622694505e+00
5.796999999999999886e+01 2.011552843772792976e+00
5.797999999999999687e+01 2.011155160919313012e+00
5.799000000000000199e+01 2.006091734834069218e+00
5.800000000000000000e+01 2.005016970142154076e+00
5.800999999999999801e+01 2.008999013522291044e+00
5.802000000000000313e+01 2.010768734917916856e+00
5.803000000000000114e+01 2.014422854671668706e+00
5.803999999999999915e+01 2.005443972406476760e+00
5.804999999999999716e+01 2.007539838382363051e+00
5.806000000000000227e+01 2.003314881919755486e+00
5.807000000000000028e+01 2.016023444979406776e+00
5.807999999999999829e+01 2.013228772048773152e+00
5.809000000000000341e+01 2.010140960346618932e+00
5.810000000000000142e+01 2.009554243067583013e+00
5.810999999999999943e+01 2.002764944486791432e+00
5.811999999999999744e+01 2.005804473506800356e+00
5.813000000000000256e+01 2.010650675939475107e+00
5.814000000000000057e+01 2.003541645876895316e+00
5.814999999999999858e+01 2.010238127411654752e+00
5.815999999999999659e+01 2.004861615641932104e+00
5.817000000000000171e+01 2.011236119394152588e+00
5.817999999999999972e+01 2.013026896493309792e+00
5.818999999999999773e+01 2.008260787858112018e+00
5.820000000000000284e+01 2.005941814362365960e+00
5.821000000000000085e+01 2.011933716491879132e+00
5.821999999999999886e+01 2.006538569674961803e+00
5.822999999999999687e+01 2.010040813796665216e+00
5.824000000000000199e+01 2.013166871343175401e+00
5.825000000000000000e+01 2.003478360963343530e+00
5.825999999999999801e+01 2.009753662840043642e+00
5.827000000000000313e+01 2.010644113379249642e+00
5.828000000000000114e+01 2.009113916857811155e+00
5.828999999999999915e+01 2.017407126264823880e+00
5.829999999999999716e+01 2.016437089484379719e+00
5.831000000000000227e+01 2.009324459462118018e+00
5.832000000000000028e+01 2.013278654618990693e+00
5.832999999999999829e+01 2.013770904278969986e+00
5.834000000000000341e+01 2.012839262995647083e+00
5.835000000000000142e+01 2.009057711325691997e+00
5.835999999999999943e+01 2.009364174348656995e+00
5.836999999999999744e+01 2.012728420689792408e+00
5.838000000000000256e+01 2.007837296806477045e+00
5.839000000000000057e+01 2.009145221829316430e+00
5.839999999999999858e+01 2.020060127710856079e+00
5.840999999999999659e+01 2.007301380677237734e+00
5.842000000000000171e+01 2.012440686616321806e+00
5.842999999999999972e+01 2.012871309369790751e+00
5.843999999999999773e+01 2.010630515934598073e+00
5.845000000000000284e+01 2.006977924312858708e+00
5.846000000000000085e+01 2.005547155294787220e+00
5.846999999999999886e+01 2.014140165758955270e+00
5.847999999999999687e+01 2.011969033230649906e+00
5.849000000000000199e+01 2.013963155026093244e+00
5.850000000000000000e+01 2.011138331671487922e+00
5.850999999999999801e+01 2.009308554998952889e+00
5.852000000000000313e+01 2.010669906548029129e+00
5.853000000000000114e+01 2.008471475722306998e+00
5.853999999999999915e+01 2.013138440921869776e+00
5.854999999999999716e+01 2.010069834567549840e+00
5.856000000000000227e+01 2.006080055855734567e+00
5.857000000000000028e+01 2.010406477330289654e+00
5.857999999999999829e+01 2.015297711126209812e+00
5.859000000000000341e+01 2.011853954605057115e+00
5.860000000000000142e+01 2.006954664802097277e+00
5.860999999999999943e+01 2.007446317595959151e+00
5.861999999999999744e+01 2.009901909126651454e+00
5.863000000000000256e+01 2.002661004523555111e+00
5.864000000000000057e+01 2.003678112591572802e+00
5.864999999999999858e+01 2.010403809309922352e+00
5.865999999999999659e+01 2.014881604573530716e+00
5.867000000000000171e+01 2.013794434333944672e+00
5.867999999999999972e+01 2.017869913357699385e+00
5.868999999999999773e+01 2.008688844263953666e+00
5.870000000000000284e+01 2.009363910647640417e+00
5.871000000000000085e+01 2.007879543043794346e+00
5.871999999999999886e+01 2.009042155684146458e+00
5.872999999999999687e+01 2.008811411125035029e+00
5.874000000000000199e+01 2.010893322228325175e+00
5.875000000000000000e+01 2.013398507133745685e+00
5.875999999999999801e+01 2.015301546824625145e+00
5.877000000000000313e+01 2.012220834303936723e+00
5.878000000000000114e+01 2.020221534289986742e+00
5.878999999999999915e+01 2.012491456056355155e+00
5.879999999999999716e+01 2.013852029520880826e+00
5.881000000000000227e+01 2.018450159945608835e+00
5.882000000000000028e+01 2.013239554886317784e+00
5.882999999999999829e+01 2.009918661777239102e+00
5.884000000000000341e+01 2.011732852270726291e+00
5.885000000000000142e+01 2.009621442646353451e+00
5.885999999999999943e+01 2.005539809138856988e+00
5.886999999999999744e+01 2.007495370525008482e+00
5.888000000000000256e+01 2.011126387348685096e+00
5.889000000000000057e+01 2.014820625068185045e+00
5.889999999999999858e+01 2.007787136751222334e+00
5.890999999999999659e+01 2.006244370958836676e+00
5.892000000000000171e+01 2.013302441180680358e+00
5.892999999999999972e+01 2.013389110661158554e+00
5.893999999999999773e+01 2.009271896582495387e+00
5.895000000000000284e+01 1.999605728007944005e+00
5.896000000000000085e+01 2.005803565532879418e+00
5.896999999999999886e+01 2.009330083677817402e+00
5.897999999999999687e+01 2.004229819696819348e+00
5.899000000000000199e+01 2.011613738931420148e+00
5.900000000000000000e+01 2.003787938159497184e+00
5.900999999999999801e+01 2.012322688182053732e+00
5.902000000000000313e+01 2.016223612126567755e+00
5.903000000000000114e+01 2.014650760858617939e+00
5.903999999999999915e+01 2.013672854031475445e+00
5.904999999999999716e+01 2.008185340582054224e+00
5.906000000000000227e+01 2.007284043015179265e+00
5.907000000000000028e+01 2.009231505865329392e+00
5.907999999999999829e+01 2.008791720646399437e+00
5.909000000000000341e+01 2.002156471730012210e+00
5.910000000000000142e+01 2.015134110647315513e+00
5.910999999999999943e+01 2.012656825028183327e+00
5.911999999999999744e+01 2.011209246917465610e+00
5.913000000000000256e+01 2.010562372746332205e+00
5.914000000000000057e+01 2.005228766725527301e+00
5.914999999999999858e+01 2.003997699123345466e+00
5.915999999999999659e+01 2.004724137635786274e+00
5.917000000000000171e+01 2.001857278203881485e+00
5.917999999999999972e+01 2.008082494358841341e+00
5.918999999999999773e+01 2.017036515338253011e+00
5.920000000000000284e+01 2.009135710719305301e+00
5.921000000000000085e+01 2.008936680450108092e+00
5.921999999999999886e+01 2.017443283717221814e+00
5.922999999999999687e+01 2.010873527443991726e+00
5.924000000000000199e+01 2.016122692669361616e+00
5.925000000000000000e+01 2.013961309666446375e+00
5.925999999999999801e+01 2.017681084557737314e+00
5.927000000000000313e+01 2.014258015649421640e+00
5.928000000000000114e+01 2.017895300642374323e+00
5.928999999999999915e+01 2.007960705555446257e+00
5.929999999999999716e+01 2.002465877944902495e+00
5.931000000000000227e+01 2.001752240532491456e+00
5.932000000000000028e+01 2.007419884769293450e+00
5.932999999999999829e+01 2.008134471466441529e+00
5.934000000000000341e+01 2.019441531038981275e+00
5.935000000000000142e+01 2.011623081082115405e+00
5.935999999999999943e+01 2.018916399962742414e+00
5.936999999999999744e+01 2.021830825021048827e+00
5.938000000000000256e+01 2.014743682977857553e+00
5.939000000000000057e+01 2.019415465801578158e+00
5.939999999999999858e+01 2.013402038261228988e+00
5.940999999999999659e+01 2.012491014722353810e+00
5.942000000000000171e+01 2.024069975599669391e+00
5.942999999999999972e+01 2.022888448415385287e+00
5.943999999999999773e+01 2.015610276220988428e+00
5.945000000000000284e+01 2.015097034285681321e+00
5.946000000000000085e+01 2.014931405192792013e+00
5.946999999999999886e+01 2.019686645746622933e+00
5.947999999999999687e+01 2.015103838761231891e+00
5.949000000000000199e+01 2.011104436658744721e+00
5.950000000000000000e+01 2.011661188485650786e+00
5.950999999999999801e+01 2.010485982404722094e+00
5.952000000000000313e+01 2.008719208716084115e+00
5.953000000000000114e+01 2.017767677058694087e+00
5.953999999999999915e+01 2.009711374215151114e+00
5.954999999999999716e+01 2.008850738413261006e+00
5.956000000000000227e+01 2.011640885088947339e+00
5.957000000000000028e+01 2.003492227597209130e+00
5.957999999999999829e+01 1.999739732791274704e+00
5.959000000000000341e+01 2.007957254885544440e+00
5.960000000000000142e+01 2.006536928777635787e+00
5.960999999999999943e+01 2.001756645805154555e+00
5.961999999999999744e+01 2.010805073914306629e+00
5.963000000000000256e+01 2.010288858970895820e+00
5.964000000000000057e+01 2.010811171119627705e+00
5.964999999999999858e+01 2.016622457256017409e+00
5.965999999999999659e+01 2.021292083296185815e+00
5.967000000000000171e+01 2.018972069140730685e+00
5.967999999999999972e+01 2.005868925404051151e+00
5.968999999999999773e+01 2.011349251137944272e+00
5.970000000000000284e+01 2.007032733016990811e+00
5.971000000000000085e+01 2.013151648597563792e+00
5.971999999999999886e+01 2.012545093535551111e+00
5.972999999999999687e+01 2.010210066397555728e+00
5.974000000000000199e+01 2.012374007885894933e+00
5.975000000000000000e+01 2.009450531941535001e+00
5.975999999999999801e+01 2.013555333092518218e+00
5.977000000000000313e+01 2.011676319588423745e+00
5.978000000000000114e+01 2.012017624022274465e+00
5.978999999999999915e+01 2.010457081246844524e+00
5.979999999999999716e+01 2.007167820072406350e+00
5.981000000000000227e+01 2.005801491070505538e+00
5.982000000000000028e+01 2.009039195062162442e+00
5.982999999999999829e+01 2.003654019562860267e+00
5.984000000000000341e+01 2.011212278493358596e+00
5.985000000000000142e+01 2.012383661121670553e+00
5.985999999999999943e+01 2.002762616056491307e+00
5.986999999999999744e+01 2.006047805152275210e+00
5.988000000000000256e+01 2.008775928753177009e+00
5.989000000000000057e+01 2.005379354430081751e+00
5.989999999999999858e+01 2.006450388773590277e+00
5.990999999999999659e+01 1.996842485921787924e+00
5.992000000000000171e+01 1.999040030681208835e+00
5.992999999999999972e+01 2.003143491343332361e+00
5.993999999999999773e+01 2.001425397247365900e+00
5.995000000000000284e+01 2.003291274248089948e+00
5.996000000000000085e+01 2.011007849404152559e+00
5.996999999999999886e+01 2.002786590148729395e+00
5.997999999999999687e+01 2.008567838662009386e+00
5.999000000000000199e+01 2.009043750566349651e+00
6.000000000000000000e+01 2.002289378287734678e+00
6.000999999999999801e+01 2.012751928528657697e+00
6.002000000000000313e+01 2.014039207394781261e+00
6.003000000000000114e+01 2.014496321831664272e+00
6.003999999999999915e+01 2.009432961655692296e+00
6.004999999999999716e+01 2.009345010542045173e+00
6.006000000000000227e+01 2.011116522462837342e+00
6.007000000000000028e+01 2.004134671874519658e+00
6.007999999999999829e+01 2.007505415559324380e+00
6.009000000000000341e+01 2.002213342993077738e+00
6.010000000000000142e+01 2.007938511157190575e+00
6.010999999999999943e+01 2.003721593148641400e+00
6.011999999999999744e+01 2.008890373104639249e+00
6.013000000000000256e+01 2.002936263982940002e+00
6.014000000000000057e+01 2.008584216359031949e+00
6.014999999999999858e+01 2.010476470371798552e+00
6.015999999999999659e+01 2.004960776281739854e+00
6.017000000000000171e+01 2.006509285906691531e+00
6.017999999999999972e+01 2.010714567127325214e+00
6.018999999999999773e+01 2.002509933789869745e+00
6.020000000000000284e+01 2.001831477208004806e+00
6.021000000000000085e+01 2.009521354752194622e+00
6.021999999999999886e+01 2.001915239654985967e+00
6.022999999999999687e+01 2.006273730161486135e+00
6.024000000000000199e+01 2.005402528948891039e+00
6.025000000000000000e+01 2.002467782814387753e+00
6.025999999999999801e+01 2.006794468909729456e+00
6.027000000000000313e+01 2.004920725585936037e+00
6.028000000000000114e+01 2.000795447545255623e+00
6.028999999999999915e+01 2.001782693943161995e+00
6.029999999999999716e+01 2.001618929549976666e+00
6.031000000000000227e+01 2.004908841715533185e+00
6.032000000000000028e+01 2.001426028933298795e+00
6.032999999999999829e+01 2.007966718473251255e+00
6.034000000000000341e+01 2.001611949259012757e+00
6.035000000000000142e+01 2.004379584593107388e+00
6.035999999999999943e+01 2.004450135122433529e+00
6.036999999999999744e+01 2.009724462413966073e+00
6.038000000000000256e+01 2.009620076716245318e+00
6.039000000000000057e+01 2.010467967393928745e+00
6.039999999999999858e+01 2.010256756269305889e+00
6.040999999999999659e+01 2.008625005529202756e+00
6.042000000000000171e+01 2.010804674973917461e+00
6.042999999999999972e+01 2.011653288135062390e+00
6.043999999999999773e+01 2.012275502144567518e+00
6.045000000000000284e+01 2.015937069459947217e+00
6.046000000000000085e+01 2.011304447119695027e+00
6.046999999999999886e+01 2.011668834691042296e+00
6.047999999999999687e+01 2.015732721361918500e+00
6.049000000000000199e+01 2.014184107015592584e+00
6.050000000000000000e+01 2.006893024107021084e+00
6.050999999999999801e+01 2.016480142320253410e+00
6.052000000000000313e+01 2.011849113439068581e+00
6.053000000000000114e+01 2.009955297890167358e+00
6.053999999999999915e+01 2.003680579014646579e+00
6.054999999999999716e+01 2.005628503495217707e+00
6.056000000000000227e+01 2.002236219081048763e+00
6.057000000000000028e+01 2.008344574156899487e+00
6.057999999999999829e+01 2.013063322134846622e+00
6.059000000000000341e+01 2.011117984868436182e+00
6.060000000000000142e+01 2.015468136221447715e+00
6.060999999999999943e+01 2.017057818583773532e+00
6.061999999999999744e+01 2.016258478680099664e+00
6.063000000000000256e+01 2.009460882523866676e+00
6.064000000000000057e+01 2.003510860728865417e+00
6.064999999999999858e+01 2.016909750589380490e+00
6.065999999999999659e+01 2.007441564191423833e+00
6.067000000000000171e+01 2.008109524639612786e+00
6.067999999999999972e+01 2.013211208599694935e+00
6.068999999999999773e+01 2.019142060143374273e+00
6.070000000000000284e+01 2.011688737834311347e+00
6.071000000000000085e+01 2.008187173523384494e+00
6.071999999999999886e+01 2.004258821718476025e+00
6.072999999999999687e+01 2.008048243532803312e+00
6.074000000000000199e+01 2.007109018167566816e+00
6.075000000000000000e+01 2.008443751144160405e+00
6.075999999999999801e+01 2.009040690811535690e+00
6.077000000000000313e+01 2.006066125265840494e+00
6.078000000000000114e+01 2.011245070665042878e+00
6.078999999999999915e+01 2.012557728313949301e+00
6.079999999999999716e+01 2.004806123210007840e+00
6.081000000000000227e+01 2.011822117470305926e+00
6.082000000000000028e+01 2.008974363615342984e+00
6.082999999999999829e+01 2.013542920305005257e+00
6.084000000000000341e+01 2.015918332828106507e+00
6.085000000000000142e+01 2.010521487595267498e+00
6.085999999999999943e+01 2.008812349681920573e+00
6.086999999999999744e+01 2.016288645989452011e+00
6.088000000000000256e+01 2.002370776978790623e+00
6.089000000000000057e+01 2.005002236029378881e+00
6.089999999999999858e+01 2.006574787808833804e+00
6.090999999999999659e+01 2.011522377988723242e+00
6.092000000000000171e+01 2.015644858722672517e+00
6.092999999999999972e+01 2.017347682646520202e+00
6.093999999999999773e+01 2.005090059179196693e+00
6.095000000000000284e+01 2.014754570800476152e+00
6.096000000000000085e+01 2.008699111272938431e+00
6.096999999999999886e+01 2.017609055425075848e+00
6.097999999999999687e+01 2.009289409061866927e+00
6.099000000000000199e+01 2.019414378254084319e+00
6.100000000000000000e+01 2.005675340794716988e+00
6.100999999999999801e+01 2.008192216688752030e+00
6.102000000000000313e+01 2.005106650320214179e+00
6.103000000000000114e+01 2.010641508990368642e+00
6.103999999999999915e+01 2.013018478733723082e+00
6.104999999999999716e+01 2.004684135602358808e+00
6.106000000000000227e+01 2.010550051118817017e+00
6.107000000000000028e+01 2.009214241712648619e+00
6.107999999999999829e+01 2.012870067674116914e+00
6.109000000000000341e+01 2.000280576824221779e+00
6.110000000000000142e+01 2.004377974535137774e+00
6.110999999999999943e+01 2.009524490744342362e+00
6.111999999999999744e+01 2.006618734287646255e+00
6.113000000000000256e+01 2.005545449282230219e+00
6.114000000000000057e+01 2.016514389002560748e+00
6.114999999999999858e+01 2.014938617109037544e+00
6.115999999999999659e+01 2.009725997839237444e+00
6.117000000000000171e+01 2.017615152904947529e+00
6.117999999999999972e+01 2.007313125838947609e+00
6.118999999999999773e+01 2.012526999951696816e+00
6.120000000000000284e+01 2.014592929842578872e+00
6.121000000000000085e+01 2.008520831767801162e+00
6.121999999999999886e+01 2.007551779130902325e+00
6.122999999999999687e+01 2.003897836523667930e+00
6.124000000000000199e+01 2.012736219121784131e+00
6.125000000000000000e+01 2.010937605385349602e+00
6.125999999999999801e+01 2.009356897634414274e+00
6.127000000000000313e+01 2.013006649501848155e+00
6.128000000000000114e+01 2.012077879536868785e+00
6.128999999999999915e+01 2.006190679316618652e+00
6.129999999999999716e+01 2.008392826674804788e+00
6.131000000000000227e+01 2.001541552549702008e+00
6.132000000000000028e+01 2.007559304627294150e+00
6.132999999999999829e+01 2.009656646621047038e+00
6.134000000000000341e+01 2.007926576688567444e+00
6.135000000000000142e+01 2.012671010447442121e+00
6.135999999999999943e+01 2.005093962145629849e+00
6.136999999999999744e+01 2.003643117140433638e+00
6.138000000000000256e+01 2.012699165198311935e+00
6.139000000000000057e+01 2.010457294283590990e+00
6.139999999999999858e+01 2.004337287910309851e+00
6.140999999999999659e+01 2.012294771000985971e+00
6.142000000000000171e+01 2.004211300962980502e+00
6.142999999999999972e+01 2.011996208776690942e+00
6.143999999999999773e+01 2.013344949023180508e+00
6.145000000000000284e+01 2.008204970045669224e+00
6.146000000000000085e+01 2.009520504288558218e+00
6.146999999999999886e+01 2.009254486530895445e+00
6.147999999999999687e+01 2.011268857920543773e+00
6.149000000000000199e+01 2.017377430325006049e+00
6.150000000000000000e+01 2.006710643519225901e+00
6.150999999999999801e+01 2.010023554880183028e+00
6.152000000000000313e+01 2.004471436045737853e+00
6.153000000000000114e+01 2.003536038579058598e+00
6.153999999999999915e+01 2.004038836052496997e+00
6.154999999999999716e+01 2.013580810144542266e+00
6.156000000000000227e+01 2.015399243876836888e+00
6.157000000000000028e+01 2.008826585406327858e+00
6.157999999999999829e+01 2.007590992733200075e+00
6.159000000000000341e+01 2.010882962353587988e+00
6.160000000000000142e+01 2.000205401174071529e+00
6.160999999999999943e+01 2.006415277377064932e+00
6.161999999999999744e+01 2.002855599130696440e+00
6.163000000000000256e+01 2.003392698965126062e+00
6.164000000000000057e+01 2.002297852617649809e+00
6.164999999999999858e+01 2.012392904834198859e+00
6.165999999999999659e+01 2.009488107169389970e+00
6.167000000000000171e+01 2.011521086259382418e+00
6.167999999999999972e+01 2.003778536299716251e+00
6.168999999999999773e+01 2.004118996848629930e+00
6.170000000000000284e+01 2.005692398697301204e+00
6.171000000000000085e+01 2.008879868088827791e+00
6.171999999999999886e+01 1.997461497605139913e+00
6.172999999999999687e+01 2.002747283384975763e+00
6.174000000000000199e+01 2.000692496433086554e+00
6.175000000000000000e+01 2.003866991465019343e+00
6.175999999999999801e+01 2.005478989002811741e+00
6.177000000000000313e+01 2.002573317054207269e+00
6.178000000000000114e+01 2.000245934082259147e+00
6.178999999999999915e+01 2.002722089209285183e+00
6.179999999999999716e+01 2.006014981414341314e+00
6.181000000000000227e+01 1.997509734517014079e+00
6.182000000000000028e+01 1.996234974744946156e+00
6.182999999999999829e+01 2.005364338419791448e+00
6.184000000000000341e+01 1.995138777081551185e+00
6.185000000000000142e+01 2.000722455474165606e+00
6.185999999999999943e+01 2.002101352662152944e+00
6.186999999999999744e+01 2.005333142460099527e+00
6.188000000000000256e+01 2.001162379219323384e+00
6.189000000000000057e+01 2.001364282623339541e+00
6.189999999999999858e+01 2.003081572153610601e+00
6.190999999999999659e+01 2.000889234791787263e+00
6.192000000000000171e+01 2.009022447848406667e+00
6.192999999999999972e+01 2.009972244952689557e+00
6.193999999999999773e+01 2.016494127789427715e+00
6.195000000000000284e+01 2.009806295757332606e+00
6.196000000000000085e+01 2.010790731282869892e+00
6.196999999999999886e+01 2.006097436318857952e+00
6.197999999999999687e+01 2.011715347905910001e+00
6.199000000000000199e+01 2.007212913685608946e+00
6.200000000000000000e+01 2.011507602084216195e+00
6.200999999999999801e+01 2.009137344780889567e+00
6.202000000000000313e+01 2.010248010217462244e+00
6.203000000000000114e+01 2.011457977526021068e+00
6.203999999999999915e+01 2.006416740680151634e+00
6.204999999999999716e+01 2.007229114191527053e+00
6.206000000000000227e+01 2.014897508583790575e+00
6.207000000000000028e+01 2.020871366807310388e+00
6.207999999999999829e+01 2.014502075095099265e+00
6.209000000000000341e+01 2.015090222654499108e+00
6.210000000000000142e+01 2.009918850820678671e+00
6.210999999999999943e+01 2.006595915704989519e+00
6.211999999999999744e+01 2.006844423525198984e+00
6.213000000000000256e+01 2.008238911087908196e+00
6.214000000000000057e+01 2.015416340079588586e+00
6.214999999999999858e+01 2.013718494722097407e+00
6.215999999999999659e+01 2.010567798964543407e+00
6.217000000000000171e+01 2.018825402738647412e+00
6.217999999999999972e+01 2.011975612260400226e+00
6.218999999999999773e+01 2.019087995437790717e+00
6.220000000000000284e+01 2.016976774349636070e+00
6.221000000000000085e+01 2.012265255309171330e+00
6.221999999999999886e+01 2.014285487811641850e+00
6.222999999999999687e+01 2.010335638901248778e+00
6.224000000000000199e+01 2.007720643322682186e+00
6.225000000000000000e+01 2.013577082747091573e+00
6.225999999999999801e+01 2.008172739647873684e+00
6.227000000000000313e+01 2.016483222177679391e+00
6.228000000000000114e+01 2.009072772284889119e+00
6.228999999999999915e+01 2.005935731229270935e+00
6.229999999999999716e+01 2.012514160886765602e+00
6.231000000000000227e+01 2.011009183732440864e+00
6.232000000000000028e+01 2.016594789228807638e+00
6.232999999999999829e+01 2.014692378407306528e+00
6.234000000000000341e+01 2.007889355047992375e+00
6.235000000000000142e+01 2.006761516097873788e+00
6.235999999999999943e+01 2.008878024561336684e+00
6.236999999999999744e+01 2.014506516508141498e+00
6.238000000000000256e+01 2.016441853001681217e+00
6.239000000000000057e+01 2.015666284651530304e+00
6.239999999999999858e+01 2.019454670485969938e+00
6.240999999999999659e+01 2.012632095006566590e+00
6.242000000000000171e+01 2.014127342656945707e+00
6.242999999999999972e+01 2.017608240999272162e+00
6.243999999999999773e+01 2.010514845621394819e+00
6.245000000000000284e+01 2.019945926620765331e+00
6.246000000000000085e+01 2.012034979504509824e+00
6.246999999999999886e+01 2.005228405800796754e+00
6.247999999999999687e+01 2.009017101668085559e+00
6.249000000000000199e+01 2.006057811086081166e+00
6.250000000000000000e+01 2.015234061636954621e+00
6.250999999999999801e+01 2.004621339819558035e+00
6.252000000000000313e+01 2.009187485642631277e+00
6.253000000000000114e+01 2.006387516744403854e+00
6.253999999999999915e+01 2.002212239716817166e+00
6.254999999999999716e+01 2.001472901460764398e+00
6.256000000000000227e+01 2.009176602451455462e+00
6.257000000000000028e+01 2.011829294625372633e+00
6.257999999999999829e+01 2.012195471215786569e+00
6.259000000000000341e+01 2.017541115229568138e+00
6.260000000000000142e+01 2.008587150185254799e+00
6.260999999999999943e+01 2.014571636627048523e+00
6.261999999999999744e+01 2.017865385355443131e+00
6.263000000000000256e+01 2.011031548860917617e+00
6.264000000000000057e+01 2.008914165920684614e+00
6.264999999999999858e+01 2.008640459449789084e+00
6.265999999999999659e+01 2.014141154644818688e+00
6.267000000000000171e+01 2.011738908112157720e+00
6.267999999999999972e+01 2.012137249305855580e+00
6.268999999999999773e+01 2.010334283081252060e+00
6.270000000000000284e+01 2.006821040974748449e+00
6.271000000000000085e+01 2.002452570438144175e+00
6.271999999999999886e+01 2.011950893569562915e+00
6.272999999999999687e+01 2.010317657410448877e+00
6.274000000000000199e+01 2.012637396662742884e+00
6.275000000000000000e+01 2.009816018934672321e+00
6.275999999999999801e+01 2.010160547840252221e+00
6.277000000000000313e+01 2.016122665472490194e+00
6.278000000000000114e+01 2.015633825431536685e+00
6.278999999999999915e+01 2.015411092475612342e+00
6.279999999999999716e+01 2.021228021393583152e+00
6.281000000000000227e+01 2.014058950522926938e+00
6.282000000000000028e+01 2.020187440154124658e+00
6.282999999999999829e+01 2.017782657074079999e+00
6.284000000000000341e+01 2.015341835553097205e+00
6.285000000000000142e+01 2.011839793980758628e+00
6.285999999999999943e+01 2.007644711399023230e+00
6.286999999999999744e+01 2.012689161097909629e+00
6.288000000000000256e+01 2.014648598757757814e+00
6.289000000000000057e+01 2.020419181842264322e+00
6.289999999999999858e+01 2.020227439977143824e+00
6.290999999999999659e+01 2.015627330688868568e+00
6.292000000000000171e+01 2.021341836598542940e+00
6.292999999999999972e+01 2.012533771353382850e+00
6.293999999999999773e+01 2.015620929993537036e+00
6.295000000000000284e+01 2.014015009842821780e+00
6.296000000000000085e+01 2.011967589213118579e+00
6.296999999999999886e+01 2.014160162866357240e+00
6.297999999999999687e+01 2.010807277396476689e+00
6.299000000000000199e+01 2.006074909878042156e+00
6.300000000000000000e+01 2.010713029726653112e+00
6.300999999999999801e+01 2.009417566593333593e+00
6.302000000000000313e+01 2.019535220334677916e+00
6.303000000000000114e+01 2.010429722909762962e+00
6.303999999999999915e+01 2.012160453288293294e+00
6.304999999999999716e+01 2.008046484275925359e+00
6.306000000000000227e+01 2.010729337701133268e+00
6.307000000000000028e+01 2.007263830042930408e+00
6.307999999999999829e+01 2.006031693745287559e+00
6.309000000000000341e+01 2.007501213104315507e+00
6.310000000000000142e+01 2.002756952936595614e+00
6.310999999999999943e+01 2.013788634047634307e+00
6.311999999999999744e+01 2.010466450416841244e+00
6.313000000000000256e+01 2.010735690142539500e+00
6.314000000000000057e+01 2.015726913398921738e+00
6.314999999999999858e+01 2.007906307135641111e+00
6.315999999999999659e+01 2.007432501270267178e+00
6.317000000000000171e+01 2.011163694856388240e+00
6.317999999999999972e+01 2.017344568466185706e+00
6.318999999999999773e+01 2.017024670298617206e+00
6.320000000000000284e+01 2.016859702004188293e+00
6.321000000000000085e+01 2.016976502969868523e+00
6.321999999999999886e+01 2.016711847442453465e+00
6.322999999999999687e+01 2.014844672909857248e+00
6.324000000000000199e+01 2.017910412677576204e+00
6.325000000000000000e+01 2.013351423252197847e+00
6.325999999999999801e+01 2.012723129795561228e+00
6.327000000000000313e+01 2.009563235085385813e+00
6.328000000000000114e+01 2.011445722206769204e+00
6.328999999999999915e+01 2.020165760102227370e+00
6.329999999999999716e+01 2.012823231193972440e+00
6.331000000000000227e+01 2.013745685826942911e+00
6.332000000000000028e+01 2.018194258614449232e+00
6.332999999999999829e+01 2.014998351966759138e+00
6.334000000000000341e+01 2.007356727439845834e+00
6.335000000000000142e+01 2.013065126867251031e+00
6.335999999999999943e+01 2.018499111395831491e+00
6.336999999999999744e+01 2.017208576771666984e+00
6.338000000000000256e+01 2.009879776339043023e+00
6.339000000000000057e+01 2.012194287622722122e+00
6.339999999999999858e+01 2.020455978168690159e+00
6.340999999999999659e+01 2.012387318932427505e+00
6.342000000000000171e+01 2.010470749210916175e+00
6.342999999999999972e+01 2.006201104986787165e+00
6.343999999999999773e+01 2.009182577799535352e+00
6.345000000000000284e+01 2.015778988869374899e+00
6.346000000000000085e+01 2.015701009278431322e+00
6.346999999999999886e+01 2.016940736554197589e+00
6.347999999999999687e+01 2.015886005994426355e+00
6.349000000000000199e+01 2.014653429680214991e+00
6.350000000000000000e+01 2.008855384358038343e+00
6.350999999999999801e+01 2.012512559488061736e+00
6.352000000000000313e+01 2.006914369924444053e+00
6.353000000000000114e+01 2.004158070866052910e+00
6.353999999999999915e+01 2.004992034049010385e+00
6.354999999999999716e+01 2.011134841947215257e+00
6.356000000000000227e+01 2.002419536170220837e+00
6.357000000000000028e+01 2.008299274887695773e+00
6.357999999999999829e+01 2.008350052430281529e+00
6.359000000000000341e+01 2.008816718658935407e+00
6.360000000000000142e+01 2.009762459571783122e+00
6.360999999999999943e+01 2.008897576966876208e+00
6.361999999999999744e+01 2.010324768401434703e+00
6.363000000000000256e+01 2.013402200642668394e+00
6.364000000000000057e+01 2.016389697522540381e+00
6.364999999999999858e+01 2.017082715281725669e+00
6.365999999999999659e+01 2.016149461552914968e+00
6.367000000000000171e+01 2.012041720232677022e+00
6.367999999999999972e+01 2.008838904621968346e+00
6.368999999999999773e+01 2.011291465634877262e+00
6.370000000000000284e+01 2.012577180185093351e+00
6.371000000000000085e+01 2.009111863483120430e+00
6.371999999999999886e+01 2.007917357596620267e+00
6.372999999999999687e+01 2.012315775137310858e+00
6.374000000000000199e+01 2.011193275154064430e+00
6.375000000000000000e+01 2.003746639881574865e+00
6.375999999999999801e+01 2.004667804409328014e+00
6.377000000000000313e+01 2.010662251965741998e+00
6.378000000000000114e+01 2.011019027956445271e+00
6.378999999999999915e+01 2.003672863941635018e+00
6.379999999999999716e+01 2.003457238729261736e+00
6.381000000000000227e+01 2.012191024024573061e+00
6.382000000000000028e+01 2.008131646108026747e+00
6.382999999999999829e+01 2.002564264181282194e+00
6.384000000000000341e+01 2.002833961230917836e+00
6.385000000000000142e+01 1.998729799960840881e+00
6.385999999999999943e+01 2.008053178326956623e+00
6.386999999999999744e+01 2.014058979206724498e+00
6.388000000000000256e+01 2.006429580551357006e+00
6.389000000000000057e+01 2.009191033359377876e+00
6.389999999999999858e+01 2.007127210206404833e+00
6.390999999999999659e+01 2.004621535566701418e+00
6.392000000000000171e+01 2.009268410207727840e+00
6.392999999999999972e+01 2.005748864486445626e+00
6.393999999999999773e+01 2.008307227425603081e+00
6.395000000000000284e+01 2.007275288986213546e+00
6.396000000000000085e+01 2.001295269075710870e+00
6.396999999999999886e+01 2.007689787817862559e+00
6.397999999999999687e+01 1.996755151119612437e+00
6.399000000000000199e+01 2.011955234911567469e+00
6.400000000000000000e+01 2.006439924067595193e+00
6.401000000000000512e+01 2.003930935789042245e+00
6.401999999999999602e+01 2.007584124582050933e+00
6.403000000000000114e+01 2.001112598767311290e+00
6.404000000000000625e+01 2.003765705611168180e+00
6.404999999999999716e+01 2.009929306710352748e+00
6.406000000000000227e+01 2.008626167948653674e+00
6.406999999999999318e+01 2.008671678240554037e+00
6.407999999999999829e+01 2.011863445680689644e+00
6.409000000000000341e+01 2.003276894980614564e+00
6.409999999999999432e+01 2.003264448715801116e+00
6.410999999999999943e+01 2.004434474077519290e+00
6.412000000000000455e+01 2.002030587544197271e+00
6.412999999999999545e+01 2.007864805299514277e+00
6.414000000000000057e+01 2.013388377128851658e+00
6.415000000000000568e+01 2.003519197480420289e+00
6.415999999999999659e+01 2.001708949250908809e+00
6.417000000000000171e+01 2.001256754405038585e+00
6.418000000000000682e+01 2.004529687692852669e+00
6.418999999999999773e+01 2.010905017953731111e+00
6.420000000000000284e+01 2.009269705213508672e+00
6.420999999999999375e+01 2.005366846755678889e+00
6.421999999999999886e+01 2.005694009659506616e+00
6.423000000000000398e+01 2.001961682284347788e+00
6.423999999999999488e+01 2.008766030828495364e+00
6.425000000000000000e+01 2.002866755885498229e+00
6.426000000000000512e+01 2.002885895814169537e+00
6.426999999999999602e+01 2.004345167444081532e+00
6.428000000000000114e+01 2.005395643554078511e+00
6.429000000000000625e+01 2.007866906574843568e+00
6.429999999999999716e+01 2.007282790233350767e+00
6.431000000000000227e+01 2.002423743425373992e+00
6.431999999999999318e+01 2.007953066506588335e+00
6.432999999999999829e+01 1.999974432057181062e+00
6.434000000000000341e+01 2.008425176779844001e+00
6.434999999999999432e+01 2.004699597768017760e+00
6.435999999999999943e+01 2.001120051002089006e+00
6.437000000000000455e+01 1.994828194340509953e+00
6.437999999999999545e+01 1.997574162372413920e+00
6.439000000000000057e+01 2.002335791130618770e+00
6.440000000000000568e+01 1.997065840553137406e+00
6.440999999999999659e+01 1.998533710345222092e+00
6.442000000000000171e+01 1.995697694893521446e+00
6.443000000000000682e+01 1.998199000201788866e+00
6.443999999999999773e+01 1.990558393041644170e+00
6.445000000000000284e+01 2.003319115928909433e+00
6.445999999999999375e+01 1.999986417226260915e+00
6.446999999999999886e+01 1.994283795402761239e+00
6.448000000000000398e+01 1.999673797670249886e+00
6.448999999999999488e+01 1.998687078420040564e+00
6.450000000000000000e+01 2.004192393074986533e+00
6.451000000000000512e+01 2.005633432959222695e+00
6.451999999999999602e+01 1.999477339797293141e+00
6.453000000000000114e+01 1.991852289991377090e+00
6.454000000000000625e+01 1.995937682237904465e+00
6.454999999999999716e+01 1.995881210223377833e+00
6.456000000000000227e+01 2.002213345221917518e+00
6.456999999999999318e+01 1.997564445793936772e+00
6.457999999999999829e+01 2.005138632247890129e+00
6.459000000000000341e+01 2.005293036406199381e+00
6.459999999999999432e+01 1.996762419134793687e+00
6.460999999999999943e+01 1.998623320187189689e+00
6.462000000000000455e+01 2.004713221071110496e+00
6.462999999999999545e+01 2.008508801146132061e+00
6.464000000000000057e+01 2.012029015868686876e+00
6.465000000000000568e+01 2.001014927034471036e+00
6.465999999999999659e+01 2.004954126181937024e+00
6.467000000000000171e+01 2.003345967972499864e+00
6.468000000000000682e+01 2.005028491168071803e+00
6.468999999999999773e+01 2.007926688762285306e+00
6.470000000000000284e+01 2.002861442763512301e+00
6.470999999999999375e+01 2.003738277384374822e+00
6.471999999999999886e+01 2.012709586843063114e+00
6.473000000000000398e+01 2.010171840353567774e+00
6.473999999999999488e+01 2.007554174164768668e+00
6.475000000000000000e+01 2.006910122743290614e+00
6.476000000000000512e+01 2.006100310273078335e+00
6.476999999999999602e+01 2.005783097764690659e+00
6.478000000000000114e+01 2.003918679625940502e+00
6.479000000000000625e+01 2.003862220426186891e+00
6.479999999999999716e+01 2.008216467591868337e+00
6.481000000000000227e+01 2.012115941952326015e+00
6.481999999999999318e+01 2.000698364161861420e+00
6.482999999999999829e+01 2.002186741134613701e+00
6.484000000000000341e+01 2.001857735507844627e+00
6.484999999999999432e+01 1.999520199935166831e+00
6.485999999999999943e+01 1.995210155965248644e+00
6.487000000000000455e+01 2.006406576904583794e+00
6.487999999999999545e+01 2.003831676069998124e+00
6.489000000000000057e+01 1.999889690186928748e+00
6.490000000000000568e+01 2.005677786320098743e+00
6.490999999999999659e+01 2.004602126316616939e+00
6.492000000000000171e+01 2.005962584089639122e+00
6.493000000000000682e+01 2.000027789295816483e+00
6.493999999999999773e+01 1.998679281897531412e+00
6.495000000000000284e+01 2.002235769019349299e+00
6.495999999999999375e+01 2.002587187979328220e+00
6.496999999999999886e+01 1.998360952971860893e+00
6.498000000000000398e+01 1.999656081146388376e+00
6.498999999999999488e+01 2.000959913562666337e+00
6.500000000000000000e+01 2.007504877446886660e+00
6.501000000000000512e+01 2.002183755562862988e+00
6.501999999999999602e+01 1.997114207178009249e+00
6.503000000000000114e+01 1.998331432334541136e+00
6.504000000000000625e+01 2.006032080281443530e+00
6.504999999999999716e+01 1.999635766775388790e+00
6.506000000000000227e+01 2.003198292652253798e+00
6.506999999999999318e+01 1.999518943278575822e+00
6.507999999999999829e+01 2.005089041030067243e+00
6.509000000000000341e+01 2.009492973778752578e+00
6.509999999999999432e+01 1.992792480018591217e+00
6.510999999999999943e+01 1.998028494295192248e+00
6.512000000000000455e+01 1.991629314487693758e+00
6.512999999999999545e+01 2.001388029438332161e+00
6.514000000000000057e+01 1.992375731363791758e+00
6.515000000000000568e+01 2.005745906466459338e+00
6.515999999999999659e+01 2.004958683617171555e+00
6.517000000000000171e+01 2.001946162152614228e+00
6.518000000000000682e+01 1.999180857856323046e+00
6.518999999999999773e+01 2.000310730187284669e+00
6.520000000000000284e+01 2.005687182223442999e+00
6.520999999999999375e+01 2.004293075632146426e+00
6.521999999999999886e+01 1.997093642688114290e+00
6.523000000000000398e+01 2.000051457933824217e+00
6.523999999999999488e+01 2.002871103806023179e+00
6.525000000000000000e+01 1.994204250846890236e+00
6.526000000000000512e+01 2.006607614099412018e+00
6.526999999999999602e+01 1.998845265237513491e+00
6.528000000000000114e+01 2.002044141583595671e+00
6.529000000000000625e+01 1.999796245823635132e+00
6.529999999999999716e+01 2.004394447390534850e+00
6.531000000000000227e+01 1.997477765008504491e+00
6.531999999999999318e+01 2.000830608065427452e+00
6.532999999999999829e+01 2.003279633390586234e+00
6.534000000000000341e+01 2.009526153652838154e+00
6.534999999999999432e+01 2.005776832363507900e+00
6.535999999999999943e+01 2.009240597297408559e+00
6.537000000000000455e+01 2.005691684346770032e+00
6.537999999999999545e+01 2.004197850761067379e+00
6.539000000000000057e+01 2.010744408117658200e+00
6.540000000000000568e+01 2.007668007697014367e+00
6.540999999999999659e+01 2.007805546195923441e+00
6.542000000000000171e+01 2.013255862178497502e+00
6.543000000000000682e+01 2.016831940476655483e+00
6.543999999999999773e+01 2.012588293870881451e+00
6.545000000000000284e+01 2.014526106029960850e+00
6.545999999999999375e+01 2.020562338687327930e+00
6.546999999999999886e+01 2.013426729406764260e+00
6.548000000000000398e+01 2.013460470873170927e+00
6.548999999999999488e+01 2.009339882080312112e+00
6.550000000000000000e+01 2.008530811357469137e+00
6.551000000000000512e+01 2.007533121032953005e+00
6.551999999999999602e+01 2.009495296874226344e+00
6.553000000000000114e+01 2.012955298083590527e+00
6.554000000000000625e+01 2.008833109069462886e+00
6.554999999999999716e+01 2.024403533544975708e+00
6.556000000000000227e+01 2.010900582875647657e+00
6.556999999999999318e+01 2.011903227586878451e+00
6.557999999999999829e+01 2.015860550656990657e+00
6.559000000000000341e+01 2.014563446932938096e+00
6.559999999999999432e+01 2.022462012280359822e+00
6.560999999999999943e+01 2.016979482100734522e+00
6.562000000000000455e+01 2.019102180745217634e+00
6.562999999999999545e+01 2.009867941307380779e+00
6.564000000000000057e+01 2.012527871176850169e+00
6.565000000000000568e+01 2.004976600322440738e+00
6.565999999999999659e+01 2.011883377154590757e+00
6.567000000000000171e+01 2.003732553440059405e+00
6.568000000000000682e+01 2.002400029343756493e+00
6.568999999999999773e+01 2.009459344706978623e+00
6.570000000000000284e+01 2.003707664227790008e+00
6.570999999999999375e+01 1.999940321410190291e+00
6.571999999999999886e+01 2.001202950028754479e+00
6.573000000000000398e+01 2.008789453244255618e+00
6.573999999999999488e+01 2.008073508455074041e+00
6.575000000000000000e+01 2.010105154895184931e+00
6.576000000000000512e+01 2.010106385037853993e+00
6.576999999999999602e+01 2.009041349398775989e+00
6.578000000000000114e+01 2.005303927983004719e+00
6.579000000000000625e+01 2.008896030517258957e+00
6.579999999999999716e+01 2.011808193244735143e+00
6.581000000000000227e+01 2.008318046930803291e+00
6.581999999999999318e+01 2.012238577741091383e+00
6.582999999999999829e+01 2.007024481058919285e+00
6.584000000000000341e+01 2.007136805599990304e+00
6.584999999999999432e+01 2.012526394795399742e+00
6.585999999999999943e+01 2.011340411987460719e+00
6.587000000000000455e+01 2.010925572669867378e+00
6.587999999999999545e+01 2.010699241868773690e+00
6.589000000000000057e+01 2.004273791163399654e+00
6.590000000000000568e+01 2.009363106643894614e+00
6.590999999999999659e+01 2.012186544472528649e+00
6.592000000000000171e+01 2.005687568667931409e+00
6.593000000000000682e+01 2.011002660851256785e+00
6.593999999999999773e+01 2.012430952452080479e+00
6.595000000000000284e+01 2.007754310832797096e+00
6.595999999999999375e+01 2.007729478230760201e+00
6.596999999999999886e+01 2.005573388178422345e+00
6.598000000000000398e+01 2.008969595829769972e+00
6.598999999999999488e+01 2.007378222841532001e+00
6.600000000000000000e+01 2.010715908273005059e+00
6.601000000000000512e+01 2.008261516947923209e+00
6.601999999999999602e+01 2.009932272772842143e+00
6.603000000000000114e+01 2.007026045372751089e+00
6.604000000000000625e+01 2.011404456605167201e+00
6.604999999999999716e+01 2.010813932731020159e+00
6.606000000000000227e+01 2.008829566225926122e+00
6.606999999999999318e+01 2.007963699843450467e+00
6.607999999999999829e+01 2.006817052401576262e+00
6.609000000000000341e+01 2.015844759984516621e+00
6.609999999999999432e+01 2.017529228539122865e+00
6.610999999999999943e+01 2.011378804673834786e+00
6.612000000000000455e+01 2.021576963278369998e+00
6.612999999999999545e+01 2.022278855914547258e+00
6.614000000000000057e+01 2.015078617038672970e+00
6.615000000000000568e+01 2.009761703935946109e+00
6.615999999999999659e+01 2.011729286437181852e+00
6.617000000000000171e+01 2.008635106555677119e+00
6.618000000000000682e+01 2.009492719064827959e+00
6.618999999999999773e+01 2.008053247946433029e+00
6.620000000000000284e+01 2.013098155584162718e+00
6.620999999999999375e+01 2.008213519457945573e+00
6.621999999999999886e+01 2.008604634352311180e+00
6.623000000000000398e+01 2.006401785441190633e+00
6.623999999999999488e+01 2.007856292142010446e+00
6.625000000000000000e+01 2.009814634193733518e+00
6.626000000000000512e+01 2.011566098839217887e+00
6.626999999999999602e+01 2.012960638524003976e+00
6.628000000000000114e+01 2.004109578957361748e+00
6.629000000000000625e+01 2.004878466157625994e+00
6.629999999999999716e+01 2.006102942467807626e+00
6.631000000000000227e+01 2.004390530675460358e+00
6.631999999999999318e+01 2.007913026260225831e+00
6.632999999999999829e+01 2.004088640179784164e+00
6.634000000000000341e+01 2.011417060583927885e+00
6.634999999999999432e+01 2.009594179073147302e+00
6.635999999999999943e+01 2.013250004957745531e+00
6.637000000000000455e+01 2.012029188662818324e+00
6.637999999999999545e+01 2.006559273361538054e+00
6.639000000000000057e+01 2.010905020977922231e+00
6.640000000000000568e+01 2.011125439532266412e+00
6.640999999999999659e+01 2.008857620595619231e+00
6.642000000000000171e+01 2.011942642874322562e+00
6.643000000000000682e+01 2.010171772834794535e+00
6.643999999999999773e+01 2.002409738400729999e+00
6.645000000000000284e+01 2.000953600733631266e+00
6.645999999999999375e+01 1.995695800046205282e+00
6.646999999999999886e+01 2.001906170891514680e+00
6.648000000000000398e+01 1.997696547697127345e+00
6.648999999999999488e+01 2.002799918382483391e+00
6.650000000000000000e+01 2.006025868408102930e+00
6.651000000000000512e+01 2.003003969216663016e+00
6.651999999999999602e+01 2.002356255041994437e+00
6.653000000000000114e+01 2.003441494903557718e+00
6.654000000000000625e+01 1.998259675453939455e+00
6.654999999999999716e+01 2.001418229851395836e+00
6.656000000000000227e+01 2.007271665211607825e+00
6.656999999999999318e+01 2.004211017436102971e+00
6.657999999999999829e+01 2.009897435341077010e+00
6.659000000000000341e+01 2.002796878201062558e+00
6.659999999999999432e+01 2.007755723668380288e+00
6.660999999999999943e+01 2.005033276686210009e+00
6.662000000000000455e+01 2.005774206667269244e+00
6.662999999999999545e+01 2.006888050660964762e+00
6.664000000000000057e+01 2.012350823401426680e+00
6.665000000000000568e+01 2.013017469545606453e+00
6.665999999999999659e+01 2.003817664527433706e+00
6.667000000000000171e+01 2.007111056740303656e+00
6.668000000000000682e+01 2.009589959147979776e+00
6.668999999999999773e+01 2.013769723732763417e+00
6.670000000000000284e+01 2.007866628407565912e+00
6.670999999999999375e+01 2.013582509462193748e+00
6.671999999999999886e+01 2.015005216815336730e+00
6.673000000000000398e+01 2.004731106008171615e+00
6.673999999999999488e+01 2.007489444611278540e+00
6.675000000000000000e+01 2.005375955498941654e+00
6.676000000000000512e+01 1.998195178281297002e+00
6.676999999999999602e+01 2.015284337816858784e+00
6.678000000000000114e+01 2.014226790404686884e+00
6.679000000000000625e+01 2.015536671511519717e+00
6.679999999999999716e+01 2.010189019764945240e+00
6.681000000000000227e+01 2.009680484300087500e+00
6.681999999999999318e+01 2.003561677097942528e+00
6.682999999999999829e+01 2.001269056512364308e+00
6.684000000000000341e+01 2.006284734910619871e+00
6.684999999999999432e+01 2.010382100916528358e+00
6.685999999999999943e+01 2.009554597150194244e+00
6.687000000000000455e+01 2.007072264527365757e+00
6.687999999999999545e+01 2.004695198511404097e+00
6.689000000000000057e+01 2.007728889145893980e+00
6.690000000000000568e+01 2.004765594739304824e+00
6.690999999999999659e+01 2.006330844934460789e+00
6.692000000000000171e+01 2.009545492711116044e+00
6.693000000000000682e+01 2.011007469935401026e+00
6.693999999999999773e+01 2.005725258535469901e+00
6.695000000000000284e+01 2.004173145026160618e+00
6.695999999999999375e+01 2.007033330836835106e+00
6.696999999999999886e+01 2.008843911446057007e+00
6.698000000000000398e+01 1.999982528400000348e+00
6.698999999999999488e+01 2.005076075981440109e+00
6.700000000000000000e+01 2.004315534650232600e+00
6.701000000000000512e+01 2.009789215754671954e+00
6.701999999999999602e+01 2.006090885156965431e+00
6.703000000000000114e+01 2.017112684578685311e+00
6.704000000000000625e+01 2.010835383630920514e+00
6.704999999999999716e+01 2.011544383408002012e+00
6.706000000000000227e+01 2.009933008610651495e+00
6.706999999999999318e+01 2.009127001411717295e+00
6.707999999999999829e+01 2.011929776269864689e+00
6.709000000000000341e+01 2.012706252174278454e+00
6.709999999999999432e+01 2.012426748008324218e+00
6.710999999999999943e+01 2.020901556973651481e+00
6.712000000000000455e+01 2.018940105330151447e+00
6.712999999999999545e+01 2.014872550440505172e+00
6.714000000000000057e+01 2.013054967711897625e+00
6.715000000000000568e+01 2.013941099232342324e+00
6.715999999999999659e+01 2.006465083964346530e+00
6.717000000000000171e+01 2.009653767407731717e+00
6.718000000000000682e+01 2.008936820279812352e+00
6.718999999999999773e+01 2.008715819276576386e+00
6.720000000000000284e+01 2.007931621679898360e+00
6.720999999999999375e+01 2.012657248150900635e+00
6.721999999999999886e+01 2.014654146513440658e+00
6.723000000000000398e+01 2.001242134250132310e+00
6.723999999999999488e+01 2.012381836181011519e+00
6.725000000000000000e+01 2.004852662354530857e+00
6.726000000000000512e+01 2.005853845268611657e+00
6.726999999999999602e+01 2.006456576418336635e+00
6.728000000000000114e+01 2.012582019211344608e+00
6.729000000000000625e+01 2.003013302714448329e+00
6.729999999999999716e+01 2.005158160382984001e+00
6.731000000000000227e+01 2.000284285560284481e+00
6.731999999999999318e+01 2.009549097982509913e+00
6.732999999999999829e+01 2.003717240167216751e+00
6.734000000000000341e+01 1.999267617409099973e+00
6.734999999999999432e+01 2.006217545345525544e+00
6.735999999999999943e+01 1.997936395427549083e+00
6.737000000000000455e+01 1.998446271126939511e+00
6.737999999999999545e+01 1.995836605437188549e+00
6.739000000000000057e+01 1.999554955647318888e+00
6.740000000000000568e+01 1.994109405302816551e+00
6.740999999999999659e+01 2.001369211944433069e+00
6.742000000000000171e+01 2.000794085481256701e+00
6.743000000000000682e+01 1.995839599641949791e+00
6.743999999999999773e+01 2.004151729134677318e+00
6.745000000000000284e+01 2.004527525984355130e+00
6.745999999999999375e+01 2.004429687179515529e+00
6.746999999999999886e+01 1.994896015478365481e+00
6.748000000000000398e+01 1.998284963100092071e+00
6.748999999999999488e+01 2.001477405983643543e+00
6.750000000000000000e+01 2.007617099309233932e+00
6.751000000000000512e+01 2.000146362787137200e+00
6.751999999999999602e+01 1.998716324627126895e+00
6.753000000000000114e+01 2.000516812222119967e+00
6.754000000000000625e+01 2.001701116857140139e+00
6.754999999999999716e+01 2.001792188594007094e+00
6.756000000000000227e+01 1.998117208999798278e+00
6.756999999999999318e+01 1.999359660338797084e+00
6.757999999999999829e+01 1.998543290667864625e+00
6.759000000000000341e+01 2.001896434843811079e+00
6.759999999999999432e+01 2.002467714736829940e+00
6.760999999999999943e+01 1.995517915152377864e+00
6.762000000000000455e+01 1.998626771761561560e+00
6.762999999999999545e+01 2.000600834100288772e+00
6.764000000000000057e+01 1.997973324184457056e+00
6.765000000000000568e+01 1.995415271013057268e+00
6.765999999999999659e+01 1.995024663644175078e+00
6.767000000000000171e+01 1.999629424381832221e+00
6.768000000000000682e+01 1.999320408417857298e+00
6.768999999999999773e+01 2.005812936702063176e+00
6.770000000000000284e+01 2.002083427662798343e+00
6.770999999999999375e+01 2.004991640964008504e+00
6.771999999999999886e+01 1.994651434333163609e+00
6.773000000000000398e+01 2.003237598432265454e+00
6.773999999999999488e+01 2.000731072815335576e+00
6.775000000000000000e+01 1.995520796492514348e+00
6.776000000000000512e+01 1.992291484040634497e+00
6.776999999999999602e+01 2.002638828106996449e+00
6.778000000000000114e+01 2.002855859401768690e+00
6.779000000000000625e+01 1.999465132304204973e+00
6.779999999999999716e+01 2.002206709409329655e+00
6.781000000000000227e+01 2.000245912880120436e+00
6.781999999999999318e+01 1.996036338805878385e+00
6.782999999999999829e+01 1.997435181049312947e+00
6.784000000000000341e+01 1.998705778542392064e+00
6.784999999999999432e+01 1.993851737110097222e+00
6.785999999999999943e+01 1.992983733573315819e+00
6.787000000000000455e+01 1.997396119270965498e+00
6.787999999999999545e+01 1.998279720769790213e+00
6.789000000000000057e+01 2.001280881163312930e+00
6.790000000000000568e+01 1.991157384076871040e+00
6.790999999999999659e+01 1.998015247934546768e+00
6.792000000000000171e+01 1.997679412048620318e+00
6.793000000000000682e+01 1.990952637711664197e+00
6.793999999999999773e+01 2.002045816558348346e+00
6.795000000000000284e+01 1.991929616038389694e+00
6.795999999999999375e+01 1.991609964285646184e+00
6.796999999999999886e+01 1.992890072556285919e+00
6.798000000000000398e+01 1.997779952658531588e+00
6.798999999999999488e+01 1.991372168108023644e+00
6.800000000000000000e+01 1.986680976928256737e+00
6.801000000000000512e+01 1.990272127976862038e+00
6.801999999999999602e+01 1.989802244258087160e+00
6.803000000000000114e+01 1.998779132709414430e+00
6.804000000000000625e+01 1.991242830777979478e+00
6.804999999999999716e+01 1.994212124515509332e+00
6.806000000000000227e+01 1.995667683780708357e+00
6.806999999999999318e+01 1.995818378528054549e+00
6.807999999999999829e+01 1.992523662308444354e+00
6.809000000000000341e+01 1.988516857877655086e+00
6.809999999999999432e+01 1.992550798658145439e+00
6.810999999999999943e+01 1.993752201339646035e+00
6.812000000000000455e+01 1.990433873345786253e+00
6.812999999999999545e+01 1.999446637694892503e+00
6.814000000000000057e+01 1.988256499894675899e+00
6.815000000000000568e+01 1.999421841992726767e+00
6.815999999999999659e+01 1.995506847388249794e+00
6.817000000000000171e+01 1.990715212169527959e+00
6.818000000000000682e+01 1.992619126284317144e+00
6.818999999999999773e+01 1.992630024785656762e+00
6.820000000000000284e+01 1.996142279579474987e+00
6.820999999999999375e+01 1.996707189701495411e+00
6.821999999999999886e+01 2.002448032364753772e+00
6.823000000000000398e+01 1.998176629120904213e+00
6.823999999999999488e+01 1.994017136737058493e+00
6.825000000000000000e+01 1.995870102433317417e+00
6.826000000000000512e+01 1.992744254731795284e+00
6.826999999999999602e+01 1.994194369422394475e+00
6.828000000000000114e+01 1.992139597627322400e+00
6.829000000000000625e+01 1.995232803012935818e+00
6.829999999999999716e+01 1.992945836624148814e+00
6.831000000000000227e+01 1.994458097434306243e+00
6.831999999999999318e+01 1.998442571751098074e+00
6.832999999999999829e+01 1.999761801399026595e+00
6.834000000000000341e+01 1.995505727254673456e+00
6.834999999999999432e+01 1.983322089756557549e+00
6.835999999999999943e+01 1.991691168611283258e+00
6.837000000000000455e+01 1.990815886326007034e+00
6.837999999999999545e+01 1.995417591227605980e+00
6.839000000000000057e+01 2.000214419606748173e+00
6.840000000000000568e+01 1.992820869904231129e+00
6.840999999999999659e+01 1.995286360679614956e+00
6.842000000000000171e+01 1.986794547034540503e+00
6.843000000000000682e+01 1.985501151111259022e+00
6.843999999999999773e+01 1.986226775624122975e+00
6.845000000000000284e+01 1.989791798854955385e+00
6.845999999999999375e+01 1.993118030502252669e+00
6.846999999999999886e+01 1.987853018917800529e+00
6.848000000000000398e+01 1.992288547165744106e+00
6.848999999999999488e+01 1.987860334100750137e+00
6.850000000000000000e+01 1.991972619015214052e+00
6.851000000000000512e+01 1.992046895331459622e+00
6.851999999999999602e+01 1.995294004465127724e+00
6.853000000000000114e+01 1.995640343904971470e+00
6.854000000000000625e+01 1.994803335222259166e+00
6.854999999999999716e+01 1.988524485636266714e+00
6.856000000000000227e+01 1.987818322440931151e+00
6.856999999999999318e+01 1.988598961366828011e+00
6.857999999999999829e+01 1.991092586983159496e+00
6.859000000000000341e+01 1.993200230218683755e+00
6.859999999999999432e+01 1.987998986223060927e+00
6.860999999999999943e+01 1.991648642997729368e+00
6.862000000000000455e+01 1.994399855224034512e+00
6.862999999999999545e+01 1.988942411623020989e+00
6.864000000000000057e+01 1.993802985771500058e+00
6.865000000000000568e+01 1.985095074896343181e+00
6.865999999999999659e+01 1.991943485353691923e+00
6.867000000000000171e+01 1.992802543141484861e+00
6.868000000000000682e+01 1.992203512827282808e+00
6.868999999999999773e+01 1.992732030299438239e+00
6.870000000000000284e+01 2.001045694020747501e+00
6.870999999999999375e+01 1.997371549835419646e+00
6.871999999999999886e+01 1.997268468438745170e+00
6.873000000000000398e+01 1.996708389997571276e+00
6.873999999999999488e+01 1.997653559820851132e+00
6.875000000000000000e+01 1.997891478687038314e+00
6.876000000000000512e+01 1.996647728323600601e+00
6.876999999999999602e+01 1.998947885015342596e+00
6.878000000000000114e+01 2.007620277992590463e+00
6.879000000000000625e+01 1.990533205668426175e+00
6.879999999999999716e+01 1.996304678787690801e+00
6.881000000000000227e+01 1.994618106949106462e+00
6.881999999999999318e+01 1.997367104941002669e+00
6.882999999999999829e+01 1.995256889141875378e+00
6.884000000000000341e+01 2.003206224513044198e+00
6.884999999999999432e+01 2.000122201843004710e+00
6.885999999999999943e+01 2.007123662795401664e+00
6.887000000000000455e+01 2.004909881415019690e+00
6.887999999999999545e+01 1.998493659304239056e+00
6.889000000000000057e+01 2.000925253426463879e+00
6.890000000000000568e+01 1.998052302248604750e+00
6.890999999999999659e+01 1.998746915495822396e+00
6.892000000000000171e+01 1.996299447557776219e+00
6.893000000000000682e+01 1.995647158209646221e+00
6.893999999999999773e+01 1.996261914555907735e+00
6.895000000000000284e+01 1.994882537558769098e+00
6.895999999999999375e+01 2.007026087423585903e+00
6.896999999999999886e+01 1.998968290965144501e+00
6.898000000000000398e+01 2.000683560876250766e+00
6.898999999999999488e+01 2.003856819774877618e+00
6.900000000000000000e+01 2.007932743333526560e+00
6.901000000000000512e+01 2.009628557143199767e+00
6.901999999999999602e+01 2.013528347857652001e+00
6.903000000000000114e+01 1.997253829540835968e+00
6.904000000000000625e+01 2.002919793685530969e+00
6.904999999999999716e+01 1.998804149760271542e+00
6.906000000000000227e+01 1.994931186952654700e+00
6.906999999999999318e+01 2.007447368682437006e+00
6.907999999999999829e+01 1.997072172033805604e+00
6.909000000000000341e+01 1.993464724279607525e+00
6.909999999999999432e+01 1.995964129810100518e+00
6.910999999999999943e+01 1.994697956293545626e+00
6.912000000000000455e+01 1.998448398038350504e+00
6.912999999999999545e+01 2.002442893134012802e+00
6.914000000000000057e+01 1.987090687003519651e+00
6.915000000000000568e+01 1.994642407462956069e+00
6.915999999999999659e+01 1.989825663258864008e+00
6.917000000000000171e+01 1.996572691399685961e+00
6.918000000000000682e+01 1.996377186203730059e+00
6.918999999999999773e+01 1.996350261455815955e+00
6.920000000000000284e+01 1.997120143450993313e+00
6.920999999999999375e+01 1.995590108133284746e+00
6.921999999999999886e+01 1.991805138843033784e+00
6.923000000000000398e+01 1.993110916480519634e+00
6.923999999999999488e+01 1.995044609569196936e+00
6.925000000000000000e+01 1.996548878607620425e+00
6.926000000000000512e+01 1.995611717205070024e+00
6.926999999999999602e+01 2.002994201420313480e+00
6.928000000000000114e+01 2.001429528129722080e+00
6.929000000000000625e+01 1.995668505043221241e+00
6.929999999999999716e+01 1.996009409778954025e+00
6.931000000000000227e+01 1.990264503245576133e+00
6.931999999999999318e+01 1.998578759310527975e+00
6.932999999999999829e+01 1.999763146334375463e+00
6.934000000000000341e+01 1.992504259702982949e+00
6.934999999999999432e+01 1.991769668499047796e+00
6.935999999999999943e+01 1.994474781910474892e+00
6.937000000000000455e+01 1.999028943798658364e+00
6.937999999999999545e+01 1.995794467529355742e+00
6.939000000000000057e+01 1.994067076056245558e+00
6.940000000000000568e+01 1.995420522344148795e+00
6.940999999999999659e+01 1.991541061195335249e+00
6.942000000000000171e+01 1.989885182642046502e+00
6.943000000000000682e+01 1.992796809984223483e+00
6.943999999999999773e+01 2.000426600379298314e+00
6.945000000000000284e+01 1.999543875973768037e+00
6.945999999999999375e+01 1.993062920472014499e+00
6.946999999999999886e+01 1.994640758138045644e+00
6.948000000000000398e+01 1.998134902571059524e+00
6.948999999999999488e+01 1.998057302331088581e+00
6.950000000000000000e+01 1.998310238262370975e+00
6.951000000000000512e+01 2.001756188192263863e+00
6.951999999999999602e+01 1.999157171485522300e+00
6.953000000000000114e+01 2.002283749229419207e+00
6.954000000000000625e+01 2.001998134859266365e+00
6.954999999999999716e+01 2.002078503944667798e+00
6.956000000000000227e+01 1.995457653663510245e+00
6.956999999999999318e+01 1.995752280589367045e+00
6.957999999999999829e+01 1.997826105051756951e+00
6.959000000000000341e+01 1.998027801902284128e+00
6.959999999999999432e+01 2.003420792739099898e+00
6.960999999999999943e+01 2.007010565666027979e+00
6.962000000000000455e+01 2.003253047658111186e+00
6.962999999999999545e+01 2.003034572795406643e+00
6.964000000000000057e+01 2.004564004995546433e+00
6.965000000000000568e+01 2.006110739252294550e+00
6.965999999999999659e+01 2.007519366462363841e+00
6.967000000000000171e+01 2.003319975836173938e+00
6.968000000000000682e+01 2.002684542843736093e+00
6.968999999999999773e+01 2.001082861183827610e+00
6.970000000000000284e+01 1.999030914777615298e+00
6.970999999999999375e+01 2.003244908609325581e+00
6.971999999999999886e+01 2.012163302090297812e+00
6.973000000000000398e+01 2.010776114107838630e+00
6.973999999999999488e+01 2.001529152329417194e+00
6.975000000000000000e+01 1.998048911849864329e+00
6.976000000000000512e+01 1.997313278196633179e+00
6.976999999999999602e+01 1.997018229716009063e+00
6.978000000000000114e+01 1.994110188354339730e+00
6.979000000000000625e+01 2.000523174412449201e+00
6.979999999999999716e+01 1.995955549154045716e+00
6.981000000000000227e+01 1.996651760688591182e+00
6.981999999999999318e+01 2.004042796596490650e+00
6.982999999999999829e+01 1.997839264408280302e+00
6.984000000000000341e+01 1.994395029654105089e+00
6.984999999999999432e+01 2.001842802364071527e+00
6.985999999999999943e+01 2.008154873760076509e+00
6.987000000000000455e+01 2.003737028698627132e+00
6.987999999999999545e+01 2.005930515843104001e+00
6.989000000000000057e+01 2.008447209441320602e+00
6.990000000000000568e+01 2.005413188106794031e+00
6.990999999999999659e+01 2.006420544372863546e+00
6.992000000000000171e+01 2.004771938220493155e+00
6.993000000000000682e+01 2.014673778194949971e+00
6.993999999999999773e+01 2.004961512558106396e+00
6.995000000000000284e+01 2.001565487974906521e+00
6.995999999999999375e+01 2.003017195330155431e+00
6.996999999999999886e+01 1.998265819126742171e+00
6.998000000000000398e+01 2.005848092473411448e+00
6.998999999999999488e+01 2.003636334244148998e+00
7.000000000000000000e+01 2.001117197996944430e+00
7.001000000000000512e+01 2.004426061624482003e+00
7.001999999999999602e+01 2.005616763107210598e+00
7.003000000000000114e+01 2.004917443485156880e+00
7.004000000000000625e+01 2.000033626128336017e+00
7.004999999999999716e+01 1.998333492930643773e+00
7.006000000000000227e+01 2.002827522199774890e+00
7.006999999999999318e+01 1.995390141519995719e+00
7.007999999999999829e+01 2.000549632983178672e+00
7.009000000000000341e+01 2.003255924237293151e+00
7.009999999999999432e+01 2.007449031178554222e+00
7.010999999999999943e+01 2.003513911538581826e+00
7.012000000000000455e+01 1.999077834074499460e+00
7.012999999999999545e+01 2.000626998056808326e+00
7.014000000000000057e+01 1.999479951437566516e+00
7.015000000000000568e+01 1.999788123817912489e+00
7.015999999999999659e+01 2.009040959791589476e+00
7.017000000000000171e+01 2.003101750461294905e+00
7.018000000000000682e+01 1.997261534023792695e+00
7.018999999999999773e+01 1.993413636462484151e+00
7.020000000000000284e+01 1.996102394983668260e+00
7.020999999999999375e+01 1.999227924742698947e+00
7.021999999999999886e+01 1.999396934313875773e+00
7.023000000000000398e+01 1.993405874934438771e+00
7.023999999999999488e+01 1.999312491690755422e+00
7.025000000000000000e+01 2.001235019979026752e+00
7.026000000000000512e+01 1.998189928591959985e+00
7.026999999999999602e+01 2.003089134933885074e+00
7.028000000000000114e+01 2.007898591302775593e+00
7.029000000000000625e+01 2.012011436298709377e+00
7.029999999999999716e+01 2.014856212038753647e+00
7.031000000000000227e+01 2.004440961965769041e+00
7.031999999999999318e+01 2.006637350538165609e+00
7.032999999999999829e+01 2.003211125060044839e+00
7.034000000000000341e+01 2.006469405264049488e+00
7.034999999999999432e+01 2.011759667466554102e+00
7.035999999999999943e+01 2.007461805972583502e+00
7.037000000000000455e+01 2.016143083724565521e+00
7.037999999999999545e+01 2.015645337154791328e+00
7.039000000000000057e+01 2.007404781021396190e+00
7.040000000000000568e+01 2.004517036676896513e+00
7.040999999999999659e+01 2.006898254214679600e+00
7.042000000000000171e+01 2.007908790746576688e+00
7.043000000000000682e+01 2.016082084484217773e+00
7.043999999999999773e+01 2.011896439994975694e+00
7.045000000000000284e+01 2.005305616048837614e+00
7.045999999999999375e+01 2.012136382360419695e+00
7.046999999999999886e+01 2.010631438840873475e+00
7.048000000000000398e+01 2.009721144371524382e+00
7.048999999999999488e+01 2.006796422806096380e+00
7.050000000000000000e+01 2.005500768778480492e+00
7.051000000000000512e+01 2.012487414406706421e+00
7.051999999999999602e+01 2.011012366593463607e+00
7.053000000000000114e+01 2.001676286122708426e+00
7.054000000000000625e+01 2.007101112135610599e+00
7.054999999999999716e+01 2.009091853768548486e+00
7.056000000000000227e+01 2.012032249567160314e+00
7.056999999999999318e+01 2.010831924386232039e+00
7.057999999999999829e+01 2.015886837681087673e+00
7.059000000000000341e+01 2.016672493848374881e+00
7.059999999999999432e+01 2.021611645449816752e+00
7.060999999999999943e+01 2.016220073173888849e+00
7.062000000000000455e+01 2.007915557437429221e+00
7.062999999999999545e+01 2.008185330948443870e+00
7.064000000000000057e+01 2.008613216308245075e+00
7.065000000000000568e+01 2.010823263994084620e+00
7.065999999999999659e+01 2.012356071633153221e+00
7.067000000000000171e+01 2.009758623626438201e+00
7.068000000000000682e+01 2.004620568670964165e+00
7.068999999999999773e+01 2.009496812353137596e+00
7.070000000000000284e+01 2.013059522179847960e+00
7.070999999999999375e+01 2.005148434413722036e+00
7.071999999999999886e+01 2.008519505321728182e+00
7.073000000000000398e+01 2.003173576756876351e+00
7.073999999999999488e+01 2.003147674112380816e+00
7.075000000000000000e+01 2.003500722294867753e+00
7.076000000000000512e+01 2.000318493252629448e+00
7.076999999999999602e+01 2.007932058243152351e+00
7.078000000000000114e+01 2.005587020046377233e+00
7.079000000000000625e+01 2.008458809694469771e+00
7.079999999999999716e+01 2.008325113423769182e+00
7.081000000000000227e+01 2.009790470865946865e+00
7.081999999999999318e+01 2.008761569317162099e+00
7.082999999999999829e+01 2.003333711595126854e+00
7.084000000000000341e+01 2.002911766666360727e+00
7.084999999999999432e+01 2.001532987421500209e+00
7.085999999999999943e+01 2.008469488282801141e+00
7.087000000000000455e+01 2.006646446930258954e+00
7.087999999999999545e+01 2.011481312532620080e+00
7.089000000000000057e+01 2.008451170025737031e+00
7.090000000000000568e+01 2.009420826901464174e+00
7.090999999999999659e+01 1.997189748558704014e+00
7.092000000000000171e+01 2.001559632637647912e+00
7.093000000000000682e+01 2.002376093587132200e+00
7.093999999999999773e+01 2.001262735221181366e+00
7.095000000000000284e+01 2.003246795781208345e+00
7.095999999999999375e+01 2.001325863125544391e+00
7.096999999999999886e+01 1.997769264555928626e+00
7.098000000000000398e+01 2.005691345033402406e+00
7.098999999999999488e+01 2.003166010921904938e+00
7.100000000000000000e+01 2.005054383572418164e+00
7.101000000000000512e+01 2.001285215679838192e+00
7.101999999999999602e+01 1.999888240817831342e+00
7.103000000000000114e+01 1.999493484125613563e+00
7.104000000000000625e+01 1.999261698944517107e+00
7.104999999999999716e+01 1.999356688528139303e+00
7.106000000000000227e+01 2.003839477529473445e+00
7.106999999999999318e+01 1.999241144523686176e+00
7.107999999999999829e+01 1.999067784776730861e+00
7.109000000000000341e+01 2.004560941848334998e+00
7.109999999999999432e+01 2.000829890682331857e+00
7.110999999999999943e+01 2.000845790113667810e+00
7.112000000000000455e+01 1.997403645436835351e+00
7.112999999999999545e+01 2.001621265003184824e+00
7.114000000000000057e+01 2.005825335380802876e+00
7.115000000000000568e+01 2.008737973096589080e+00
7.115999999999999659e+01 2.004683044760720456e+00
7.117000000000000171e+01 2.007091344029865887e+00
7.118000000000000682e+01 2.002951803261929342e+00
7.118999999999999773e+01 2.004738543805123729e+00
7.120000000000000284e+01 1.999000249343315216e+00
7.120999999999999375e+01 2.004774270354114485e+00
7.121999999999999886e+01 2.011513300605762389e+00
7.123000000000000398e+01 2.006367914600227564e+00
7.123999999999999488e+01 2.004108302889066273e+00
7.125000000000000000e+01 2.003449219248092827e+00
7.126000000000000512e+01 2.005087138344916475e+00
7.126999999999999602e+01 2.004122332198168266e+00
7.128000000000000114e+01 1.994719858330229911e+00
7.129000000000000625e+01 2.003660369702289223e+00
7.129999999999999716e+01 1.999993586565615988e+00
7.131000000000000227e+01 1.999777750567459433e+00
7.131999999999999318e+01 2.010089752872660895e+00
7.132999999999999829e+01 2.008851337866782494e+00
7.134000000000000341e+01 2.001691394743693397e+00
7.134999999999999432e+01 2.000867334808722031e+00
7.135999999999999943e+01 1.999628269434658545e+00
7.137000000000000455e+01 2.000860079057501295e+00
7.137999999999999545e+01 2.004835886550011104e+00
7.139000000000000057e+01 2.005459955780585446e+00
7.140000000000000568e+01 1.998470777532592724e+00
7.140999999999999659e+01 1.996479348345285398e+00
7.142000000000000171e+01 1.993564227951811763e+00
7.143000000000000682e+01 1.997041134072176760e+00
7.143999999999999773e+01 1.997601875077139599e+00
7.145000000000000284e+01 2.003355403364679432e+00
7.145999999999999375e+01 1.993971144194360168e+00
7.146999999999999886e+01 1.993686998923141829e+00
7.148000000000000398e+01 1.994530716634525636e+00
7.148999999999999488e+01 1.996729371064650760e+00
7.150000000000000000e+01 1.997398761301294456e+00
7.151000000000000512e+01 2.009248743427906714e+00
7.151999999999999602e+01 2.002289072266662640e+00
7.153000000000000114e+01 2.001004668237898354e+00
7.154000000000000625e+01 2.005256850355067844e+00
7.154999999999999716e+01 1.998354440440966995e+00
7.156000000000000227e+01 2.003160941125712746e+00
7.156999999999999318e+01 1.999128807500576865e+00
7.157999999999999829e+01 1.995761934546062877e+00
7.159000000000000341e+01 1.998687960636462702e+00
7.159999999999999432e+01 2.000432878608529030e+00
7.160999999999999943e+01 1.991587324907004852e+00
7.162000000000000455e+01 1.998120268429782964e+00
7.162999999999999545e+01 1.994834383064851169e+00
7.164000000000000057e+01 1.993893842827338503e+00
7.165000000000000568e+01 1.998484422667893723e+00
7.165999999999999659e+01 1.998472894905223285e+00
7.167000000000000171e+01 1.995823078982687848e+00
7.168000000000000682e+01 1.998263624720242104e+00
7.168999999999999773e+01 2.000820864623872986e+00
7.170000000000000284e+01 1.999201749893925406e+00
7.170999999999999375e+01 1.999125968058077074e+00
7.171999999999999886e+01 2.000505643053227978e+00
7.173000000000000398e+01 2.001620988830713710e+00
7.173999999999999488e+01 1.992912481260881830e+00
7.175000000000000000e+01 1.996494655048591138e+00
7.176000000000000512e+01 1.994972715851009992e+00
7.176999999999999602e+01 1.999467731057460229e+00
7.178000000000000114e+01 1.995188818710203593e+00
7.179000000000000625e+01 1.992326077226123981e+00
7.179999999999999716e+01 1.995911419027853073e+00
7.181000000000000227e+01 1.991861932704789950e+00
7.181999999999999318e+01 1.997939460318758353e+00
7.182999999999999829e+01 1.995406683791677072e+00
7.184000000000000341e+01 1.998324263157618130e+00
7.184999999999999432e+01 2.000986808463493638e+00
7.185999999999999943e+01 2.001577828937473935e+00
7.187000000000000455e+01 1.999020833778914152e+00
7.187999999999999545e+01 2.005774107499942005e+00
7.189000000000000057e+01 1.997675479327791326e+00
7.190000000000000568e+01 1.994758732734777329e+00
7.190999999999999659e+01 1.994285801852097695e+00
7.192000000000000171e+01 1.997135652142340678e+00
7.193000000000000682e+01 1.993891190015528947e+00
7.193999999999999773e+01 1.995100959390071482e+00
7.195000000000000284e+01 1.992494129486961141e+00
7.195999999999999375e+01 1.992079452589064603e+00
7.196999999999999886e+01 1.996891443784762687e+00
7.198000000000000398e+01 1.998179437913766510e+00
7.198999999999999488e+01 1.997248554028523415e+00
7.200000000000000000e+01 1.997975248814650495e+00
7.201000000000000512e+01 1.997534825792424584e+00
7.201999999999999602e+01 1.991902402980366915e+00
7.203000000000000114e+01 1.996064847616195959e+00
7.204000000000000625e+01 1.986780729937568157e+00
7.204999999999999716e+01 1.992857242876073132e+00
7.206000000000000227e+01 1.987344996727333779e+00
7.206999999999999318e+01 1.996538808633431472e+00
7.207999999999999829e+01 1.994826317196286780e+00
7.209000000000000341e+01 1.991120888302916558e+00
7.209999999999999432e+01 2.000093827802088331e+00
7.210999999999999943e+01 1.994331027234081732e+00
7.212000000000000455e+01 1.994552611910558770e+00
7.212999999999999545e+01 1.993978984300015522e+00
7.214000000000000057e+01 1.989852753046649214e+00
7.215000000000000568e+01 1.996031886570028391e+00
7.215999999999999659e+01 1.993117710550668331e+00
7.217000000000000171e+01 1.992475192393298844e+00
7.218000000000000682e+01 1.993434864836795217e+00
7.218999999999999773e+01 1.991998273340019665e+00
7.220000000000000284e+01 2.001269799920696091e+00
7.220999999999999375e+01 1.998183775884565305e+00
7.221999999999999886e+01 1.991007356751401502e+00
7.223000000000000398e+01 1.995001113301005491e+00
7.223999999999999488e+01 1.993873428671951276e+00
7.225000000000000000e+01 1.992173644339127581e+00
7.226000000000000512e+01 2.000595716330969331e+00
7.226999999999999602e+01 1.999361706284729978e+00
7.228000000000000114e+01 1.993579609481998194e+00
7.229000000000000625e+01 2.005941349690243847e+00
7.229999999999999716e+01 2.005602527863393103e+00
7.231000000000000227e+01 1.996171098886136530e+00
7.231999999999999318e+01 1.997034631893465972e+00
7.232999999999999829e+01 1.991587238025206430e+00
7.234000000000000341e+01 2.000353402804672331e+00
7.234999999999999432e+01 1.994033076187089026e+00
7.235999999999999943e+01 1.998152764185765262e+00
7.237000000000000455e+01 1.996553204007141868e+00
7.237999999999999545e+01 1.991416889172577864e+00
7.239000000000000057e+01 1.990985676113027569e+00
7.240000000000000568e+01 1.992819027946216348e+00
7.240999999999999659e+01 1.995107789898000972e+00
7.242000000000000171e+01 1.991754800682008053e+00
7.243000000000000682e+01 1.990757206517221878e+00
7.243999999999999773e+01 2.000433690680410326e+00
7.245000000000000284e+01 2.001230990284263545e+00
7.245999999999999375e+01 1.993320582123361051e+00
7.246999999999999886e+01 1.999935800930464636e+00
7.248000000000000398e+01 1.991593045517025207e+00
7.248999999999999488e+01 1.990689225202623591e+00
7.250000000000000000e+01 1.993768303881130688e+00
7.251000000000000512e+01 1.989145302286904116e+00
7.251999999999999602e+01 1.998640900240812757e+00
7.253000000000000114e+01 2.001711009151707632e+00
7.254000000000000625e+01 1.991523639171926874e+00
7.254999999999999716e+01 1.994145429102135214e+00
7.256000000000000227e+01 1.998624773137950950e+00
7.256999999999999318e+01 1.999538719897498762e+00
7.257999999999999829e+01 1.996634188288527012e+00
7.259000000000000341e+01 2.000745575902047158e+00
7.259999999999999432e+01 1.993359023332924140e+00
7.260999999999999943e+01 1.986688172296586341e+00
7.262000000000000455e+01 1.994783076331928751e+00
7.262999999999999545e+01 1.988122919242865549e+00
7.264000000000000057e+01 1.990912959750492650e+00
7.265000000000000568e+01 1.992868199238220894e+00
7.265999999999999659e+01 1.996524724384880045e+00
7.267000000000000171e+01 1.990864754342593468e+00
7.268000000000000682e+01 2.000560901961092153e+00
7.268999999999999773e+01 1.997460995476834311e+00
7.270000000000000284e+01 1.996105547536343394e+00
7.270999999999999375e+01 1.997316743080096213e+00
7.271999999999999886e+01 1.989331279881108028e+00
7.273000000000000398e+01 1.995008259814931906e+00
7.273999999999999488e+01 1.995901341591102662e+00
7.275000000000000000e+01 1.991911915884766682e+00
7.276000000000000512e+01 1.997678985746157876e+00
7.276999999999999602e+01 1.992967254855428694e+00
7.278000000000000114e+01 2.000426464826484896e+00
7.279000000000000625e+01 1.998467460682347818e+00
7.279999999999999716e+01 2.000183046257666852e+00
7.281000000000000227e+01 1.993073581484630763e+00
7.281999999999999318e+01 2.000243135991186083e+00
7.282999999999999829e+01 1.995366219138524855e+00
7.284000000000000341e+01 1.995219814834958028e+00
7.284999999999999432e+01 1.991225236152045941e+00
7.285999999999999943e+01 1.994911707509082088e+00
7.287000000000000455e+01 1.999629589283550501e+00
7.287999999999999545e+01 2.000077447821706489e+00
7.289000000000000057e+01 1.997294644888570003e+00
7.290000000000000568e+01 2.001889652236894968e+00
7.290999999999999659e+01 1.997570882988731089e+00
7.292000000000000171e+01 2.000904985584443629e+00
7.293000000000000682e+01 2.002245923110207659e+00
7.293999999999999773e+01 2.002811216675715933e+00
7.295000000000000284e+01 1.997116979453340990e+00
7.295999999999999375e+01 2.000474470804246785e+00
7.296999999999999886e+01 2.004100983283469972e+00
7.298000000000000398e+01 2.005016045109456968e+00
7.298999999999999488e+01 1.995175822183060887e+00
7.300000000000000000e+01 2.000911908015459595e+00
7.301000000000000512e+01 2.004889983746374504e+00
7.301999999999999602e+01 1.997913238062719143e+00
7.303000000000000114e+01 2.002998624486562296e+00
7.304000000000000625e+01 1.999746419832096223e+00
7.304999999999999716e+01 1.999004247418767033e+00
7.306000000000000227e+01 2.009928071489288648e+00
7.306999999999999318e+01 2.000873886967715620e+00
7.307999999999999829e+01 1.997081724481744702e+00
7.309000000000000341e+01 2.006289188350062425e+00
7.309999999999999432e+01 1.995716682104080375e+00
7.310999999999999943e+01 2.007116105888052893e+00
7.312000000000000455e+01 2.003235874840973985e+00
7.312999999999999545e+01 1.997727749820962018e+00
7.314000000000000057e+01 1.999939666607773336e+00
7.315000000000000568e+01 1.989975657057476255e+00
7.315999999999999659e+01 2.002125290656485923e+00
7.317000000000000171e+01 2.001185550701858329e+00
7.318000000000000682e+01 1.996839837487835112e+00
7.318999999999999773e+01 1.999233764214515929e+00
7.320000000000000284e+01 2.001712101137922861e+00
7.320999999999999375e+01 2.001490187294677092e+00
7.321999999999999886e+01 2.003960204458088423e+00
7.323000000000000398e+01 2.002656053114973744e+00
7.323999999999999488e+01 1.996370487233428026e+00
7.325000000000000000e+01 2.002918347305554292e+00
7.326000000000000512e+01 2.007804410547727514e+00
7.326999999999999602e+01 2.000050642096027342e+00
7.328000000000000114e+01 2.003742190670555701e+00
7.329000000000000625e+01 2.007188376180861322e+00
7.329999999999999716e+01 2.009685219648555954e+00
7.331000000000000227e+01 2.000694783476426597e+00
7.331999999999999318e+01 2.000948970465985077e+00
7.332999999999999829e+01 2.005037479879004714e+00
7.334000000000000341e+01 2.004858524747956672e+00
7.334999999999999432e+01 2.007558744984276444e+00
7.335999999999999943e+01 2.003849823320706935e+00
7.337000000000000455e+01 2.009625361793417220e+00
7.337999999999999545e+01 2.008256131960504121e+00
7.339000000000000057e+01 2.003594755420588847e+00
7.340000000000000568e+01 2.009371738449111877e+00
7.340999999999999659e+01 2.010058592239688302e+00
7.342000000000000171e+01 2.004596247396432940e+00
7.343000000000000682e+01 2.010895964002738179e+00
7.343999999999999773e+01 2.006561022629808289e+00
7.345000000000000284e+01 2.014438444785001003e+00
7.345999999999999375e+01 2.016487374766241292e+00
7.346999999999999886e+01 2.010670642857950163e+00
7.348000000000000398e+01 2.013277063979118431e+00
7.348999999999999488e+01 2.015188533555432482e+00
7.350000000000000000e+01 2.003092816057508330e+00
7.351000000000000512e+01 2.015903882944746872e+00
7.351999999999999602e+01 2.005534048805126091e+00
7.353000000000000114e+01 2.008582954926121378e+00
7.354000000000000625e+01 2.005431243807322517e+00
7.354999999999999716e+01 2.010313037887179632e+00
7.356000000000000227e+01 2.003723359448637886e+00
7.356999999999999318e+01 2.003950535471093808e+00
7.357999999999999829e+01 1.995591540342360304e+00
7.359000000000000341e+01 2.003688880313395870e+00
7.359999999999999432e+01 2.002945823399322478e+00
7.360999999999999943e+01 2.002755567559098004e+00
7.362000000000000455e+01 2.009669790683308754e+00
7.362999999999999545e+01 2.009679207948669166e+00
7.364000000000000057e+01 2.005778458422457611e+00
7.365000000000000568e+01 2.001107454400799845e+00
7.365999999999999659e+01 2.004338678052859812e+00
7.367000000000000171e+01 2.008297454564210049e+00
7.368000000000000682e+01 2.003127665251511313e+00
7.368999999999999773e+01 2.003075621205198775e+00
7.370000000000000284e+01 2.005239334631963022e+00
7.370999999999999375e+01 2.010421991770285022e+00
7.371999999999999886e+01 2.003143624445420379e+00
7.373000000000000398e+01 2.002931505837749704e+00
7.373999999999999488e+01 2.007504212914920760e+00
7.375000000000000000e+01 2.012054994674452146e+00
7.376000000000000512e+01 2.011530578177343820e+00
7.376999999999999602e+01 2.015587150067508215e+00
7.378000000000000114e+01 2.016249050764238326e+00
7.379000000000000625e+01 2.013202612048762052e+00
7.379999999999999716e+01 2.010505297201647945e+00
7.381000000000000227e+01 2.003143935894551753e+00
7.381999999999999318e+01 2.016976642127530805e+00
7.382999999999999829e+01 2.011787204382065486e+00
7.384000000000000341e+01 2.008347894041398796e+00
7.384999999999999432e+01 2.001258846461129171e+00
7.385999999999999943e+01 2.004971809677622119e+00
7.387000000000000455e+01 2.001452325064247972e+00
7.387999999999999545e+01 2.005677580486275868e+00
7.389000000000000057e+01 2.004396555137921698e+00
7.390000000000000568e+01 2.003115754192573483e+00
7.390999999999999659e+01 2.009868123660853989e+00
7.392000000000000171e+01 2.005474569728285861e+00
7.393000000000000682e+01 1.999757852569151284e+00
7.393999999999999773e+01 2.007176849350790881e+00
7.395000000000000284e+01 1.994895869979775416e+00
7.395999999999999375e+01 2.004309858232469210e+00
7.396999999999999886e+01 1.999771759788596892e+00
7.398000000000000398e+01 2.002107901521612554e+00
7.398999999999999488e+01 2.003060889272001432e+00
7.400000000000000000e+01 2.006616611719153287e+00
7.401000000000000512e+01 2.006909474647378122e+00
7.401999999999999602e+01 2.006122589595385808e+00
7.403000000000000114e+01 2.008354779028215464e+00
7.404000000000000625e+01 2.011352091966280398e+00
7.404999999999999716e+01 2.008831227773762329e+00
7.406000000000000227e+01 2.011749514217610280e+00
7.406999999999999318e+01 2.009938436172437282e+00
7.407999999999999829e+01 2.005093627322195537e+00
7.409000000000000341e+01 2.008920114789029210e+00
7.409999999999999432e+01 2.008504141096902895e+00
7.410999999999999943e+01 2.011811338191235254e+00
7.412000000000000455e+01 2.014012380141116054e+00
7.412999999999999545e+01 2.010728095159537432e+00
7.414000000000000057e+01 2.014560501323954700e+00
7.415000000000000568e+01 2.013166458776254331e+00
7.415999999999999659e+01 2.012892464801528725e+00
7.417000000000000171e+01 2.020956486480774750e+00
7.418000000000000682e+01 2.019175874489894440e+00
7.418999999999999773e+01 2.018118831277010194e+00
7.420000000000000284e+01 2.014889376759191997e+00
7.420999999999999375e+01 2.008719441157630570e+00
7.421999999999999886e+01 2.011378959414378276e+00
7.423000000000000398e+01 2.012552377729995179e+00
7.423999999999999488e+01 2.014845399863320896e+00
7.425000000000000000e+01 2.005135154889695404e+00
7.426000000000000512e+01 2.011693559711565715e+00
7.426999999999999602e+01 2.004135899403193921e+00
7.428000000000000114e+01 2.008187570088811214e+00
7.429000000000000625e+01 2.006627667765319423e+00
7.429999999999999716e+01 2.006306874142234964e+00
7.431000000000000227e+01 2.004922096272074405e+00
7.431999999999999318e+01 2.005400174054753126e+00
7.432999999999999829e+01 2.004450155020333746e+00
7.434000000000000341e+01 2.005321885853474484e+00
7.434999999999999432e+01 2.014482280157899208e+00
7.435999999999999943e+01 2.017363530369921776e+00
7.437000000000000455e+01 2.015293705998145057e+00
7.437999999999999545e+01 2.012818299514757658e+00
7.439000000000000057e+01 2.008883418391897546e+00
7.440000000000000568e+01 2.010878609974160014e+00
7.440999999999999659e+01 2.011899166681855533e+00
7.442000000000000171e+01 2.010210627887407675e+00
7.443000000000000682e+01 2.007224418960581680e+00
7.443999999999999773e+01 2.011832610388217812e+00
7.445000000000000284e+01 2.018574489486701484e+00
7.445999999999999375e+01 2.018289532068101799e+00
7.446999999999999886e+01 2.016910613830737553e+00
7.448000000000000398e+01 2.014279398523774578e+00
7.448999999999999488e+01 2.017882150250184914e+00
7.450000000000000000e+01 2.014740806497610670e+00
7.451000000000000512e+01 2.005522467188405322e+00
7.451999999999999602e+01 2.016491415317460234e+00
7.453000000000000114e+01 2.009408994371780555e+00
7.454000000000000625e+01 2.012419972596891427e+00
7.454999999999999716e+01 2.007194838075245347e+00
7.456000000000000227e+01 2.003805271467053117e+00
7.456999999999999318e+01 1.998707882898419275e+00
7.457999999999999829e+01 2.004609847232646125e+00
7.459000000000000341e+01 1.999508837812849604e+00
7.459999999999999432e+01 2.000732605882368009e+00
7.460999999999999943e+01 2.000924352384820359e+00
7.462000000000000455e+01 2.004378491605852464e+00
7.462999999999999545e+01 1.999784168010880547e+00
7.464000000000000057e+01 2.009780021048275689e+00
7.465000000000000568e+01 1.996456587004097560e+00
7.465999999999999659e+01 1.998509630160071326e+00
7.467000000000000171e+01 1.997251310395035784e+00
7.468000000000000682e+01 1.998064223727446187e+00
7.468999999999999773e+01 1.999867388865319340e+00
7.470000000000000284e+01 2.003727736416306193e+00
7.470999999999999375e+01 1.999011496777535868e+00
7.471999999999999886e+01 2.002694624210165752e+00
7.473000000000000398e+01 2.002439225926250010e+00
7.473999999999999488e+01 2.003017800961526262e+00
7.475000000000000000e+01 1.999099537693734163e+00
7.476000000000000512e+01 2.001006177422032462e+00
7.476999999999999602e+01 2.002247825055995190e+00
7.478000000000000114e+01 2.003560129231307663e+00
7.479000000000000625e+01 2.005307329493075663e+00
7.479999999999999716e+01 2.006946618471156629e+00
7.481000000000000227e+01 2.006232113685589624e+00
7.481999999999999318e+01 2.005282698345363102e+00
7.482999999999999829e+01 2.003825198571523636e+00
7.484000000000000341e+01 2.005999704201322675e+00
7.484999999999999432e+01 2.005859688619318071e+00
7.485999999999999943e+01 2.002271163851674363e+00
7.487000000000000455e+01 2.008375252853776161e+00
7.487999999999999545e+01 2.003228381541116043e+00
7.489000000000000057e+01 2.005079189875201617e+00
7.490000000000000568e+01 2.007068174119215787e+00
7.490999999999999659e+01 2.002772637631781372e+00
7.492000000000000171e+01 2.010331575301811835e+00
7.493000000000000682e+01 2.003014639777947803e+00
7.493999999999999773e+01 2.006157521381243036e+00
7.495000000000000284e+01 2.007807363141931312e+00
7.495999999999999375e+01 2.004320192430456338e+00
7.496999999999999886e+01 1.996636370738037680e+00
7.498000000000000398e+01 2.005796077829246293e+00
7.498999999999999488e+01 1.994783674930719286e+00
7.500000000000000000e+01 1.998323664234725516e+00
7.501000000000000512e+01 1.993937398819352058e+00
7.501999999999999602e+01 1.996381010110685139e+00
7.503000000000000114e+01 1.998608652178903267e+00
7.504000000000000625e+01 1.994165478925234769e+00
7.504999999999999716e+01 1.996107403003944070e+00
7.506000000000000227e+01 2.005779581376029519e+00
7.506999999999999318e+01 1.997383352757550856e+00
7.507999999999999829e+01 1.995595775479266809e+00
7.509000000000000341e+01 2.000908181388245222e+00
7.509999999999999432e+01 1.998308431044781841e+00
7.510999999999999943e+01 1.998827311315717337e+00
7.512000000000000455e+01 1.999549942911130529e+00
7.512999999999999545e+01 1.997087763038765118e+00
7.514000000000000057e+01 1.996740929174525503e+00
7.515000000000000568e+01 1.994338258393590024e+00
7.515999999999999659e+01 2.001394435949416017e+00
7.517000000000000171e+01 2.000416737408328594e+00
7.518000000000000682e+01 2.009423625026192095e+00
7.518999999999999773e+01 1.996361725919839625e+00
7.520000000000000284e+01 1.998604210748261112e+00
7.520999999999999375e+01 1.997843472700938650e+00
7.521999999999999886e+01 2.003645668790364542e+00
7.523000000000000398e+01 2.002651936985377468e+00
7.523999999999999488e+01 2.005859940919851869e+00
7.525000000000000000e+01 2.007530743015186747e+00
7.526000000000000512e+01 2.003724949555743873e+00
7.526999999999999602e+01 2.000304367744118572e+00
7.528000000000000114e+01 2.002218093448008496e+00
7.529000000000000625e+01 2.004597766467481446e+00
7.529999999999999716e+01 1.996373591611990461e+00
7.531000000000000227e+01 1.998616533493462244e+00
7.531999999999999318e+01 1.995803798158541920e+00
7.532999999999999829e+01 2.000568818052804065e+00
7.534000000000000341e+01 1.993058427445648872e+00
7.534999999999999432e+01 1.993447280642151487e+00
7.535999999999999943e+01 1.998641534079724780e+00
7.537000000000000455e+01 2.003482719284266800e+00
7.537999999999999545e+01 1.998908116939173807e+00
7.539000000000000057e+01 2.010450506272265514e+00
7.540000000000000568e+01 2.003132563745050110e+00
7.540999999999999659e+01 1.995358579591129056e+00
7.542000000000000171e+01 1.995872585520527709e+00
7.543000000000000682e+01 1.996704603041418169e+00
7.543999999999999773e+01 1.998562598537730439e+00
7.545000000000000284e+01 1.997457101051056894e+00
7.545999999999999375e+01 1.996008807142875652e+00
7.546999999999999886e+01 1.992619972150212915e+00
7.548000000000000398e+01 1.994155792628628188e+00
7.548999999999999488e+01 1.998835837681559813e+00
7.550000000000000000e+01 1.992260234055458934e+00
7.551000000000000512e+01 2.000762553862064141e+00
7.551999999999999602e+01 1.998525725330721370e+00
7.553000000000000114e+01 1.996485389600913596e+00
7.554000000000000625e+01 2.003519156948431412e+00
7.554999999999999716e+01 1.993799065559814565e+00
7.556000000000000227e+01 1.999806669386851699e+00
7.556999999999999318e+01 2.000944571748671130e+00
7.557999999999999829e+01 1.995237266045990498e+00
7.559000000000000341e+01 1.993299728091947998e+00
7.559999999999999432e+01 1.996390030541246974e+00
7.560999999999999943e+01 2.000714642742316141e+00
7.562000000000000455e+01 1.996466006522032988e+00
7.562999999999999545e+01 1.993064415584421711e+00
7.564000000000000057e+01 1.999848003612762160e+00
7.565000000000000568e+01 1.999715498339248665e+00
7.565999999999999659e+01 2.001055476669456379e+00
7.567000000000000171e+01 1.993440336464394891e+00
7.568000000000000682e+01 2.001376201287111911e+00
7.568999999999999773e+01 2.002275462395493921e+00
7.570000000000000284e+01 2.002036145905266018e+00
7.570999999999999375e+01 1.997611846639165023e+00
7.571999999999999886e+01 2.002604130952834627e+00
7.573000000000000398e+01 2.002327908149004188e+00
7.573999999999999488e+01 2.004588548840557927e+00
7.575000000000000000e+01 1.993216878893537380e+00
7.576000000000000512e+01 2.002037226097018952e+00
7.576999999999999602e+01 1.999511865007490785e+00
7.578000000000000114e+01 2.000192743114703298e+00
7.579000000000000625e+01 2.003510681003032534e+00
7.579999999999999716e+01 2.004226415291785024e+00
7.581000000000000227e+01 2.001883028828500777e+00
7.581999999999999318e+01 1.999084036467249081e+00
7.582999999999999829e+01 2.000273470215063742e+00
7.584000000000000341e+01 2.003688248503828984e+00
7.584999999999999432e+01 2.007985123921348425e+00
7.585999999999999943e+01 1.996030521744663222e+00
7.587000000000000455e+01 1.996993975443021485e+00
7.587999999999999545e+01 2.000924573633049430e+00
7.589000000000000057e+01 1.998561927167097796e+00
7.590000000000000568e+01 2.002086198497840641e+00
7.590999999999999659e+01 2.001566456759346302e+00
7.592000000000000171e+01 1.999480632110537170e+00
7.593000000000000682e+01 2.000272105897554997e+00
7.593999999999999773e+01 1.997962502823092068e+00
7.595000000000000284e+01 2.008460191506739267e+00
7.595999999999999375e+01 1.999067058498231075e+00
7.596999999999999886e+01 2.000414810676332422e+00
7.598000000000000398e+01 1.996615565555497795e+00
7.598999999999999488e+01 1.996648060978788664e+00
7.600000000000000000e+01 1.995279258920229282e+00
7.601000000000000512e+01 2.000836717632627604e+00
7.601999999999999602e+01 2.006363813908222493e+00
7.603000000000000114e+01 2.000599675303607050e+00
7.604000000000000625e+01 1.999454867108574119e+00
7.604999999999999716e+01 1.998712252894010222e+00
7.606000000000000227e+01 2.008182824450414294e+00
7.606999999999999318e+01 2.007964164459095535e+00
7.607999999999999829e+01 2.000504522855820255e+00
7.609000000000000341e+01 2.004428523974506327e+00
7.609999999999999432e+01 2.002442278230870176e+00
7.610999999999999943e+01 2.004948169226207000e+00
7.612000000000000455e+01 2.001438147957016245e+00
7.612999999999999545e+01 1.999271173709149085e+00
7.614000000000000057e+01 2.004681310437431474e+00
7.615000000000000568e+01 2.002780668801444008e+00
7.615999999999999659e+01 2.004318570405948297e+00
7.617000000000000171e+01 2.005346319183517245e+00
7.618000000000000682e+01 2.005713781215783698e+00
7.618999999999999773e+01 2.005149205808050006e+00
7.620000000000000284e+01 2.005420794304201060e+00
7.620999999999999375e+01 2.006556147490798026e+00
7.621999999999999886e+01 2.009553398643030508e+00
7.623000000000000398e+01 2.006729680712202146e+00
7.623999999999999488e+01 2.016158449616176185e+00
7.625000000000000000e+01 2.010079635646899288e+00
7.626000000000000512e+01 2.008134006318979647e+00
7.626999999999999602e+01 2.007202163373663417e+00
7.628000000000000114e+01 2.011437964680046431e+00
7.629000000000000625e+01 2.008050956187636515e+00
7.629999999999999716e+01 2.004894934691577646e+00
7.631000000000000227e+01 2.007050758774179489e+00
7.631999999999999318e+01 2.005398600047916258e+00
7.632999999999999829e+01 2.002533179707839839e+00
7.634000000000000341e+01 2.008203177927775585e+00
7.634999999999999432e+01 2.003683364691724034e+00
7.635999999999999943e+01 2.002856361345966008e+00
7.637000000000000455e+01 2.007631879764321781e+00
7.637999999999999545e+01 1.997917246756770293e+00
7.639000000000000057e+01 2.005051761676438282e+00
7.640000000000000568e+01 2.002855232380393424e+00
7.640999999999999659e+01 2.006902726911274470e+00
7.642000000000000171e+01 2.012257005678677935e+00
7.643000000000000682e+01 2.008799475014012792e+00
7.643999999999999773e+01 2.006843259056119155e+00
7.645000000000000284e+01 2.004558632025736920e+00
7.645999999999999375e+01 2.007953866521448028e+00
7.646999999999999886e+01 1.999415062008734534e+00
7.648000000000000398e+01 2.005550832664424910e+00
7.648999999999999488e+01 2.005985326219048126e+00
7.650000000000000000e+01 2.005407371948680684e+00
7.651000000000000512e+01 2.013513507238134270e+00
7.651999999999999602e+01 2.007753179122720333e+00
7.653000000000000114e+01 2.016818089197412789e+00
7.654000000000000625e+01 2.006208212316411554e+00
7.654999999999999716e+01 2.001146075330769492e+00
7.656000000000000227e+01 2.009394173742678813e+00
7.656999999999999318e+01 2.005551628826285349e+00
7.657999999999999829e+01 2.003946207068657781e+00
7.659000000000000341e+01 2.000103247010367902e+00
7.659999999999999432e+01 2.007651529482613828e+00
7.660999999999999943e+01 2.010134315437042574e+00
7.662000000000000455e+01 2.004997782247631033e+00
7.662999999999999545e+01 1.999874657148194901e+00
7.664000000000000057e+01 2.001537054404030513e+00
7.665000000000000568e+01 2.000091012298084614e+00
7.665999999999999659e+01 2.004267790611633515e+00
7.667000000000000171e+01 2.000303607585698806e+00
7.668000000000000682e+01 1.997627924552019874e+00
7.668999999999999773e+01 2.004610672617379130e+00
7.670000000000000284e+01 1.999800836693322648e+00
7.670999999999999375e+01 2.008314048919965789e+00
7.671999999999999886e+01 2.009957839432037652e+00
7.673000000000000398e+01 2.000336046022627379e+00
7.673999999999999488e+01 1.995843773087779383e+00
7.675000000000000000e+01 1.994212980696104198e+00
7.676000000000000512e+01 1.997171687094313697e+00
7.676999999999999602e+01 1.998767624366879048e+00
7.678000000000000114e+01 2.001019658940358603e+00
7.679000000000000625e+01 1.995097412461378950e+00
7.679999999999999716e+01 2.002803112916786255e+00
7.681000000000000227e+01 2.002252793732989922e+00
7.681999999999999318e+01 2.002525961345246408e+00
7.682999999999999829e+01 1.998449867945750968e+00
7.684000000000000341e+01 2.000743070495562215e+00
7.684999999999999432e+01 2.000174479604312161e+00
7.685999999999999943e+01 1.995240616326168448e+00
7.687000000000000455e+01 1.999669651074794441e+00
7.687999999999999545e+01 2.003069496190613918e+00
7.689000000000000057e+01 1.998798303820399358e+00
7.690000000000000568e+01 1.993754506957519768e+00
7.690999999999999659e+01 1.998243076148231712e+00
7.692000000000000171e+01 1.999391059621734357e+00
7.693000000000000682e+01 2.003045719734688035e+00
7.693999999999999773e+01 1.996487776052993768e+00
7.695000000000000284e+01 1.993614110348531865e+00
7.695999999999999375e+01 1.998199557102970925e+00
7.696999999999999886e+01 1.992710727785319325e+00
7.698000000000000398e+01 2.001983232292315229e+00
7.698999999999999488e+01 1.996580017258639428e+00
7.700000000000000000e+01 2.002746856803064635e+00
7.701000000000000512e+01 1.998362037984335426e+00
7.701999999999999602e+01 2.001929153342056456e+00
7.703000000000000114e+01 1.998675772897974934e+00
7.704000000000000625e+01 1.997263593273100879e+00
7.704999999999999716e+01 2.005406952303474988e+00
7.706000000000000227e+01 2.000462947920209622e+00
7.706999999999999318e+01 1.998797608914571144e+00
7.707999999999999829e+01 1.993854911325365631e+00
7.709000000000000341e+01 2.002922511286060026e+00
7.709999999999999432e+01 2.000670491770339510e+00
7.710999999999999943e+01 1.999371523405813367e+00
7.712000000000000455e+01 2.000953072601473703e+00
7.712999999999999545e+01 2.000955782472394695e+00
7.714000000000000057e+01 1.997281339979750658e+00
7.715000000000000568e+01 2.001829886393382552e+00
7.715999999999999659e+01 1.991806407816050228e+00
7.717000000000000171e+01 1.997348858101290814e+00
7.718000000000000682e+01 1.996016310992944742e+00
7.718999999999999773e+01 1.995328471410096949e+00
7.720000000000000284e+01 2.003985046283387916e+00
7.720999999999999375e+01 1.999813605380990067e+00
7.721999999999999886e+01 2.002405474773221172e+00
7.723000000000000398e+01 1.999192440536810667e+00
7.723999999999999488e+01 1.997957892035907790e+00
7.725000000000000000e+01 2.005670146522924746e+00
7.726000000000000512e+01 1.996892169212379553e+00
7.726999999999999602e+01 1.995071820311778765e+00
7.728000000000000114e+01 1.996874412239679986e+00
7.729000000000000625e+01 1.989150207096646694e+00
7.729999999999999716e+01 1.992756849867565183e+00
7.731000000000000227e+01 1.993826973698720639e+00
7.731999999999999318e+01 1.994402933089986174e+00
7.732999999999999829e+01 1.996983002258052142e+00
7.734000000000000341e+01 1.991334698735401698e+00
7.734999999999999432e+01 1.992367533577665384e+00
7.735999999999999943e+01 1.989393310977470408e+00
7.737000000000000455e+01 1.995356322652444003e+00
7.737999999999999545e+01 1.992492220196035557e+00
7.739000000000000057e+01 1.997672221492690969e+00
7.740000000000000568e+01 1.992532192553865045e+00
7.740999999999999659e+01 1.990220948582452021e+00
7.742000000000000171e+01 1.992425654843509308e+00
7.743000000000000682e+01 2.001360011426855046e+00
7.743999999999999773e+01 1.997408341148385391e+00
7.745000000000000284e+01 1.990939237342778112e+00
7.745999999999999375e+01 1.990376881366408224e+00
7.746999999999999886e+01 1.989561271319852720e+00
7.748000000000000398e+01 1.990378811118868496e+00
7.748999999999999488e+01 1.995743561217497852e+00
7.750000000000000000e+01 2.003406265378050222e+00
7.751000000000000512e+01 1.998099881810920353e+00
7.751999999999999602e+01 2.000704674863776678e+00
7.753000000000000114e+01 1.997198205455291475e+00
7.754000000000000625e+01 2.002328854433586436e+00
7.754999999999999716e+01 2.006560228836384407e+00
7.756000000000000227e+01 2.001639591320255374e+00
7.756999999999999318e+01 2.001468648379088222e+00
7.757999999999999829e+01 2.002859279950901961e+00
7.759000000000000341e+01 2.004165577267090548e+00
7.759999999999999432e+01 2.003529994958917371e+00
7.760999999999999943e+01 2.012519388042242507e+00
7.762000000000000455e+01 2.006727058194361923e+00
7.762999999999999545e+01 2.001749419954694797e+00
7.764000000000000057e+01 2.002498044329272808e+00
7.765000000000000568e+01 2.005491771873820550e+00
7.765999999999999659e+01 2.000175358319742358e+00
7.767000000000000171e+01 2.000274981915497463e+00
7.768000000000000682e+01 2.000050274916850501e+00
7.768999999999999773e+01 1.999245346242444654e+00
7.770000000000000284e+01 2.007129809577505863e+00
7.770999999999999375e+01 1.998770200370312722e+00
7.771999999999999886e+01 2.005469205813346978e+00
7.773000000000000398e+01 1.995294776588142138e+00
7.773999999999999488e+01 1.999638231181220860e+00
7.775000000000000000e+01 1.999412681763705013e+00
7.776000000000000512e+01 2.000108900544401713e+00
7.776999999999999602e+01 1.996716311756174367e+00
7.778000000000000114e+01 1.992377965734894785e+00
7.779000000000000625e+01 2.001444215776102986e+00
7.779999999999999716e+01 2.000028462386948647e+00
7.781000000000000227e+01 1.995402911163280280e+00
7.781999999999999318e+01 2.003330933428531857e+00
7.782999999999999829e+01 1.993590051478831837e+00
7.784000000000000341e+01 1.997671674614289516e+00
7.784999999999999432e+01 2.002239894622660721e+00
7.785999999999999943e+01 2.002824379393605803e+00
7.787000000000000455e+01 1.998332845418199666e+00
7.787999999999999545e+01 2.004024239551877251e+00
7.789000000000000057e+01 1.997586002738083177e+00
7.790000000000000568e+01 2.003570576268576708e+00
7.790999999999999659e+01 2.002052471279168522e+00
7.792000000000000171e+01 2.002982344609548715e+00
7.793000000000000682e+01 2.010182928799443935e+00
7.793999999999999773e+01 2.002074320996800161e+00
7.795000000000000284e+01 1.999504360880011378e+00
7.795999999999999375e+01 1.999630792164324378e+00
7.796999999999999886e+01 2.000793496961294160e+00
7.798000000000000398e+01 2.002490943637417420e+00
7.798999999999999488e+01 1.998716015106861477e+00
7.800000000000000000e+01 2.000457311162715524e+00
7.801000000000000512e+01 2.000260873209612988e+00
7.801999999999999602e+01 1.999735661743512694e+00
7.803000000000000114e+01 1.994492163745912094e+00
7.804000000000000625e+01 2.001998395495989236e+00
7.804999999999999716e+01 1.996336994022490874e+00
7.806000000000000227e+01 1.994227696588490861e+00
7.806999999999999318e+01 2.004544245613411491e+00
7.807999999999999829e+01 1.998039048352385105e+00
7.809000000000000341e+01 2.005237579115326962e+00
7.809999999999999432e+01 1.994409036142826164e+00
7.810999999999999943e+01 1.997364441090930143e+00
7.812000000000000455e+01 1.998110359890697296e+00
7.812999999999999545e+01 1.997686000833408970e+00
7.814000000000000057e+01 1.997960551891300396e+00
7.815000000000000568e+01 2.001561779706998223e+00
7.815999999999999659e+01 2.000398635639453637e+00
7.817000000000000171e+01 2.007044756415483189e+00
7.818000000000000682e+01 2.005173995904281803e+00
7.818999999999999773e+01 2.010594376316111376e+00
7.820000000000000284e+01 2.001250130771841551e+00
7.820999999999999375e+01 1.994946102878451866e+00
7.821999999999999886e+01 2.001326143171216820e+00
7.823000000000000398e+01 2.003146179781439606e+00
7.823999999999999488e+01 2.001641569942930410e+00
7.825000000000000000e+01 2.000932108337674098e+00
7.826000000000000512e+01 2.004246836264355736e+00
7.826999999999999602e+01 1.998738229838785685e+00
7.828000000000000114e+01 2.001215901083158055e+00
7.829000000000000625e+01 2.001188068476400961e+00
7.829999999999999716e+01 2.008307897250368956e+00
7.831000000000000227e+01 2.002128422798726604e+00
7.831999999999999318e+01 2.001535320869655799e+00
7.832999999999999829e+01 2.003044001775175609e+00
7.834000000000000341e+01 1.999137128886050219e+00
7.834999999999999432e+01 1.994411067186890207e+00
7.835999999999999943e+01 1.992966899701365646e+00
7.837000000000000455e+01 1.989485252071641286e+00
7.837999999999999545e+01 1.992538743463034390e+00
7.839000000000000057e+01 1.995749285464761824e+00
7.840000000000000568e+01 1.992462211815762885e+00
7.840999999999999659e+01 2.000820007395773814e+00
7.842000000000000171e+01 1.995125835634210087e+00
7.843000000000000682e+01 1.990908351785487085e+00
7.843999999999999773e+01 2.001680802494889555e+00
7.845000000000000284e+01 2.006518412841101551e+00
7.845999999999999375e+01 2.001777171719747006e+00
7.846999999999999886e+01 1.998500358735126436e+00
7.848000000000000398e+01 2.001016967787228484e+00
7.848999999999999488e+01 1.997653245237914543e+00
7.850000000000000000e+01 1.993502415870152422e+00
7.851000000000000512e+01 1.998953899399960266e+00
7.851999999999999602e+01 1.988388845251942927e+00
7.853000000000000114e+01 1.997281668494768514e+00
7.854000000000000625e+01 1.990399511452662917e+00
7.854999999999999716e+01 1.989170097322615405e+00
7.856000000000000227e+01 1.991913298532047794e+00
7.856999999999999318e+01 1.996529745146604196e+00
7.857999999999999829e+01 1.999294343819697062e+00
7.859000000000000341e+01 1.998365287580385452e+00
7.859999999999999432e+01 1.994910230717433119e+00
7.860999999999999943e+01 1.993540480192776965e+00
7.862000000000000455e+01 2.001403433148526645e+00
7.862999999999999545e+01 1.997543460500595502e+00
7.864000000000000057e+01 1.992882897703758704e+00
7.865000000000000568e+01 2.000353933824846386e+00
7.865999999999999659e+01 2.003970822178559708e+00
7.867000000000000171e+01 1.993842645968818106e+00
7.868000000000000682e+01 1.997024946765571851e+00
7.868999999999999773e+01 1.995911472515710106e+00
7.870000000000000284e+01 1.995879275254446750e+00
7.870999999999999375e+01 1.998514028007558396e+00
7.871999999999999886e+01 1.993603589774854967e+00
7.873000000000000398e+01 1.997980863101955773e+00
7.873999999999999488e+01 2.001388122185334240e+00
7.875000000000000000e+01 1.995328403674603068e+00
7.876000000000000512e+01 2.000237767081780582e+00
7.876999999999999602e+01 1.999322811797634269e+00
7.878000000000000114e+01 1.992368962544909028e+00
7.879000000000000625e+01 2.006999725960533887e+00
7.879999999999999716e+01 2.003363733595289631e+00
7.881000000000000227e+01 1.996770086094981522e+00
7.881999999999999318e+01 1.995414953455047158e+00
7.882999999999999829e+01 1.997075595291770256e+00
7.884000000000000341e+01 1.996023161158248627e+00
7.884999999999999432e+01 2.005214986491870910e+00
7.885999999999999943e+01 1.998781852092125444e+00
7.887000000000000455e+01 1.997442742755672240e+00
7.887999999999999545e+01 1.998224289517996466e+00
7.889000000000000057e+01 1.994652743901359937e+00
7.890000000000000568e+01 1.995783352729671334e+00
7.890999999999999659e+01 1.990279694278176192e+00
7.892000000000000171e+01 1.992414556278155002e+00
7.893000000000000682e+01 1.994465365867908346e+00
7.893999999999999773e+01 1.998407747478647023e+00
7.895000000000000284e+01 1.998526282792398190e+00
7.895999999999999375e+01 2.001285028342776773e+00
7.896999999999999886e+01 1.998074428098888244e+00
7.898000000000000398e+01 2.002908550214344885e+00
7.898999999999999488e+01 2.000546708370792626e+00
7.900000000000000000e+01 2.001011984791863263e+00
7.901000000000000512e+01 1.997642312509395834e+00
7.901999999999999602e+01 2.005357180656813121e+00
7.903000000000000114e+01 2.005801521203649962e+00
7.904000000000000625e+01 2.002646372554522713e+00
7.904999999999999716e+01 2.004059077267216882e+00
7.906000000000000227e+01 2.003363417363703824e+00
7.906999999999999318e+01 2.000539582125584470e+00
7.907999999999999829e+01 2.001356848254298271e+00
7.909000000000000341e+01 1.997149243472840840e+00
7.909999999999999432e+01 1.991766471241998460e+00
7.910999999999999943e+01 1.995361175584608571e+00
7.912000000000000455e+01 1.992452004520452791e+00
7.912999999999999545e+01 1.988542971023905981e+00
7.914000000000000057e+01 1.987974853243460682e+00
7.915000000000000568e+01 1.995547782008071591e+00
7.915999999999999659e+01 1.992696319859923459e+00
7.917000000000000171e+01 1.995173471275691002e+00
7.918000000000000682e+01 1.989548871547257347e+00
7.918999999999999773e+01 1.990127235983026210e+00
7.920000000000000284e+01 1.983087440510723054e+00
7.920999999999999375e+01 1.990870619693505095e+00
7.921999999999999886e+01 1.991635204551220895e+00
7.923000000000000398e+01 1.993246161445949127e+00
7.923999999999999488e+01 1.995105643660146644e+00
7.925000000000000000e+01 1.990076601102745091e+00
7.926000000000000512e+01 1.982830541953406911e+00
7.926999999999999602e+01 1.992550152648039585e+00
7.928000000000000114e+01 1.990874043808477101e+00
7.929000000000000625e+01 1.996181636581091157e+00
7.929999999999999716e+01 1.996135713685822655e+00
7.931000000000000227e+01 1.994692650681751500e+00
7.931999999999999318e+01 1.997722869853236105e+00
7.932999999999999829e+01 1.992686681919878966e+00
7.934000000000000341e+01 1.996916109750590973e+00
7.934999999999999432e+01 1.992166839857181015e+00
7.935999999999999943e+01 1.991917562448112466e+00
7.937000000000000455e+01 1.993405127219492812e+00
7.937999999999999545e+01 1.987612231352039682e+00
7.939000000000000057e+01 1.999629265321092531e+00
7.940000000000000568e+01 1.989944112418002842e+00
7.940999999999999659e+01 2.002082274858797639e+00
7.942000000000000171e+01 1.992351763082068405e+00
7.943000000000000682e+01 1.994141285694734034e+00
7.943999999999999773e+01 1.990463836700151701e+00
7.945000000000000284e+01 1.997166789505902873e+00
7.945999999999999375e+01 1.997159602862803141e+00
7.946999999999999886e+01 1.993743975852408257e+00
7.948000000000000398e+01 1.998749131855887651e+00
7.948999999999999488e+01 1.997388265148315467e+00
7.950000000000000000e+01 2.000174311218336776e+00
7.951000000000000512e+01 1.995780402312709256e+00
7.951999999999999602e+01 2.003534054930235619e+00
7.953000000000000114e+01 1.999579694845959654e+00
7.954000000000000625e+01 1.998476255779628730e+00
7.954999999999999716e+01 1.994627808935360180e+00
7.956000000000000227e+01 2.000781555347973750e+00
7.956999999999999318e+01 2.000181365937166778e+00
7.957999999999999829e+01 2.001071303845007865e+00
7.959000000000000341e+01 1.997506999102839798e+00
7.959999999999999432e+01 1.996947118880430194e+00
7.960999999999999943e+01 1.998908200745267649e+00
7.962000000000000455e+01 1.996640441032514035e+00
7.962999999999999545e+01 2.001511276287597951e+00
7.964000000000000057e+01 2.005932212091433797e+00
7.965000000000000568e+01 2.003038415591825938e+00
7.965999999999999659e+01 2.001857117156222721e+00
7.967000000000000171e+01 2.002381152524929320e+00
7.968000000000000682e+01 2.008860677437664943e+00
7.968999999999999773e+01 2.000627259587693718e+00
7.970000000000000284e+01 2.000385655158809506e+00
7.970999999999999375e+01 1.999511085042947389e+00
7.971999999999999886e+01 1.999837656758635562e+00
7.973000000000000398e+01 1.995226125398560812e+00
7.973999999999999488e+01 2.001390502281389150e+00
7.975000000000000000e+01 1.999361079404675223e+00
7.976000000000000512e+01 2.004996487343118527e+00
7.976999999999999602e+01 2.001463299227479897e+00
7.978000000000000114e+01 1.997716873611013799e+00
7.979000000000000625e+01 2.002780297970518042e+00
7.979999999999999716e+01 2.007886054693698519e+00
7.981000000000000227e+01 2.005184074058360633e+00
7.981999999999999318e+01 2.002757240312255327e+00
7.982999999999999829e+01 2.003489990678822608e+00
7.984000000000000341e+01 2.002077031654357686e+00
7.984999999999999432e+01 2.009455975006836148e+00
7.985999999999999943e+01 2.002223150856724754e+00
7.987000000000000455e+01 2.005688203958777560e+00
7.987999999999999545e+01 2.005513013549109935e+00
7.989000000000000057e+01 2.002543126871756396e+00
7.990000000000000568e+01 2.000748368752024220e+00
7.990999999999999659e+01 1.996404488395097987e+00
7.992000000000000171e+01 1.994826544824680692e+00
7.993000000000000682e+01 1.998989244688544886e+00
7.993999999999999773e+01 1.993817829336105074e+00
7.995000000000000284e+01 2.000074929081676167e+00
7.995999999999999375e+01 1.999532382458660162e+00
7.996999999999999886e+01 1.994608226773944226e+00
7.998000000000000398e+01 1.991919689238276003e+00
7.998999999999999488e+01 1.995617199028890898e+00
8.000000000000000000e+01 1.994569511315779309e+00
8.001000000000000512e+01 1.995635947702719459e+00
8.001999999999999602e+01 1.997563993298912211e+00
8.003000000000000114e+01 1.997587784642431696e+00
8.004000000000000625e+01 1.995452792593663149e+00
8.004999999999999716e+01 1.993967194063963388e+00
8.006000000000000227e+01 1.995340178601066272e+00
8.006999999999999318e+01 1.988686656609262471e+00
8.007999999999999829e+01 2.002100843663844110e+00
8.009000000000000341e+01 1.995991142589407685e+00
8.009999999999999432e+01 1.998883080202137119e+00
8.010999999999999943e+01 1.995404442520213095e+00
8.012000000000000455e+01 2.000852469195056216e+00
8.012999999999999545e+01 2.002582113167021394e+00
8.014000000000000057e+01 2.010458126322188122e+00
8.015000000000000568e+01 2.003897932692835671e+00
8.015999999999999659e+01 2.009978146398487375e+00
8.017000000000000171e+01 1.999254274234244066e+00
8.018000000000000682e+01 1.995661730007800783e+00
8.018999999999999773e+01 2.004227490145877866e+00
8.020000000000000284e+01 2.003685705051739152e+00
8.020999999999999375e+01 1.999291379381812117e+00
8.021999999999999886e+01 2.000865298536444570e+00
8.023000000000000398e+01 2.004699586510576559e+00
8.023999999999999488e+01 2.000594351837903240e+00
8.025000000000000000e+01 1.998174026310450824e+00
8.026000000000000512e+01 1.999507088995893911e+00
8.026999999999999602e+01 1.999634170953149326e+00
8.028000000000000114e+01 1.999835051782027362e+00
8.029000000000000625e+01 2.002661522436181674e+00
8.029999999999999716e+01 2.006126095240059026e+00
8.031000000000000227e+01 1.995116075022567603e+00
8.031999999999999318e+01 1.995710962348595130e+00
8.032999999999999829e+01 2.009265570255001077e+00
8.034000000000000341e+01 2.005065406385354798e+00
8.034999999999999432e+01 2.014201991907679901e+00
8.035999999999999943e+01 2.001381511237272370e+00
8.037000000000000455e+01 2.009529441125474936e+00
8.037999999999999545e+01 2.008155337786874384e+00
8.039000000000000057e+01 2.010063675483672707e+00
8.040000000000000568e+01 2.008903933063417746e+00
8.040999999999999659e+01 2.003532445665439532e+00
8.042000000000000171e+01 2.010109273490529258e+00
8.043000000000000682e+01 2.016836995265203214e+00
8.043999999999999773e+01 2.008895683612430538e+00
8.045000000000000284e+01 2.011484200029323599e+00
8.045999999999999375e+01 2.016651582753208327e+00
8.046999999999999886e+01 2.016926832872617315e+00
8.048000000000000398e+01 2.028395272166529040e+00
8.048999999999999488e+01 2.017096571959675622e+00
8.050000000000000000e+01 2.020555703272491677e+00
8.051000000000000512e+01 2.018742059653476861e+00
8.051999999999999602e+01 2.011695706654186289e+00
8.053000000000000114e+01 2.009827248869783922e+00
8.054000000000000625e+01 2.008442514068278228e+00
8.054999999999999716e+01 2.004804284839035056e+00
8.056000000000000227e+01 2.001774425599188945e+00
8.056999999999999318e+01 1.998259473178418677e+00
8.057999999999999829e+01 1.998490685188176741e+00
8.059000000000000341e+01 1.996733091346458933e+00
8.059999999999999432e+01 2.003471206750407241e+00
8.060999999999999943e+01 2.005414712355910734e+00
8.062000000000000455e+01 1.994601748670782992e+00
8.062999999999999545e+01 1.996421804048223336e+00
8.064000000000000057e+01 1.996198029149552911e+00
8.065000000000000568e+01 2.003444286990824441e+00
8.065999999999999659e+01 2.005464719032263865e+00
8.067000000000000171e+01 2.001330593190440599e+00
8.068000000000000682e+01 2.004696313530714313e+00
8.068999999999999773e+01 2.000730559147821275e+00
8.070000000000000284e+01 1.998942191830085591e+00
8.070999999999999375e+01 2.001405103461626034e+00
8.071999999999999886e+01 2.005803484909693513e+00
8.073000000000000398e+01 2.001807441298367074e+00
8.073999999999999488e+01 1.998558487718213428e+00
8.075000000000000000e+01 2.009016875227787047e+00
8.076000000000000512e+01 2.000941713927292032e+00
8.076999999999999602e+01 2.000650207195463715e+00
8.078000000000000114e+01 1.987836133306680297e+00
8.079000000000000625e+01 1.994552746263722920e+00
8.079999999999999716e+01 2.001189519568487007e+00
8.081000000000000227e+01 2.004777053480265359e+00
8.081999999999999318e+01 2.001077613363398289e+00
8.082999999999999829e+01 1.999605011170779267e+00
8.084000000000000341e+01 2.000081804140019681e+00
8.084999999999999432e+01 1.999948679188245038e+00
8.085999999999999943e+01 1.997064418858956802e+00
8.087000000000000455e+01 2.001541592394579183e+00
8.087999999999999545e+01 2.000639844815371049e+00
8.089000000000000057e+01 2.001888013534717903e+00
8.090000000000000568e+01 2.004888531603723045e+00
8.090999999999999659e+01 2.005608093377196699e+00
8.092000000000000171e+01 2.004361980920327468e+00
8.093000000000000682e+01 2.008627329162243402e+00
8.093999999999999773e+01 2.009825363454450287e+00
8.095000000000000284e+01 2.009110864965931054e+00
8.095999999999999375e+01 2.010705620853328490e+00
8.096999999999999886e+01 2.003472480598927241e+00
8.098000000000000398e+01 2.009351660772427550e+00
8.098999999999999488e+01 2.010633535553366880e+00
8.100000000000000000e+01 2.004105447069606249e+00
8.101000000000000512e+01 2.014646650784159387e+00
8.101999999999999602e+01 2.013651432817393339e+00
8.103000000000000114e+01 2.004461751479607479e+00
8.104000000000000625e+01 2.006524038310502966e+00
8.104999999999999716e+01 2.008918941769731958e+00
8.106000000000000227e+01 2.004788342837442450e+00
8.106999999999999318e+01 2.011199690449597455e+00
8.107999999999999829e+01 2.003555470618128886e+00
8.109000000000000341e+01 2.002906420975258506e+00
8.109999999999999432e+01 2.001523158577755090e+00
8.110999999999999943e+01 2.006585682351409439e+00
8.112000000000000455e+01 2.004412142089144755e+00
8.112999999999999545e+01 2.005076409476032495e+00
8.114000000000000057e+01 1.996490693998789201e+00
8.115000000000000568e+01 2.003720868318454418e+00
8.115999999999999659e+01 2.001370264224708873e+00
8.117000000000000171e+01 2.008185405919599376e+00
8.118000000000000682e+01 2.007149455980965946e+00
8.118999999999999773e+01 1.997630169210439011e+00
8.120000000000000284e+01 2.002186221790073439e+00
8.120999999999999375e+01 2.001711730374115206e+00
8.121999999999999886e+01 1.997222907421945193e+00
8.123000000000000398e+01 2.005158694322883406e+00
8.123999999999999488e+01 2.006288144350071967e+00
8.125000000000000000e+01 2.003375936564269377e+00
8.126000000000000512e+01 2.004044602180830914e+00
8.126999999999999602e+01 2.003084028404308992e+00
8.128000000000000114e+01 2.006704201817854472e+00
8.129000000000000625e+01 2.003089206846973447e+00
8.129999999999999716e+01 1.998425864520279926e+00
8.131000000000000227e+01 2.005327298383126511e+00
8.131999999999999318e+01 2.004664470947246979e+00
8.132999999999999829e+01 2.000477106073975442e+00
8.134000000000000341e+01 2.000178411036803272e+00
8.134999999999999432e+01 1.998885606506603185e+00
8.135999999999999943e+01 2.003987372890963403e+00
8.137000000000000455e+01 2.008073291925500214e+00
8.137999999999999545e+01 2.001509418136464102e+00
8.139000000000000057e+01 2.004631662919021284e+00
8.140000000000000568e+01 2.005007440074741076e+00
8.140999999999999659e+01 2.008017762605483369e+00
8.142000000000000171e+01 2.008110793336735256e+00
8.143000000000000682e+01 2.008153444184329395e+00
8.143999999999999773e+01 2.005573984185999858e+00
8.145000000000000284e+01 2.004995099950308113e+00
8.145999999999999375e+01 2.003172300564778574e+00
8.146999999999999886e+01 2.007437066513968027e+00
8.148000000000000398e+01 2.002757705180549852e+00
8.148999999999999488e+01 2.001076711793372098e+00
8.150000000000000000e+01 2.009066585290287144e+00
8.151000000000000512e+01 2.004564202710807930e+00
8.151999999999999602e+01 2.007509347504345953e+00
8.153000000000000114e+01 2.007464527734208914e+00
8.154000000000000625e+01 2.004746953651816099e+00
8.154999999999999716e+01 2.009861964870410134e+00
8.156000000000000227e+01 2.009811759553843835e+00
8.156999999999999318e+01 2.008572282585805890e+00
8.157999999999999829e+01 2.005857094120375272e+00
8.159000000000000341e+01 1.997831077263780397e+00
8.159999999999999432e+01 1.999226099863893991e+00
8.160999999999999943e+01 2.001943620420175041e+00
8.162000000000000455e+01 2.002119622399125998e+00
8.162999999999999545e+01 2.007437147377026943e+00
8.164000000000000057e+01 2.008451592116843543e+00
8.165000000000000568e+01 2.003787279847000669e+00
8.165999999999999659e+01 2.011616771835329498e+00
8.167000000000000171e+01 2.007839529641134657e+00
8.168000000000000682e+01 2.007374903758759377e+00
8.168999999999999773e+01 2.007159005277624253e+00
8.170000000000000284e+01 2.006240923665992160e+00
8.170999999999999375e+01 2.003398597446510720e+00
8.171999999999999886e+01 2.002258342880290254e+00
8.173000000000000398e+01 2.002627317129693107e+00
8.173999999999999488e+01 2.003652562625781286e+00
8.175000000000000000e+01 2.000718245487034697e+00
8.176000000000000512e+01 2.004779671138106956e+00
8.176999999999999602e+01 2.004878444896947887e+00
8.178000000000000114e+01 2.009345307947561388e+00
8.179000000000000625e+01 2.008794989595509950e+00
8.179999999999999716e+01 2.006458041259854941e+00
8.181000000000000227e+01 2.006232378276485928e+00
8.181999999999999318e+01 2.004453291389818315e+00
8.182999999999999829e+01 2.000000935422179271e+00
8.184000000000000341e+01 2.001375345922185467e+00
8.184999999999999432e+01 2.004394926519577069e+00
8.185999999999999943e+01 2.002055265322699285e+00
8.187000000000000455e+01 2.003099307820208619e+00
8.187999999999999545e+01 2.004802260434520811e+00
8.189000000000000057e+01 1.998025725318333112e+00
8.190000000000000568e+01 2.005293651146706768e+00
8.190999999999999659e+01 1.998671718503690187e+00
8.192000000000000171e+01 2.005802959778377748e+00
8.193000000000000682e+01 2.003135275538648674e+00
8.193999999999999773e+01 1.998720355250630742e+00
8.195000000000000284e+01 1.994143365613612939e+00
8.195999999999999375e+01 1.993693969068364380e+00
8.196999999999999886e+01 1.998972042148281503e+00
8.198000000000000398e+01 1.996464218265962431e+00
8.198999999999999488e+01 1.990892822266976170e+00
8.200000000000000000e+01 1.998803755567253315e+00
8.201000000000000512e+01 1.995234057342281542e+00
8.201999999999999602e+01 2.002095863665692921e+00
8.203000000000000114e+01 2.002544402845303217e+00
8.204000000000000625e+01 2.002741533054325007e+00
8.204999999999999716e+01 2.009240653097282614e+00
8.206000000000000227e+01 2.001716121282989924e+00
8.206999999999999318e+01 2.000930962682327952e+00
8.207999999999999829e+01 1.998103497902137038e+00
8.209000000000000341e+01 2.010282135534421144e+00
8.209999999999999432e+01 2.007334959321660950e+00
8.210999999999999943e+01 2.007552726202411097e+00
8.212000000000000455e+01 2.005278122621199532e+00
8.212999999999999545e+01 2.006861059649823087e+00
8.214000000000000057e+01 2.000310595137198000e+00
8.215000000000000568e+01 2.006063446430109476e+00
8.215999999999999659e+01 2.001717462984355045e+00
8.217000000000000171e+01 2.003953108322998222e+00
8.218000000000000682e+01 2.004865797414137507e+00
8.218999999999999773e+01 2.009484912774250898e+00
8.220000000000000284e+01 2.005118414872586907e+00
8.220999999999999375e+01 2.007635899529295109e+00
8.221999999999999886e+01 2.000797971592653823e+00
8.223000000000000398e+01 1.994277713912275374e+00
8.223999999999999488e+01 1.999555769085267443e+00
8.225000000000000000e+01 1.994606880297084883e+00
8.226000000000000512e+01 1.996671698992314559e+00
8.226999999999999602e+01 2.001652130357963522e+00
8.228000000000000114e+01 1.999969244834047588e+00
8.229000000000000625e+01 1.997515063658411805e+00
8.229999999999999716e+01 1.999375237916388048e+00
8.231000000000000227e+01 2.002647906516453968e+00
8.231999999999999318e+01 2.005640727558355429e+00
8.232999999999999829e+01 1.997277044336427609e+00
8.234000000000000341e+01 1.997566468401183126e+00
8.234999999999999432e+01 1.996073690282611057e+00
8.235999999999999943e+01 1.994371341060741543e+00
8.237000000000000455e+01 1.993684711792245379e+00
8.237999999999999545e+01 2.001383179501292631e+00
8.239000000000000057e+01 1.994806755336245629e+00
8.240000000000000568e+01 1.998239135533675936e+00
8.240999999999999659e+01 2.001029003236634463e+00
8.242000000000000171e+01 1.994895182037318637e+00
8.243000000000000682e+01 1.996456808035969699e+00
8.243999999999999773e+01 2.000702217617530643e+00
8.245000000000000284e+01 2.001611594445250386e+00
8.245999999999999375e+01 1.995797266019238903e+00
8.246999999999999886e+01 1.999049893247859533e+00
8.248000000000000398e+01 2.002465629825568527e+00
8.248999999999999488e+01 2.003340223433934142e+00
8.250000000000000000e+01 2.001786509157589489e+00
8.251000000000000512e+01 1.997378282046092135e+00
8.251999999999999602e+01 1.999405105414829631e+00
8.253000000000000114e+01 2.003349550937996604e+00
8.254000000000000625e+01 2.003089852764234458e+00
8.254999999999999716e+01 1.997654629969699780e+00
8.256000000000000227e+01 2.001343962770913087e+00
8.256999999999999318e+01 2.000636150964645754e+00
8.257999999999999829e+01 2.007604067660074154e+00
8.259000000000000341e+01 2.003664843027714859e+00
8.259999999999999432e+01 2.012001046325437414e+00
8.260999999999999943e+01 1.999209642603384962e+00
8.262000000000000455e+01 2.007146728340102548e+00
8.262999999999999545e+01 2.002366497960772485e+00
8.264000000000000057e+01 1.996371340011066309e+00
8.265000000000000568e+01 2.000346678463285066e+00
8.265999999999999659e+01 2.004407276454517994e+00
8.267000000000000171e+01 2.005975328510419153e+00
8.268000000000000682e+01 1.997057357076562623e+00
8.268999999999999773e+01 2.003227767200772114e+00
8.270000000000000284e+01 1.998568064021970514e+00
8.270999999999999375e+01 1.999840083775974220e+00
8.271999999999999886e+01 2.004000101692499314e+00
8.273000000000000398e+01 2.002315735227327309e+00
8.273999999999999488e+01 2.014978358351894094e+00
8.275000000000000000e+01 2.002553856842549607e+00
8.276000000000000512e+01 2.002836082561662234e+00
8.276999999999999602e+01 2.005884818880104170e+00
8.278000000000000114e+01 2.000856150237217079e+00
8.279000000000000625e+01 2.010566419007251859e+00
8.279999999999999716e+01 2.011741163781374464e+00
8.281000000000000227e+01 2.012073898973359753e+00
8.281999999999999318e+01 2.002485974873688512e+00
8.282999999999999829e+01 2.012874798991746594e+00
8.284000000000000341e+01 2.011939073965159253e+00
8.284999999999999432e+01 2.014819080898484494e+00
8.285999999999999943e+01 2.011015368183545871e+00
8.287000000000000455e+01 2.008407935451405280e+00
8.287999999999999545e+01 2.009066593382052623e+00
8.289000000000000057e+01 2.006060010173325026e+00
8.290000000000000568e+01 2.003204922413439171e+00
8.290999999999999659e+01 2.006891345706701024e+00
8.292000000000000171e+01 2.008039238725748632e+00
8.293000000000000682e+01 2.013394760385367022e+00
8.293999999999999773e+01 2.011771116340403953e+00
8.295000000000000284e+01 2.017187273036713080e+00
8.295999999999999375e+01 2.019335599443147000e+00
8.296999999999999886e+01 2.020985846790352092e+00
8.298000000000000398e+01 2.014907197992515275e+00
8.298999999999999488e+01 2.011975272382963809e+00
8.300000000000000000e+01 2.015255864954879517e+00
8.301000000000000512e+01 2.012846777425562284e+00
8.301999999999999602e+01 2.007249422465499755e+00
8.303000000000000114e+01 2.012985934150505862e+00
8.304000000000000625e+01 2.008256540550501068e+00
8.304999999999999716e+01 2.010183496793298552e+00
8.306000000000000227e+01 2.015109548674846707e+00
8.306999999999999318e+01 2.014586469403972568e+00
8.307999999999999829e+01 2.010624693190425027e+00
8.309000000000000341e+01 2.004133314687635004e+00
8.309999999999999432e+01 2.010834973015707128e+00
8.310999999999999943e+01 2.009741924611598396e+00
8.312000000000000455e+01 2.009540482383516569e+00
8.312999999999999545e+01 2.016097270707543299e+00
8.314000000000000057e+01 2.014870155212142411e+00
8.315000000000000568e+01 2.018206497254658949e+00
8.315999999999999659e+01 2.011670784692443981e+00
8.317000000000000171e+01 2.015128183246984506e+00
8.318000000000000682e+01 2.016406797280084540e+00
8.318999999999999773e+01 2.016047464704595171e+00
8.320000000000000284e+01 2.022753758732960705e+00
8.320999999999999375e+01 2.017064128770839293e+00
8.321999999999999886e+01 2.025346159597381401e+00
8.323000000000000398e+01 2.024500425804387937e+00
8.323999999999999488e+01 2.021630227526252099e+00
8.325000000000000000e+01 2.018510320566437866e+00
8.326000000000000512e+01 2.017001366029593790e+00
8.326999999999999602e+01 2.025699303567081166e+00
8.328000000000000114e+01 2.011518196908660183e+00
8.329000000000000625e+01 2.018815314224698731e+00
8.329999999999999716e+01 2.027094505660404611e+00
8.331000000000000227e+01 2.024153756010383276e+00
8.331999999999999318e+01 2.024762680797366876e+00
8.332999999999999829e+01 2.024012387113092171e+00
8.334000000000000341e+01 2.016735018866580464e+00
8.334999999999999432e+01 2.022995235903402023e+00
8.335999999999999943e+01 2.025136816353437119e+00
8.337000000000000455e+01 2.022400100026895853e+00
8.337999999999999545e+01 2.019329873388860719e+00
8.339000000000000057e+01 2.015985262604762074e+00
8.340000000000000568e+01 2.023188338987937929e+00
8.340999999999999659e+01 2.017666680632609122e+00
8.342000000000000171e+01 2.024006809634652182e+00
8.343000000000000682e+01 2.023444226798716272e+00
8.343999999999999773e+01 2.019039622588326033e+00
8.345000000000000284e+01 2.017234049631358328e+00
8.345999999999999375e+01 2.018033407475260610e+00
8.346999999999999886e+01 2.017289284270098459e+00
8.348000000000000398e+01 2.006910706669622790e+00
8.348999999999999488e+01 2.014822329206057638e+00
8.350000000000000000e+01 2.010563290630675404e+00
8.351000000000000512e+01 2.014414126391249393e+00
8.351999999999999602e+01 2.013054978198230316e+00
8.353000000000000114e+01 2.009923963724058904e+00
8.354000000000000625e+01 2.014572109934957389e+00
8.354999999999999716e+01 2.024016675877990501e+00
8.356000000000000227e+01 2.016812107084680505e+00
8.356999999999999318e+01 2.016275511253590391e+00
8.357999999999999829e+01 2.021091313974344494e+00
8.359000000000000341e+01 2.017727639491757596e+00
8.359999999999999432e+01 2.019615930270151960e+00
8.360999999999999943e+01 2.020296894107671548e+00
8.362000000000000455e+01 2.013426149435786794e+00
8.362999999999999545e+01 2.014528793633749260e+00
8.364000000000000057e+01 2.014852635899201161e+00
8.365000000000000568e+01 2.011334387601075413e+00
8.365999999999999659e+01 2.013249723867125418e+00
8.367000000000000171e+01 2.013012796944861460e+00
8.368000000000000682e+01 2.019864603795846758e+00
8.368999999999999773e+01 2.016325269383570262e+00
8.370000000000000284e+01 2.003372078876142215e+00
8.370999999999999375e+01 2.013440168413827447e+00
8.371999999999999886e+01 2.012377472650694443e+00
8.373000000000000398e+01 2.016978013171727646e+00
8.373999999999999488e+01 2.012040981123296213e+00
8.375000000000000000e+01 2.012182150423163840e+00
8.376000000000000512e+01 2.010096097932685844e+00
8.376999999999999602e+01 2.013449305357110308e+00
8.378000000000000114e+01 2.016261835692053417e+00
8.379000000000000625e+01 2.010272019678100985e+00
8.379999999999999716e+01 2.012412589179967348e+00
8.381000000000000227e+01 2.012274674972426958e+00
8.381999999999999318e+01 2.007020897667723069e+00
8.382999999999999829e+01 2.005774800731955576e+00
8.384000000000000341e+01 2.007424821951234506e+00
8.384999999999999432e+01 2.009016140967310626e+00
8.385999999999999943e+01 2.003174787872788798e+00
8.387000000000000455e+01 2.007375599684825040e+00
8.387999999999999545e+01 2.017806199816503998e+00
8.389000000000000057e+01 2.008811305690589855e+00
8.390000000000000568e+01 2.001885624160755217e+00
8.390999999999999659e+01 2.008827209432960448e+00
8.392000000000000171e+01 2.005813271062649950e+00
8.393000000000000682e+01 2.004756578998065031e+00
8.393999999999999773e+01 2.011150763938950092e+00
8.395000000000000284e+01 2.012951445880649892e+00
8.395999999999999375e+01 2.009286884797909067e+00
8.396999999999999886e+01 2.010625455477632606e+00
8.398000000000000398e+01 2.005561772661450526e+00
8.398999999999999488e+01 2.014743513008597997e+00
8.400000000000000000e+01 2.012987064920561231e+00
8.401000000000000512e+01 2.009457832246969833e+00
8.401999999999999602e+01 2.007568199993075009e+00
8.403000000000000114e+01 2.007306502596155617e+00
8.404000000000000625e+01 2.010010582669122137e+00
8.404999999999999716e+01 2.007109042577182922e+00
8.406000000000000227e+01 2.006400163047206586e+00
8.406999999999999318e+01 2.008412421432848483e+00
8.407999999999999829e+01 2.013584576186404185e+00
8.409000000000000341e+01 2.002663995680217468e+00
8.409999999999999432e+01 2.011718734718261903e+00
8.410999999999999943e+01 2.013349419536123897e+00
8.412000000000000455e+01 2.017857638158272238e+00
8.412999999999999545e+01 2.015582996844213604e+00
8.414000000000000057e+01 2.012509556219831186e+00
8.415000000000000568e+01 2.012065426939451562e+00
8.415999999999999659e+01 2.011694853562170593e+00
8.417000000000000171e+01 2.008124810548870709e+00
8.418000000000000682e+01 2.015104862567688393e+00
8.418999999999999773e+01 2.006107411094140147e+00
8.420000000000000284e+01 2.007356790131824997e+00
8.420999999999999375e+01 2.006234344769033395e+00
8.421999999999999886e+01 2.005188378665320847e+00
8.423000000000000398e+01 2.008895604601833362e+00
8.423999999999999488e+01 2.011034803577576024e+00
8.425000000000000000e+01 2.008949728397797507e+00
8.426000000000000512e+01 2.011897802732567797e+00
8.426999999999999602e+01 2.011582215694074360e+00
8.428000000000000114e+01 2.007037167402040190e+00
8.429000000000000625e+01 2.016519427641089823e+00
8.429999999999999716e+01 2.012183433696292489e+00
8.431000000000000227e+01 2.007556565947695937e+00
8.431999999999999318e+01 2.012171004118776807e+00
8.432999999999999829e+01 2.015214703570584742e+00
8.434000000000000341e+01 2.014436035233593270e+00
8.434999999999999432e+01 2.019501321351400591e+00
8.435999999999999943e+01 2.018687995427010939e+00
8.437000000000000455e+01 2.012972540556636325e+00
8.437999999999999545e+01 2.010404521125419119e+00
8.439000000000000057e+01 2.015972412420942828e+00
8.440000000000000568e+01 2.009094316645647194e+00
8.440999999999999659e+01 2.010806439452166750e+00
8.442000000000000171e+01 2.013383542335513532e+00
8.443000000000000682e+01 2.010437335741714016e+00
8.443999999999999773e+01 2.006202353753301360e+00
8.445000000000000284e+01 2.011432288269197510e+00
8.445999999999999375e+01 2.010168812017540940e+00
8.446999999999999886e+01 2.013388163070421566e+00
8.448000000000000398e+01 2.002791019544883255e+00
8.448999999999999488e+01 2.009958598809103325e+00
8.450000000000000000e+01 2.007359993753916605e+00
8.451000000000000512e+01 2.011521310195670154e+00
8.451999999999999602e+01 2.008447636064102593e+00
8.453000000000000114e+01 2.011667394612033810e+00
8.454000000000000625e+01 2.011089992995839459e+00
8.454999999999999716e+01 2.010033879929389755e+00
8.456000000000000227e+01 2.008918041668520171e+00
8.456999999999999318e+01 2.010122232365163519e+00
8.457999999999999829e+01 2.012317896716563137e+00
8.459000000000000341e+01 2.015660725776618811e+00
8.459999999999999432e+01 2.015794744692739116e+00
8.460999999999999943e+01 2.008214798663789935e+00
8.462000000000000455e+01 2.010244636516633765e+00
8.462999999999999545e+01 2.009916973211816060e+00
8.464000000000000057e+01 2.006741005777664011e+00
8.465000000000000568e+01 2.010872379236771756e+00
8.465999999999999659e+01 2.014712711418055413e+00
8.467000000000000171e+01 2.011001987865253415e+00
8.468000000000000682e+01 2.016231032598470030e+00
8.468999999999999773e+01 2.022304479067569716e+00
8.470000000000000284e+01 2.011122727290979295e+00
8.470999999999999375e+01 2.009255719599551959e+00
8.471999999999999886e+01 2.011479320322838049e+00
8.473000000000000398e+01 2.012133572999706299e+00
8.473999999999999488e+01 2.015369039067795853e+00
8.475000000000000000e+01 2.010902506831486303e+00
8.476000000000000512e+01 2.004360898825476855e+00
8.476999999999999602e+01 2.011474055957395368e+00
8.478000000000000114e+01 2.006550135824121561e+00
8.479000000000000625e+01 2.022333107471107283e+00
8.479999999999999716e+01 2.009090563868581203e+00
8.481000000000000227e+01 2.010711605414358782e+00
8.481999999999999318e+01 2.013086159383033369e+00
8.482999999999999829e+01 2.009918365420054975e+00
8.484000000000000341e+01 2.012659487323702923e+00
8.484999999999999432e+01 2.009823792857006630e+00
8.485999999999999943e+01 2.010762301196996837e+00
8.487000000000000455e+01 2.004877653435754414e+00
8.487999999999999545e+01 2.012760683911080317e+00
8.489000000000000057e+01 2.018780342685573714e+00
8.490000000000000568e+01 2.009152730092284678e+00
8.490999999999999659e+01 2.005106842991811522e+00
8.492000000000000171e+01 2.014856261046427122e+00
8.493000000000000682e+01 2.006792618701580544e+00
8.493999999999999773e+01 2.007058353026599296e+00
8.495000000000000284e+01 2.016562072363608404e+00
8.495999999999999375e+01 2.016395140993764823e+00
8.496999999999999886e+01 2.014368711419142421e+00
8.498000000000000398e+01 2.010146660167396515e+00
8.498999999999999488e+01 2.007606665239662469e+00
8.500000000000000000e+01 2.019868243257827878e+00
8.501000000000000512e+01 2.016282373341555800e+00
8.501999999999999602e+01 2.017257691301436395e+00
8.503000000000000114e+01 2.021149490168327567e+00
8.504000000000000625e+01 2.016652414510091695e+00
8.504999999999999716e+01 2.018993869163336008e+00
8.506000000000000227e+01 2.024814032905243977e+00
8.506999999999999318e+01 2.019910034296075185e+00
8.507999999999999829e+01 2.019776637159842902e+00
8.509000000000000341e+01 2.014322888528767841e+00
8.509999999999999432e+01 2.009911203376946620e+00
8.510999999999999943e+01 2.020228741957948770e+00
8.512000000000000455e+01 2.024581884184106784e+00
8.512999999999999545e+01 2.025812223087263053e+00
8.514000000000000057e+01 2.012955852374582300e+00
8.515000000000000568e+01 2.014988767644526835e+00
8.515999999999999659e+01 2.019275057874195589e+00
8.517000000000000171e+01 2.017639197557661745e+00
8.518000000000000682e+01 2.020347176801208455e+00
8.518999999999999773e+01 2.020564752144472731e+00
8.520000000000000284e+01 2.018394784783230200e+00
8.520999999999999375e+01 2.022687754841013152e+00
8.521999999999999886e+01 2.019821527532476679e+00
8.523000000000000398e+01 2.011506814874189253e+00
8.523999999999999488e+01 2.014671651448068257e+00
8.525000000000000000e+01 2.008616267962945123e+00
8.526000000000000512e+01 2.015297028254270817e+00
8.526999999999999602e+01 2.009284619495894653e+00
8.528000000000000114e+01 2.011122465841311602e+00
8.529000000000000625e+01 2.016233881220123259e+00
8.529999999999999716e+01 2.014461167878417225e+00
8.531000000000000227e+01 2.015114507287287804e+00
8.531999999999999318e+01 2.017564435517463117e+00
8.532999999999999829e+01 2.016063124318714816e+00
8.534000000000000341e+01 2.017026550223910419e+00
8.534999999999999432e+01 2.020698168218939550e+00
8.535999999999999943e+01 2.018204668205194174e+00
8.537000000000000455e+01 2.016805041810508126e+00
8.537999999999999545e+01 2.020709419456711231e+00
8.539000000000000057e+01 2.016574810900265913e+00
8.540000000000000568e+01 2.018178960395896393e+00
8.540999999999999659e+01 2.014412432244133022e+00
8.542000000000000171e+01 2.018415115804913285e+00
8.543000000000000682e+01 2.019939095291401365e+00
8.543999999999999773e+01 2.015729946157103214e+00
8.545000000000000284e+01 2.017978625751335908e+00
8.545999999999999375e+01 2.021018725048334463e+00
8.546999999999999886e+01 2.021480344318278721e+00
8.548000000000000398e+01 2.014182237946349652e+00
8.548999999999999488e+01 2.011741933014096873e+00
8.550000000000000000e+01 2.011220502620974848e+00
8.551000000000000512e+01 2.017249574324561756e+00
8.551999999999999602e+01 2.011380434963128572e+00
8.553000000000000114e+01 2.015747302286938769e+00
8.554000000000000625e+01 2.010582283761430222e+00
8.554999999999999716e+01 2.013738832960529024e+00
8.556000000000000227e+01 2.012202420827504223e+00
8.556999999999999318e+01 2.020504049441510741e+00
8.557999999999999829e+01 2.015757907573863861e+00
8.559000000000000341e+01 2.014266017045315493e+00
8.559999999999999432e+01 2.014736931704077971e+00
8.560999999999999943e+01 2.006132713809481327e+00
8.562000000000000455e+01 2.017191887204034195e+00
8.562999999999999545e+01 2.017082180110857603e+00
8.564000000000000057e+01 2.019844560006169409e+00
8.565000000000000568e+01 2.016753604384144527e+00
8.565999999999999659e+01 2.020076713512656497e+00
8.567000000000000171e+01 2.023862896276934276e+00
8.568000000000000682e+01 2.011248468043101756e+00
8.568999999999999773e+01 2.019994669287853650e+00
8.570000000000000284e+01 2.008480811494497864e+00
8.570999999999999375e+01 2.020838266413613749e+00
8.571999999999999886e+01 2.020278168013347031e+00
8.573000000000000398e+01 2.016939647459264684e+00
8.573999999999999488e+01 2.011539179627304996e+00
8.575000000000000000e+01 2.012516373131437941e+00
8.576000000000000512e+01 2.018110553270949126e+00
8.576999999999999602e+01 2.012836468777565724e+00
8.578000000000000114e+01 2.014422192517959065e+00
8.579000000000000625e+01 2.017175581582255184e+00
8.579999999999999716e+01 2.013234171830694752e+00
8.581000000000000227e+01 2.018510078994592227e+00
8.581999999999999318e+01 2.018420139136719804e+00
8.582999999999999829e+01 2.023808964059516491e+00
8.584000000000000341e+01 2.021398630990363099e+00
8.584999999999999432e+01 2.024575929286842602e+00
8.585999999999999943e+01 2.023321980768613138e+00
8.587000000000000455e+01 2.025035760410616170e+00
8.587999999999999545e+01 2.024702008218989935e+00
8.589000000000000057e+01 2.025016665081400991e+00
8.590000000000000568e+01 2.021806732109556304e+00
8.590999999999999659e+01 2.016910767830876861e+00
8.592000000000000171e+01 2.012634966835893824e+00
8.593000000000000682e+01 2.019126156969205610e+00
8.593999999999999773e+01 2.011226461379001851e+00
8.595000000000000284e+01 2.010783102875270956e+00
8.595999999999999375e+01 2.012084790501078579e+00
8.596999999999999886e+01 2.020705910776614100e+00
8.598000000000000398e+01 2.019906706542508257e+00
8.598999999999999488e+01 2.018957933981501807e+00
8.600000000000000000e+01 2.019184240433620214e+00
8.601000000000000512e+01 2.022642698824157925e+00
8.601999999999999602e+01 2.021849534226863199e+00
8.603000000000000114e+01 2.018817264124872501e+00
8.604000000000000625e+01 2.024621996161644066e+00
8.604999999999999716e+01 2.024173070943309671e+00
8.606000000000000227e+01 2.023997989441876921e+00
8.606999999999999318e+01 2.027912152564720571e+00
8.607999999999999829e+01 2.023734887158807005e+00
8.609000000000000341e+01 2.024873543166232803e+00
8.609999999999999432e+01 2.023966258323128820e+00
8.610999999999999943e+01 2.013354524845447635e+00
8.612000000000000455e+01 2.016041260197503071e+00
8.612999999999999545e+01 2.021137035575691687e+00
8.614000000000000057e+01 2.018214584183915417e+00
8.615000000000000568e+01 2.020450997210633926e+00
8.615999999999999659e+01 2.013133416895400707e+00
8.617000000000000171e+01 2.009270161100460861e+00
8.618000000000000682e+01 2.010495421646666170e+00
8.618999999999999773e+01 2.018254548212425448e+00
8.620000000000000284e+01 2.013673132703591495e+00
8.620999999999999375e+01 2.018405451251386928e+00
8.621999999999999886e+01 2.016733143353062196e+00
8.623000000000000398e+01 2.022919318314809978e+00
8.623999999999999488e+01 2.018157345707693118e+00
8.625000000000000000e+01 2.014062264299444127e+00
8.626000000000000512e+01 2.010884162793681540e+00
8.626999999999999602e+01 2.008235634849646178e+00
8.628000000000000114e+01 2.006754988023744968e+00
8.629000000000000625e+01 2.005931323460186100e+00
8.629999999999999716e+01 2.006817493585401291e+00
8.631000000000000227e+01 2.005976052561016854e+00
8.631999999999999318e+01 2.011822179785892395e+00
8.632999999999999829e+01 2.011894267696867189e+00
8.634000000000000341e+01 2.013917886130253354e+00
8.634999999999999432e+01 2.009877881239868547e+00
8.635999999999999943e+01 2.014273303643460800e+00
8.637000000000000455e+01 2.011025218517329183e+00
8.637999999999999545e+01 2.021043558990298639e+00
8.639000000000000057e+01 2.013748560789921704e+00
8.640000000000000568e+01 2.006537234253475521e+00
8.640999999999999659e+01 2.010415093938656916e+00
8.642000000000000171e+01 2.011411425665429853e+00
8.643000000000000682e+01 2.016809593535642708e+00
8.643999999999999773e+01 2.002624263456618703e+00
8.645000000000000284e+01 2.008482072975414034e+00
8.645999999999999375e+01 2.015978133293071295e+00
8.646999999999999886e+01 2.011633995341270520e+00
8.648000000000000398e+01 2.009802970954437384e+00
8.648999999999999488e+01 2.009648073372569677e+00
8.650000000000000000e+01 2.009268206201450191e+00
8.651000000000000512e+01 2.004990296031354813e+00
8.651999999999999602e+01 2.008771345900700833e+00
8.653000000000000114e+01 2.009519378350237861e+00
8.654000000000000625e+01 2.010407403238302138e+00
8.654999999999999716e+01 2.002765123323319241e+00
8.656000000000000227e+01 2.021415698593793664e+00
8.656999999999999318e+01 2.025978130413673473e+00
8.657999999999999829e+01 2.016448645538281514e+00
8.659000000000000341e+01 2.015428441226977618e+00
8.659999999999999432e+01 2.012191679516734499e+00
8.660999999999999943e+01 2.013570377680816037e+00
8.662000000000000455e+01 2.017626773241306903e+00
8.662999999999999545e+01 2.012159423771640920e+00
8.664000000000000057e+01 2.011457272798088614e+00
8.665000000000000568e+01 2.018214458348890350e+00
8.665999999999999659e+01 2.019955576205762160e+00
8.667000000000000171e+01 2.011262003920076591e+00
8.668000000000000682e+01 2.013546381756864179e+00
8.668999999999999773e+01 2.012137710544285696e+00
8.670000000000000284e+01 2.011265105270390929e+00
8.670999999999999375e+01 2.014465872871080698e+00
8.671999999999999886e+01 2.003914798669350628e+00
8.673000000000000398e+01 2.007931396270939750e+00
8.673999999999999488e+01 2.012328813148500650e+00
8.675000000000000000e+01 2.011835511451622427e+00
8.676000000000000512e+01 2.007552745080466661e+00
8.676999999999999602e+01 2.014279010189507169e+00
8.678000000000000114e+01 2.006393265324457609e+00
8.679000000000000625e+01 2.005184426404529319e+00
8.679999999999999716e+01 2.010330088041731411e+00
8.681000000000000227e+01 2.002503331799038389e+00
8.681999999999999318e+01 2.005338827612901387e+00
8.682999999999999829e+01 2.012789955045774626e+00
8.684000000000000341e+01 2.007356444900280312e+00
8.684999999999999432e+01 2.004111498748254228e+00
8.685999999999999943e+01 2.005336267365234626e+00
8.687000000000000455e+01 2.010333267472931951e+00
8.687999999999999545e+01 2.009092634112655151e+00
8.689000000000000057e+01 2.009450626056184852e+00
8.690000000000000568e+01 2.011460851772807423e+00
8.690999999999999659e+01 2.015522115549466697e+00
8.692000000000000171e+01 2.012017568816475421e+00
8.693000000000000682e+01 2.007554404163163220e+00
8.693999999999999773e+01 2.012374310541833466e+00
8.695000000000000284e+01 2.018462045633319768e+00
8.695999999999999375e+01 2.019041682039995678e+00
8.696999999999999886e+01 2.018386785435494879e+00
8.698000000000000398e+01 2.016497471279194542e+00
8.698999999999999488e+01 2.016134455541682247e+00
8.700000000000000000e+01 2.015488968436754735e+00
8.701000000000000512e+01 2.012657217363992057e+00
8.701999999999999602e+01 2.007096294569987283e+00
8.703000000000000114e+01 2.015426563609751032e+00
8.704000000000000625e+01 2.014361355275922971e+00
8.704999999999999716e+01 2.016746499425310368e+00
8.706000000000000227e+01 2.015907681846819344e+00
8.706999999999999318e+01 2.016363463308315396e+00
8.707999999999999829e+01 2.014541554472863094e+00
8.709000000000000341e+01 2.007328213527955985e+00
8.709999999999999432e+01 2.015113739695822304e+00
8.710999999999999943e+01 2.006251486879528922e+00
8.712000000000000455e+01 2.005293054383924467e+00
8.712999999999999545e+01 2.007318953319797483e+00
8.714000000000000057e+01 2.006873025017887002e+00
8.715000000000000568e+01 2.001992921012475612e+00
8.715999999999999659e+01 2.011427583776892902e+00
8.717000000000000171e+01 2.014775961518076919e+00
8.718000000000000682e+01 2.010407547500491887e+00
8.718999999999999773e+01 2.009790517768079710e+00
8.720000000000000284e+01 2.002302875102146107e+00
8.720999999999999375e+01 2.002752187834263786e+00
8.721999999999999886e+01 2.001993995665350745e+00
8.723000000000000398e+01 2.010493643012549292e+00
8.723999999999999488e+01 2.004310115595606678e+00
8.725000000000000000e+01 2.011627445402727865e+00
8.726000000000000512e+01 2.005219442654808226e+00
8.726999999999999602e+01 2.012008168593363955e+00
8.728000000000000114e+01 2.010082870185716963e+00
8.729000000000000625e+01 2.006687945060853462e+00
8.729999999999999716e+01 2.011539117274251609e+00
8.731000000000000227e+01 2.005978993859712567e+00
8.731999999999999318e+01 2.005560009537006749e+00
8.732999999999999829e+01 2.009040804825925175e+00
8.734000000000000341e+01 2.004551376058485435e+00
8.734999999999999432e+01 2.011222995691732240e+00
8.735999999999999943e+01 2.011619169134007734e+00
8.737000000000000455e+01 2.010384681250779959e+00
8.737999999999999545e+01 2.004743460209887918e+00
8.739000000000000057e+01 2.010526599614513188e+00
8.740000000000000568e+01 2.007133863750171443e+00
8.740999999999999659e+01 2.008035895162843865e+00
8.742000000000000171e+01 2.009898370693812275e+00
8.743000000000000682e+01 2.017424313668024549e+00
8.743999999999999773e+01 2.006732726724700377e+00
8.745000000000000284e+01 2.006654493375477077e+00
8.745999999999999375e+01 2.001705388646588979e+00
8.746999999999999886e+01 2.006404575973961713e+00
8.748000000000000398e+01 2.010628468475072150e+00
8.748999999999999488e+01 1.999461786148198694e+00
8.750000000000000000e+01 2.007336063196203835e+00
8.751000000000000512e+01 2.004657941148766387e+00
8.751999999999999602e+01 2.003297871110761186e+00
8.753000000000000114e+01 1.999067708346779160e+00
8.754000000000000625e+01 2.005462871524662738e+00
8.754999999999999716e+01 2.006452811756146204e+00
8.756000000000000227e+01 2.008821395068614013e+00
8.756999999999999318e+01 2.006698695717962888e+00
8.757999999999999829e+01 2.007553264275833804e+00
8.759000000000000341e+01 2.010782864104193379e+00
8.759999999999999432e+01 2.011766541488952509e+00
8.760999999999999943e+01 2.005865469002241941e+00
8.762000000000000455e+01 2.008014838446376960e+00
8.762999999999999545e+01 2.002148077974589491e+00
8.764000000000000057e+01 1.998758083723789269e+00
8.765000000000000568e+01 2.010227774314708782e+00
8.765999999999999659e+01 2.005960190364578288e+00
8.767000000000000171e+01 2.005767142151328120e+00
8.768000000000000682e+01 2.001036223036419592e+00
8.768999999999999773e+01 2.003643750988724825e+00
8.770000000000000284e+01 2.001549993530114868e+00
8.770999999999999375e+01 1.999634826569844703e+00
8.771999999999999886e+01 1.994374497041725647e+00
8.773000000000000398e+01 2.002193624738803912e+00
8.773999999999999488e+01 1.999083675868127630e+00
8.775000000000000000e+01 1.996346011766655604e+00
8.776000000000000512e+01 1.997729542389106383e+00
8.776999999999999602e+01 2.005066191077196081e+00
8.778000000000000114e+01 1.998474532183685426e+00
8.779000000000000625e+01 2.006165751369143102e+00
8.779999999999999716e+01 2.011479787193325208e+00
8.781000000000000227e+01 2.008698094996780981e+00
8.781999999999999318e+01 2.011973636492347506e+00
8.782999999999999829e+01 2.009873826240536232e+00
8.784000000000000341e+01 2.007666556983567663e+00
8.784999999999999432e+01 2.004198093527926439e+00
8.785999999999999943e+01 2.002699953719640380e+00
8.787000000000000455e+01 2.005038218814828799e+00
8.787999999999999545e+01 2.002894121293349095e+00
8.789000000000000057e+01 2.003241888457385489e+00
8.790000000000000568e+01 2.004791134029233035e+00
8.790999999999999659e+01 2.003206057875381862e+00
8.792000000000000171e+01 2.009236742070180881e+00
8.793000000000000682e+01 2.009069594704318451e+00
8.793999999999999773e+01 2.004975846865824529e+00
8.795000000000000284e+01 2.005123606187686036e+00
8.795999999999999375e+01 2.006092479493443381e+00
8.796999999999999886e+01 2.012882848081040787e+00
8.798000000000000398e+01 2.013655893869708446e+00
8.798999999999999488e+01 2.007775088366658078e+00
8.800000000000000000e+01 2.004214142247870978e+00
8.801000000000000512e+01 1.997991064518374271e+00
8.801999999999999602e+01 2.008147839039380322e+00
8.803000000000000114e+01 2.005201151278352079e+00
8.804000000000000625e+01 2.004154252268741221e+00
8.804999999999999716e+01 2.001753968437727238e+00
8.806000000000000227e+01 2.011643393789989354e+00
8.806999999999999318e+01 2.004181645634834474e+00
8.807999999999999829e+01 2.003207521617176745e+00
8.809000000000000341e+01 1.998217127510310220e+00
8.809999999999999432e+01 2.005095485916321696e+00
8.810999999999999943e+01 1.999238659903426196e+00
8.812000000000000455e+01 2.003176405535455284e+00
8.812999999999999545e+01 2.007841185808444173e+00
8.814000000000000057e+01 2.000221758148572171e+00
8.815000000000000568e+01 2.003823540959118965e+00
8.815999999999999659e+01 1.999313556135334569e+00
8.817000000000000171e+01 2.008024556705747532e+00
8.818000000000000682e+01 2.006200595405111198e+00
8.818999999999999773e+01 2.002709547766966747e+00
8.820000000000000284e+01 2.004884406408649067e+00
8.820999999999999375e+01 1.997434974168190491e+00
8.821999999999999886e+01 1.996644263067425928e+00
8.823000000000000398e+01 2.003273028896634944e+00
8.823999999999999488e+01 2.002640069254465693e+00
8.825000000000000000e+01 2.011640342554182670e+00
8.826000000000000512e+01 2.002701968355661055e+00
8.826999999999999602e+01 2.006646042273477981e+00
8.828000000000000114e+01 2.010738887181237722e+00
8.829000000000000625e+01 2.001371478442540486e+00
8.829999999999999716e+01 1.997706229964218760e+00
8.831000000000000227e+01 2.007115937665786110e+00
8.831999999999999318e+01 2.005681650594140386e+00
8.832999999999999829e+01 2.002515472584803113e+00
8.834000000000000341e+01 2.003321915611538273e+00
8.834999999999999432e+01 2.004184520644627376e+00
8.835999999999999943e+01 2.001536451636916070e+00
8.837000000000000455e+01 2.002504476784543908e+00
8.837999999999999545e+01 1.996511984004231355e+00
8.839000000000000057e+01 2.001296148246292095e+00
8.840000000000000568e+01 1.999996289299347918e+00
8.840999999999999659e+01 2.001396352831503744e+00
8.842000000000000171e+01 2.001987023319136583e+00
8.843000000000000682e+01 2.002624134909552378e+00
8.843999999999999773e+01 2.003768019995972871e+00
8.845000000000000284e+01 2.003340222927705749e+00
8.845999999999999375e+01 2.001844102076909770e+00
8.846999999999999886e+01 2.010597423133896999e+00
8.848000000000000398e+01 2.008531795496112160e+00
8.848999999999999488e+01 2.003311652703435364e+00
8.850000000000000000e+01 2.002615890325578185e+00
8.851000000000000512e+01 1.993874075201489848e+00
8.851999999999999602e+01 2.008995550974577604e+00
8.853000000000000114e+01 2.003577733345016654e+00
8.854000000000000625e+01 2.003868790450902715e+00
8.854999999999999716e+01 2.002828707960821575e+00
8.856000000000000227e+01 2.000272756651491513e+00
8.856999999999999318e+01 2.004924890030769458e+00
8.857999999999999829e+01 1.994511206388520197e+00
8.859000000000000341e+01 2.002755467973001302e+00
8.859999999999999432e+01 1.999393814884431464e+00
8.860999999999999943e+01 2.000741417331187044e+00
8.862000000000000455e+01 2.004413418058669460e+00
8.862999999999999545e+01 1.999043637848044286e+00
8.864000000000000057e+01 2.003407184914396844e+00
8.865000000000000568e+01 2.000885529288265907e+00
8.865999999999999659e+01 1.996411342387568677e+00
8.867000000000000171e+01 2.001658735317966009e+00
8.868000000000000682e+01 2.000253221297138229e+00
8.868999999999999773e+01 1.995794393422247293e+00
8.870000000000000284e+01 1.996321942060626187e+00
8.870999999999999375e+01 2.001929258288232649e+00
8.871999999999999886e+01 1.999886837219452485e+00
8.873000000000000398e+01 1.999750232833091390e+00
8.873999999999999488e+01 2.003481065119802285e+00
8.875000000000000000e+01 1.999613664153436998e+00
8.876000000000000512e+01 2.001669209329258070e+00
8.876999999999999602e+01 2.000410413112561958e+00
8.878000000000000114e+01 1.999065540530325702e+00
8.879000000000000625e+01 2.000377496141482858e+00
8.879999999999999716e+01 1.998295218737046186e+00
8.881000000000000227e+01 2.001577776803449726e+00
8.881999999999999318e+01 1.996598060959721810e+00
8.882999999999999829e+01 1.994231143410373219e+00
8.884000000000000341e+01 1.993285944631782103e+00
8.884999999999999432e+01 1.993648205414223495e+00
8.885999999999999943e+01 1.997623519061952013e+00
8.887000000000000455e+01 2.000267614807107908e+00
8.887999999999999545e+01 1.992263102947328779e+00
8.889000000000000057e+01 1.994140079168901902e+00
8.890000000000000568e+01 1.994378434192196625e+00
8.890999999999999659e+01 1.989600177137594184e+00
8.892000000000000171e+01 1.999802201848439154e+00
8.893000000000000682e+01 2.002593811640144938e+00
8.893999999999999773e+01 1.997881296568088327e+00
8.895000000000000284e+01 2.004042083986157241e+00
8.895999999999999375e+01 1.997159331587744946e+00
8.896999999999999886e+01 1.996731027398422453e+00
8.898000000000000398e+01 1.996398385219742222e+00
8.898999999999999488e+01 1.998161540172496586e+00
8.900000000000000000e+01 1.998587511766991343e+00
8.901000000000000512e+01 1.995479128722429607e+00
8.901999999999999602e+01 1.999148911973639642e+00
8.903000000000000114e+01 1.996500603274648400e+00
8.904000000000000625e+01 1.998312264867411203e+00
8.904999999999999716e+01 2.000903242738146126e+00
8.906000000000000227e+01 2.007620054304699586e+00
8.906999999999999318e+01 2.005710277237340300e+00
8.907999999999999829e+01 2.006923250870399578e+00
8.909000000000000341e+01 2.007719526569351487e+00
8.909999999999999432e+01 2.010331808150216837e+00
8.910999999999999943e+01 1.995829778663345877e+00
8.912000000000000455e+01 1.997778794631476007e+00
8.912999999999999545e+01 1.995107249153430740e+00
8.914000000000000057e+01 1.999646017669287401e+00
8.915000000000000568e+01 1.995327750214046292e+00
8.915999999999999659e+01 1.996568601770453144e+00
8.917000000000000171e+01 2.000327068809652165e+00
8.918000000000000682e+01 1.997020211026115266e+00
8.918999999999999773e+01 1.997377569662283747e+00
8.920000000000000284e+01 2.006996158144482401e+00
8.920999999999999375e+01 1.995390144145699818e+00
8.921999999999999886e+01 2.001791558606289545e+00
8.923000000000000398e+01 2.005640236283398270e+00
8.923999999999999488e+01 2.004869078908511959e+00
8.925000000000000000e+01 2.007167871786408320e+00
8.926000000000000512e+01 2.008869252477723855e+00
8.926999999999999602e+01 2.007939328203864449e+00
8.928000000000000114e+01 2.011608798236973694e+00
8.929000000000000625e+01 2.007903449548507080e+00
8.929999999999999716e+01 2.011192538488062009e+00
8.931000000000000227e+01 2.014917601328194419e+00
8.931999999999999318e+01 2.013560465225912477e+00
8.932999999999999829e+01 2.004531025504867170e+00
8.934000000000000341e+01 2.007893008235588361e+00
8.934999999999999432e+01 2.009048409830782145e+00
8.935999999999999943e+01 2.004392797360556422e+00
8.937000000000000455e+01 2.006654668339730385e+00
8.937999999999999545e+01 2.001001870115174164e+00
8.939000000000000057e+01 2.008490466136636510e+00
8.940000000000000568e+01 2.004292249779561885e+00
8.940999999999999659e+01 2.006337461707080827e+00
8.942000000000000171e+01 2.007213320561136438e+00
8.943000000000000682e+01 2.002472778849171409e+00
8.943999999999999773e+01 2.002358893831674092e+00
8.945000000000000284e+01 2.011292332112566861e+00
8.945999999999999375e+01 2.007426955457778384e+00
8.946999999999999886e+01 1.995747431939734806e+00
8.948000000000000398e+01 2.001011733190807274e+00
8.948999999999999488e+01 2.002561423186343781e+00
8.950000000000000000e+01 2.005273988792532158e+00
8.951000000000000512e+01 2.001744555367106493e+00
8.951999999999999602e+01 2.002099129324853344e+00
8.953000000000000114e+01 1.999860638868928620e+00
8.954000000000000625e+01 2.010646766952244757e+00
8.954999999999999716e+01 2.001204065757137052e+00
8.956000000000000227e+01 2.004175632156718123e+00
8.956999999999999318e+01 2.000276792819783989e+00
8.957999999999999829e+01 2.003319195609615022e+00
8.959000000000000341e+01 1.999729424618812645e+00
8.959999999999999432e+01 1.997523248731218004e+00
8.960999999999999943e+01 1.997564659172890389e+00
8.962000000000000455e+01 1.994845982794785311e+00
8.962999999999999545e+01 1.992098810386451202e+00
8.964000000000000057e+01 1.994152432026840671e+00
8.965000000000000568e+01 1.985689559009715666e+00
8.965999999999999659e+01 1.991902907049030391e+00
8.967000000000000171e+01 1.993689656852391412e+00
8.968000000000000682e+01 1.997061434261391710e+00
8.968999999999999773e+01 1.993748309529817409e+00
8.970000000000000284e+01 1.995869763840798727e+00
8.970999999999999375e+01 1.993999138013947903e+00
8.971999999999999886e+01 1.994022952038094543e+00
8.973000000000000398e+01 2.002053939848460917e+00
8.973999999999999488e+01 1.999682258054768180e+00
8.975000000000000000e+01 2.000597002160226623e+00
8.976000000000000512e+01 1.999787991797368436e+00
8.976999999999999602e+01 1.996991656703770435e+00
8.978000000000000114e+01 1.991016397400796389e+00
8.979000000000000625e+01 1.992981404985116667e+00
8.979999999999999716e+01 1.998721762044545214e+00
8.981000000000000227e+01 1.999450643881575562e+00
8.981999999999999318e+01 2.002630674725673021e+00
8.982999999999999829e+01 1.999581130755278213e+00
8.984000000000000341e+01 2.002346662934077592e+00
8.984999999999999432e+01 2.000764274774343043e+00
8.985999999999999943e+01 1.999231234440560501e+00
8.987000000000000455e+01 2.000355757491923292e+00
8.987999999999999545e+01 1.999560544489262126e+00
8.989000000000000057e+01 1.993318462105924782e+00
8.990000000000000568e+01 1.997923463003395295e+00
8.990999999999999659e+01 1.994653391092639394e+00
8.992000000000000171e+01 2.000905455886689222e+00
8.993000000000000682e+01 1.997204589888021742e+00
8.993999999999999773e+01 1.987464409507987195e+00
8.995000000000000284e+01 1.992090371923583181e+00
8.995999999999999375e+01 1.997093518412980107e+00
8.996999999999999886e+01 2.005374916815938491e+00
8.998000000000000398e+01 2.000109390113895103e+00
8.998999999999999488e+01 2.002334153666725847e+00
9.000000000000000000e+01 2.006126867313307915e+00
9.001000000000000512e+01 2.006943066101369855e+00
9.001999999999999602e+01 2.002982766362288114e+00
9.003000000000000114e+01 2.001873904869323706e+00
9.004000000000000625e+01 1.997383722074559831e+00
9.004999999999999716e+01 1.996108924101336779e+00
9.006000000000000227e+01 2.004843317214976661e+00
9.006999999999999318e+01 2.004846503165579996e+00
9.007999999999999829e+01 2.000595908072843265e+00
9.009000000000000341e+01 1.999408884051700586e+00
9.009999999999999432e+01 2.001544845320620603e+00
9.010999999999999943e+01 2.006683848850852936e+00
9.012000000000000455e+01 1.999517604708071605e+00
9.012999999999999545e+01 1.998445443277505174e+00
9.014000000000000057e+01 1.998376979125990216e+00
9.015000000000000568e+01 2.000515639749099517e+00
9.015999999999999659e+01 2.007266062601312129e+00
9.017000000000000171e+01 2.004204417135617700e+00
9.018000000000000682e+01 2.004478488311224105e+00
9.018999999999999773e+01 2.006663769646361839e+00
9.020000000000000284e+01 2.001203036051179218e+00
9.020999999999999375e+01 2.005195676059718490e+00
9.021999999999999886e+01 1.997244609844166074e+00
9.023000000000000398e+01 2.001421614781251357e+00
9.023999999999999488e+01 1.999288237597629969e+00
9.025000000000000000e+01 2.001185828754250995e+00
9.026000000000000512e+01 1.996633134932498832e+00
9.026999999999999602e+01 2.000235420020863408e+00
9.028000000000000114e+01 2.000074672120890629e+00
9.029000000000000625e+01 2.002117888175095395e+00
9.029999999999999716e+01 1.996861464147696053e+00
9.031000000000000227e+01 2.004781591198988355e+00
9.031999999999999318e+01 2.001604476675141520e+00
9.032999999999999829e+01 2.006746451982485802e+00
9.034000000000000341e+01 1.996447120449305057e+00
9.034999999999999432e+01 2.002181772507930724e+00
9.035999999999999943e+01 2.005656903940327584e+00
9.037000000000000455e+01 2.004883593238381501e+00
9.037999999999999545e+01 2.002755901802915517e+00
9.039000000000000057e+01 2.001155701851887958e+00
9.040000000000000568e+01 2.002177067972423785e+00
9.040999999999999659e+01 2.000302830952506827e+00
9.042000000000000171e+01 2.000208565400206862e+00
9.043000000000000682e+01 2.000441607442076997e+00
9.043999999999999773e+01 2.001066155269920266e+00
9.045000000000000284e+01 2.005962669760251060e+00
9.045999999999999375e+01 1.999010331843720678e+00
9.046999999999999886e+01 2.004064967455189805e+00
9.048000000000000398e+01 2.005634861610507080e+00
9.048999999999999488e+01 2.000836740617646381e+00
9.050000000000000000e+01 2.001437268882013676e+00
9.051000000000000512e+01 2.001668610941965021e+00
9.051999999999999602e+01 2.006010917014533046e+00
9.053000000000000114e+01 2.004514110278553307e+00
9.054000000000000625e+01 2.006841041450344587e+00
9.054999999999999716e+01 2.003356931893351955e+00
9.056000000000000227e+01 2.011481097756461001e+00
9.056999999999999318e+01 2.010922438179324256e+00
9.057999999999999829e+01 2.004553933548339550e+00
9.059000000000000341e+01 2.005839470326427953e+00
9.059999999999999432e+01 2.003034526765289591e+00
9.060999999999999943e+01 2.007430314245262970e+00
9.062000000000000455e+01 1.997636702306705647e+00
9.062999999999999545e+01 2.006636114057271936e+00
9.064000000000000057e+01 2.009071010106841193e+00
9.065000000000000568e+01 2.014229894459143910e+00
9.065999999999999659e+01 2.009400826295113074e+00
9.067000000000000171e+01 2.004990160076873806e+00
9.068000000000000682e+01 2.003749595863104194e+00
9.068999999999999773e+01 2.006359876805444920e+00
9.070000000000000284e+01 2.001763251382188358e+00
9.070999999999999375e+01 2.000891157599672621e+00
9.071999999999999886e+01 1.999979620652673873e+00
9.073000000000000398e+01 1.999420708141018022e+00
9.073999999999999488e+01 2.000978274976617399e+00
9.075000000000000000e+01 2.004477124045821235e+00
9.076000000000000512e+01 2.004494252672490706e+00
9.076999999999999602e+01 2.004282693759940059e+00
9.078000000000000114e+01 2.008533959137300595e+00
9.079000000000000625e+01 2.003389040074079919e+00
9.079999999999999716e+01 2.005618982614258972e+00
9.081000000000000227e+01 2.009213589522614196e+00
9.081999999999999318e+01 2.005802341194342198e+00
9.082999999999999829e+01 2.008680725949228751e+00
9.084000000000000341e+01 2.008379324576065716e+00
9.084999999999999432e+01 2.008941601786169429e+00
9.085999999999999943e+01 2.006110422922470882e+00
9.087000000000000455e+01 2.004516917238220675e+00
9.087999999999999545e+01 2.001086415135628904e+00
9.089000000000000057e+01 2.003191683329171191e+00
9.090000000000000568e+01 2.000411088649780567e+00
9.090999999999999659e+01 2.001539370623713232e+00
9.092000000000000171e+01 2.012097561554814895e+00
9.093000000000000682e+01 2.001577636693313789e+00
9.093999999999999773e+01 2.002948006745559617e+00
9.095000000000000284e+01 2.007667853311050798e+00
9.095999999999999375e+01 2.004608006392850861e+00
9.096999999999999886e+01 2.002979777919992266e+00
9.098000000000000398e+01 2.005797555877991467e+00
9.098999999999999488e+01 2.009146254748389815e+00
9.100000000000000000e+01 2.007478976242913937e+00
9.101000000000000512e+01 2.007442289604528085e+00
9.101999999999999602e+01 2.000461824156994251e+00
9.103000000000000114e+01 2.007763467304401139e+00
9.104000000000000625e+01 2.001802887441403112e+00
9.104999999999999716e+01 2.003895089990856526e+00
9.106000000000000227e+01 2.002997171757806782e+00
9.106999999999999318e+01 2.000466130495732742e+00
9.107999999999999829e+01 2.003073698339157271e+00
9.109000000000000341e+01 2.007178472248053236e+00
9.109999999999999432e+01 2.014013495204141524e+00
9.110999999999999943e+01 2.002032440431969817e+00
9.112000000000000455e+01 2.004666628285272090e+00
9.112999999999999545e+01 2.004201008673277773e+00
9.114000000000000057e+01 2.011453957561310180e+00
9.115000000000000568e+01 2.008192083224629609e+00
9.115999999999999659e+01 2.003773959334863353e+00
9.117000000000000171e+01 2.006634494170128402e+00
9.118000000000000682e+01 2.009619327403345146e+00
9.118999999999999773e+01 2.010703846843018727e+00
9.120000000000000284e+01 2.001475495961260620e+00
9.120999999999999375e+01 2.010314583593947546e+00
9.121999999999999886e+01 2.009224731180210277e+00
9.123000000000000398e+01 2.016325722588370173e+00
9.123999999999999488e+01 2.009456499162292520e+00
9.125000000000000000e+01 2.010199287370216137e+00
9.126000000000000512e+01 2.005863338918578265e+00
9.126999999999999602e+01 2.005338177728917426e+00
9.128000000000000114e+01 2.004889819456781019e+00
9.129000000000000625e+01 2.001038819585374107e+00
9.129999999999999716e+01 2.010747531378306086e+00
9.131000000000000227e+01 2.011111995655627815e+00
9.131999999999999318e+01 2.002614808379330036e+00
9.132999999999999829e+01 2.006672130143054567e+00
9.134000000000000341e+01 2.001481657394023284e+00
9.134999999999999432e+01 2.006694426737997805e+00
9.135999999999999943e+01 2.006671475908037294e+00
9.137000000000000455e+01 2.008127532249119884e+00
9.137999999999999545e+01 2.006720843169425006e+00
9.139000000000000057e+01 2.011586791961005094e+00
9.140000000000000568e+01 2.002435555333824002e+00
9.140999999999999659e+01 2.010279315303770353e+00
9.142000000000000171e+01 2.011768151641583291e+00
9.143000000000000682e+01 2.008325754878534930e+00
9.143999999999999773e+01 2.015481909758276569e+00
9.145000000000000284e+01 2.012046553207485378e+00
9.145999999999999375e+01 2.004606439450361322e+00
9.146999999999999886e+01 2.010115913158181833e+00
9.148000000000000398e+01 2.001690534789180909e+00
9.148999999999999488e+01 2.001965029919207328e+00
9.150000000000000000e+01 2.001849857555545675e+00
9.151000000000000512e+01 2.003402826771704781e+00
9.151999999999999602e+01 2.003915720982128335e+00
9.153000000000000114e+01 2.008953048468088198e+00
9.154000000000000625e+01 2.005457451546029279e+00
9.154999999999999716e+01 2.004973382739220433e+00
9.156000000000000227e+01 2.007945738855787976e+00
9.156999999999999318e+01 2.010323678002639447e+00
9.157999999999999829e+01 2.007762563483979967e+00
9.159000000000000341e+01 2.008614532197436020e+00
9.159999999999999432e+01 2.014235112684670703e+00
9.160999999999999943e+01 2.016439926143549943e+00
9.162000000000000455e+01 2.008600135827818267e+00
9.162999999999999545e+01 2.011906149271296851e+00
9.164000000000000057e+01 2.007298215278312981e+00
9.165000000000000568e+01 2.001883125790137274e+00
9.165999999999999659e+01 2.010005307661511864e+00
9.167000000000000171e+01 2.004539153745695579e+00
9.168000000000000682e+01 2.005539202470206117e+00
9.168999999999999773e+01 2.003411034003061530e+00
9.170000000000000284e+01 2.008220963924969737e+00
9.170999999999999375e+01 2.006034256916156444e+00
9.171999999999999886e+01 2.003572507488585064e+00
9.173000000000000398e+01 2.013130495291692856e+00
9.173999999999999488e+01 2.007436153050753624e+00
9.175000000000000000e+01 2.013561569816413321e+00
9.176000000000000512e+01 2.004698245895595754e+00
9.176999999999999602e+01 2.000347331734817935e+00
9.178000000000000114e+01 2.003025505011857721e+00
9.179000000000000625e+01 1.994208320842242754e+00
9.179999999999999716e+01 2.002381772721685493e+00
9.181000000000000227e+01 1.995749417220820332e+00
9.181999999999999318e+01 1.998032736483566385e+00
9.182999999999999829e+01 2.004379411641331377e+00
9.184000000000000341e+01 2.000634562399752348e+00
9.184999999999999432e+01 1.993090615326504444e+00
9.185999999999999943e+01 2.001185415391696587e+00
9.187000000000000455e+01 2.002262354835404601e+00
9.187999999999999545e+01 2.009906149843748491e+00
9.189000000000000057e+01 2.007382078088679300e+00
9.190000000000000568e+01 1.999841286721348199e+00
9.190999999999999659e+01 2.004229492622637832e+00
9.192000000000000171e+01 1.999287308508702399e+00
9.193000000000000682e+01 2.006302726672551717e+00
9.193999999999999773e+01 2.003412985135114788e+00
9.195000000000000284e+01 2.002677087685167390e+00
9.195999999999999375e+01 2.007020728932739750e+00
9.196999999999999886e+01 2.003483454061348645e+00
9.198000000000000398e+01 2.012491485377416733e+00
9.198999999999999488e+01 2.005894262941582351e+00
9.200000000000000000e+01 1.998745841071755125e+00
9.201000000000000512e+01 2.002873328482700277e+00
9.201999999999999602e+01 2.003993326460057567e+00
9.203000000000000114e+01 2.003409477529886296e+00
9.204000000000000625e+01 2.011075802970061943e+00
9.204999999999999716e+01 2.008350447599224875e+00
9.206000000000000227e+01 2.009583766920397085e+00
9.206999999999999318e+01 2.007203362587603124e+00
9.207999999999999829e+01 2.011057976501342104e+00
9.209000000000000341e+01 2.011806742211869725e+00
9.209999999999999432e+01 2.006849529112639807e+00
9.210999999999999943e+01 2.008743304741973379e+00
9.212000000000000455e+01 2.005534709038771179e+00
9.212999999999999545e+01 2.011271266630029864e+00
9.214000000000000057e+01 2.013906176013700922e+00
9.215000000000000568e+01 2.009888463172737616e+00
9.215999999999999659e+01 2.014625614546025290e+00
9.217000000000000171e+01 2.011420364025255036e+00
9.218000000000000682e+01 2.013543470559633342e+00
9.218999999999999773e+01 2.007566434907167796e+00
9.220000000000000284e+01 2.009806805179170652e+00
9.220999999999999375e+01 2.009704537744414488e+00
9.221999999999999886e+01 2.011558560323585265e+00
9.223000000000000398e+01 2.003087947244998723e+00
9.223999999999999488e+01 2.010701518215628703e+00
9.225000000000000000e+01 2.007697811790439157e+00
9.226000000000000512e+01 2.020539754191557513e+00
9.226999999999999602e+01 2.006470127389684777e+00
9.228000000000000114e+01 2.008715277727003645e+00
9.229000000000000625e+01 2.007653333426266506e+00
9.229999999999999716e+01 2.007678235371185949e+00
9.231000000000000227e+01 2.002365555162803012e+00
9.231999999999999318e+01 2.007124756526633469e+00
9.232999999999999829e+01 1.999913394321638949e+00
9.234000000000000341e+01 2.005056728830695967e+00
9.234999999999999432e+01 2.005944843214886752e+00
9.235999999999999943e+01 2.012989290457638969e+00
9.237000000000000455e+01 2.009856266192472596e+00
9.237999999999999545e+01 2.010328249135877599e+00
9.239000000000000057e+01 2.010444202874460906e+00
9.240000000000000568e+01 2.006707826259821914e+00
9.240999999999999659e+01 2.006480425133800871e+00
9.242000000000000171e+01 2.003773068485822595e+00
9.243000000000000682e+01 2.002013536692987206e+00
9.243999999999999773e+01 2.000454294131281507e+00
9.245000000000000284e+01 1.997978148561383893e+00
9.245999999999999375e+01 2.003774895602226103e+00
9.246999999999999886e+01 2.005925251700368950e+00
9.248000000000000398e+01 2.001044402545707701e+00
9.248999999999999488e+01 2.002418150913189088e+00
9.250000000000000000e+01 2.004190776876804136e+00
9.251000000000000512e+01 1.997996468899745137e+00
9.251999999999999602e+01 2.007094812505942905e+00
9.253000000000000114e+01 1.998972086386645586e+00
9.254000000000000625e+01 2.006633544090584476e+00
9.254999999999999716e+01 2.013097166465440679e+00
9.256000000000000227e+01 2.008932715063800334e+00
9.256999999999999318e+01 2.008826981347730634e+00
9.257999999999999829e+01 2.006738327519232090e+00
9.259000000000000341e+01 1.997950442339770927e+00
9.259999999999999432e+01 2.003100761182792233e+00
9.260999999999999943e+01 2.002837858470758015e+00
9.262000000000000455e+01 2.003495433083724464e+00
9.262999999999999545e+01 2.002093629833740174e+00
9.264000000000000057e+01 2.002497613270478372e+00
9.265000000000000568e+01 1.993897593582495187e+00
9.265999999999999659e+01 2.001096726340803489e+00
9.267000000000000171e+01 2.000864047053030337e+00
9.268000000000000682e+01 2.000242593978354133e+00
9.268999999999999773e+01 2.004149545144088052e+00
9.270000000000000284e+01 2.000997919159531513e+00
9.270999999999999375e+01 2.000715748266280514e+00
9.271999999999999886e+01 2.004762093478984042e+00
9.273000000000000398e+01 2.001680932056973727e+00
9.273999999999999488e+01 1.997706272140903350e+00
9.275000000000000000e+01 2.000902961225875742e+00
9.276000000000000512e+01 2.000219301196358934e+00
9.276999999999999602e+01 2.003667449708578907e+00
9.278000000000000114e+01 2.000529427152923923e+00
9.279000000000000625e+01 2.003209036722175540e+00
9.279999999999999716e+01 2.003550242050154306e+00
9.281000000000000227e+01 2.001322384793283948e+00
9.281999999999999318e+01 2.000614677352469339e+00
9.282999999999999829e+01 1.999553875917953416e+00
9.284000000000000341e+01 2.010518885403279388e+00
9.284999999999999432e+01 2.001071933959514215e+00
9.285999999999999943e+01 2.005153814726672312e+00
9.287000000000000455e+01 2.007048390157225803e+00
9.287999999999999545e+01 2.000862418269955700e+00
9.289000000000000057e+01 2.008039691462806697e+00
9.290000000000000568e+01 2.008196381661002228e+00
9.290999999999999659e+01 2.000961321498279766e+00
9.292000000000000171e+01 2.010180897804135114e+00
9.293000000000000682e+01 2.005812170441158226e+00
9.293999999999999773e+01 2.008988856953680902e+00
9.295000000000000284e+01 2.000469340124987561e+00
9.295999999999999375e+01 2.008640954223882780e+00
9.296999999999999886e+01 2.005268306870700457e+00
9.298000000000000398e+01 2.005215985134195300e+00
9.298999999999999488e+01 2.008287241734940665e+00
9.300000000000000000e+01 2.007067524045100804e+00
9.301000000000000512e+01 2.009176389875490631e+00
9.301999999999999602e+01 2.009035503098238529e+00
9.303000000000000114e+01 2.005361200459023330e+00
9.304000000000000625e+01 2.000031947375058294e+00
9.304999999999999716e+01 1.997655793988276640e+00
9.306000000000000227e+01 1.997973350011329030e+00
9.306999999999999318e+01 1.996759587161925920e+00
9.307999999999999829e+01 2.005818480494762301e+00
9.309000000000000341e+01 2.001676298008107757e+00
9.309999999999999432e+01 2.001794475254581762e+00
9.310999999999999943e+01 2.002055463268626045e+00
9.312000000000000455e+01 1.997798118770332199e+00
9.312999999999999545e+01 2.003854869087912327e+00
9.314000000000000057e+01 2.004069334866276808e+00
9.315000000000000568e+01 2.007831481202146051e+00
9.315999999999999659e+01 2.006857074744418323e+00
9.317000000000000171e+01 2.003481896805741069e+00
9.318000000000000682e+01 2.005201661171201355e+00
9.318999999999999773e+01 2.010233327475927201e+00
9.320000000000000284e+01 2.011153439609659088e+00
9.320999999999999375e+01 2.001423241998717462e+00
9.321999999999999886e+01 1.996650900415173790e+00
9.323000000000000398e+01 2.005866316807927152e+00
9.323999999999999488e+01 2.004444727717093144e+00
9.325000000000000000e+01 2.001673357751237781e+00
9.326000000000000512e+01 1.997258244647261094e+00
9.326999999999999602e+01 2.001109065099925921e+00
9.328000000000000114e+01 2.006763705339325021e+00
9.329000000000000625e+01 2.013004668781841922e+00
9.329999999999999716e+01 2.001412622816353792e+00
9.331000000000000227e+01 2.003993018078131794e+00
9.331999999999999318e+01 2.003233081057675058e+00
9.332999999999999829e+01 2.004975722573888230e+00
9.334000000000000341e+01 1.994094834795266280e+00
9.334999999999999432e+01 2.004124283852664945e+00
9.335999999999999943e+01 1.998963828768585360e+00
9.337000000000000455e+01 2.002736012304576541e+00
9.337999999999999545e+01 2.002924448276656388e+00
9.339000000000000057e+01 2.008993525301500771e+00
9.340000000000000568e+01 2.009815362515852133e+00
9.340999999999999659e+01 2.006484228675939452e+00
9.342000000000000171e+01 2.007253014637968569e+00
9.343000000000000682e+01 2.001702231286951683e+00
9.343999999999999773e+01 2.005093209416669353e+00
9.345000000000000284e+01 2.011371468307399102e+00
9.345999999999999375e+01 2.008476873116058492e+00
9.346999999999999886e+01 2.007632304869404027e+00
9.348000000000000398e+01 2.008734019599402121e+00
9.348999999999999488e+01 2.008030377614455464e+00
9.350000000000000000e+01 2.010128250499207958e+00
9.351000000000000512e+01 2.004422602255124808e+00
9.351999999999999602e+01 2.007169660885673945e+00
9.353000000000000114e+01 2.002125930328772618e+00
9.354000000000000625e+01 2.002275272571760301e+00
9.354999999999999716e+01 2.006796100234590874e+00
9.356000000000000227e+01 2.000625678200885993e+00
9.356999999999999318e+01 2.006291923511763553e+00
9.357999999999999829e+01 2.003241225337467846e+00
9.359000000000000341e+01 2.007059516962180545e+00
9.359999999999999432e+01 2.006911106297036618e+00
9.360999999999999943e+01 2.007278080934182363e+00
9.362000000000000455e+01 1.999278087168371076e+00
9.362999999999999545e+01 2.006088151684148002e+00
9.364000000000000057e+01 2.010228375407930201e+00
9.365000000000000568e+01 2.004357083738319556e+00
9.365999999999999659e+01 2.006940630546274029e+00
9.367000000000000171e+01 2.009557276292203376e+00
9.368000000000000682e+01 2.010312318572858192e+00
9.368999999999999773e+01 2.008061409798320263e+00
9.370000000000000284e+01 2.000820191057850472e+00
9.370999999999999375e+01 2.000609774097966476e+00
9.371999999999999886e+01 2.007809427742341501e+00
9.373000000000000398e+01 2.001918933157070590e+00
9.373999999999999488e+01 2.000300059481833426e+00
9.375000000000000000e+01 2.000926335437378523e+00
9.376000000000000512e+01 1.999952361813667423e+00
9.376999999999999602e+01 1.999566999877326667e+00
9.378000000000000114e+01 1.999466811457811577e+00
9.379000000000000625e+01 2.008619334049781546e+00
9.379999999999999716e+01 2.000843456264582265e+00
9.381000000000000227e+01 2.000408300395757344e+00
9.381999999999999318e+01 2.007656716820948262e+00
9.382999999999999829e+01 2.005080952750970091e+00
9.384000000000000341e+01 2.007316519014926026e+00
9.384999999999999432e+01 2.005874128296096792e+00
9.385999999999999943e+01 2.002000328984490540e+00
9.387000000000000455e+01 2.009194776809773764e+00
9.387999999999999545e+01 2.007701176997541914e+00
9.389000000000000057e+01 2.009131123136102648e+00
9.390000000000000568e+01 2.007749915748262559e+00
9.390999999999999659e+01 2.008541893574606441e+00
9.392000000000000171e+01 2.011568445103023794e+00
9.393000000000000682e+01 2.011644369319797843e+00
9.393999999999999773e+01 2.007791316776318169e+00
9.395000000000000284e+01 2.007746456254172696e+00
9.395999999999999375e+01 2.003746162084829585e+00
9.396999999999999886e+01 2.011854794038222760e+00
9.398000000000000398e+01 2.003329253770786966e+00
9.398999999999999488e+01 1.999610926250452225e+00
9.400000000000000000e+01 2.004403591442438071e+00
9.401000000000000512e+01 2.003974674431441283e+00
9.401999999999999602e+01 2.005293364602767081e+00
9.403000000000000114e+01 2.002981028988208401e+00
9.404000000000000625e+01 2.005085664749655994e+00
9.404999999999999716e+01 2.007239486659724292e+00
9.406000000000000227e+01 2.009798700106959490e+00
9.406999999999999318e+01 1.999429677824327456e+00
9.407999999999999829e+01 2.002811499121934347e+00
9.409000000000000341e+01 2.003659812157233766e+00
9.409999999999999432e+01 2.005380668654582088e+00
9.410999999999999943e+01 2.001172633131770517e+00
9.412000000000000455e+01 2.004260775170921161e+00
9.412999999999999545e+01 2.001704342156933603e+00
9.414000000000000057e+01 2.004029516989600079e+00
9.415000000000000568e+01 2.002022963433065961e+00
9.415999999999999659e+01 2.007161950124581207e+00
9.417000000000000171e+01 2.008260869912574798e+00
9.418000000000000682e+01 1.999678085724077459e+00
9.418999999999999773e+01 2.001843529845011016e+00
9.420000000000000284e+01 2.001927605523179388e+00
9.420999999999999375e+01 1.995277782860388927e+00
9.421999999999999886e+01 2.000884355882164733e+00
9.423000000000000398e+01 2.007129676957344344e+00
9.423999999999999488e+01 2.001746996798461353e+00
9.425000000000000000e+01 2.004965130991240407e+00
9.426000000000000512e+01 2.009114198615232105e+00
9.426999999999999602e+01 1.998307828897005312e+00
9.428000000000000114e+01 2.011324073731360684e+00
9.429000000000000625e+01 2.002129880147896834e+00
9.429999999999999716e+01 2.000423211808402879e+00
9.431000000000000227e+01 2.006529073853861256e+00
9.431999999999999318e+01 2.003829726197765559e+00
9.432999999999999829e+01 2.001226654923866644e+00
9.434000000000000341e+01 2.004211877830522681e+00
9.434999999999999432e+01 2.007410256227826650e+00
9.435999999999999943e+01 2.010649699883850339e+00
9.437000000000000455e+01 2.006807058639222596e+00
9.437999999999999545e+01 2.010606643401058324e+00
9.439000000000000057e+01 2.003574233448593311e+00
9.440000000000000568e+01 2.013134873525106894e+00
9.440999999999999659e+01 2.009930453236250081e+00
9.442000000000000171e+01 2.006173771098570757e+00
9.443000000000000682e+01 2.004350356800141508e+00
9.443999999999999773e+01 2.006441024353879943e+00
9.445000000000000284e+01 2.005788221303770769e+00
9.445999999999999375e+01 2.002864552000237275e+00
9.446999999999999886e+01 2.004670834025142678e+00
9.448000000000000398e+01 2.005376694835889317e+00
9.448999999999999488e+01 2.003284968365373953e+00
9.450000000000000000e+01 2.007666220805274904e+00
9.451000000000000512e+01 2.008040046097257836e+00
9.451999999999999602e+01 2.005428032381553649e+00
9.453000000000000114e+01 2.003882188979379197e+00
9.454000000000000625e+01 2.004441294147071506e+00
9.454999999999999716e+01 2.008783237880598094e+00
9.456000000000000227e+01 2.012641848811011602e+00
9.456999999999999318e+01 2.007457023500972770e+00
9.457999999999999829e+01 2.009306907391843922e+00
9.459000000000000341e+01 2.007311364621982008e+00
9.459999999999999432e+01 2.004249601737609687e+00
9.460999999999999943e+01 2.007205976259063718e+00
9.462000000000000455e+01 2.003325321760779154e+00
9.462999999999999545e+01 2.007638808297101729e+00
9.464000000000000057e+01 2.004381251816738985e+00
9.465000000000000568e+01 2.000655265195478094e+00
9.465999999999999659e+01 2.004442492124236974e+00
9.467000000000000171e+01 2.001517701194649668e+00
9.468000000000000682e+01 1.997530187621374242e+00
9.468999999999999773e+01 2.003798224939266959e+00
9.470000000000000284e+01 1.998841377532067032e+00
9.470999999999999375e+01 1.999094784741724862e+00
9.471999999999999886e+01 2.003551940939626075e+00
9.473000000000000398e+01 2.001974313985670939e+00
9.473999999999999488e+01 1.997492962556768559e+00
9.475000000000000000e+01 2.001686808890356772e+00
9.476000000000000512e+01 2.008216204224984480e+00
9.476999999999999602e+01 2.006614814723450380e+00
9.478000000000000114e+01 2.007396825678482877e+00
9.479000000000000625e+01 2.000291061494874789e+00
9.479999999999999716e+01 2.002091418954269120e+00
9.481000000000000227e+01 1.999275260627136230e+00
9.481999999999999318e+01 2.000203879214339064e+00
9.482999999999999829e+01 2.007400254819502461e+00
9.484000000000000341e+01 2.004839210881439016e+00
9.484999999999999432e+01 2.000412085078097757e+00
9.485999999999999943e+01 2.009925977717067269e+00
9.487000000000000455e+01 2.002039583513375298e+00
9.487999999999999545e+01 2.000407268077550871e+00
9.489000000000000057e+01 2.002376558748562907e+00
9.490000000000000568e+01 2.010736392024102592e+00
9.490999999999999659e+01 2.011258409043746642e+00
9.492000000000000171e+01 2.003129514825551460e+00
9.493000000000000682e+01 2.001745066903596992e+00
9.493999999999999773e+01 2.001031532874971930e+00
9.495000000000000284e+01 2.006508627910355003e+00
9.495999999999999375e+01 2.005732193310534761e+00
9.496999999999999886e+01 2.005664833761034327e+00
9.498000000000000398e+01 1.995957690110309102e+00
9.498999999999999488e+01 2.002919166899176595e+00
9.500000000000000000e+01 2.005922420366129000e+00
9.501000000000000512e+01 2.005671172789824208e+00
9.501999999999999602e+01 2.003428244619079202e+00
9.503000000000000114e+01 2.008741539874649096e+00
9.504000000000000625e+01 2.006762652340474684e+00
9.504999999999999716e+01 2.003792090733312214e+00
9.506000000000000227e+01 2.000631841157441304e+00
9.506999999999999318e+01 1.999894649390208112e+00
9.507999999999999829e+01 1.998785688484926881e+00
9.509000000000000341e+01 1.998477309850672068e+00
9.509999999999999432e+01 2.001223486847945932e+00
9.510999999999999943e+01 1.998613892875556131e+00
9.512000000000000455e+01 2.012572535932198647e+00
9.512999999999999545e+01 2.007092660955648089e+00
9.514000000000000057e+01 2.002863829700877396e+00
9.515000000000000568e+01 2.005160478196392315e+00
9.515999999999999659e+01 1.994747547538456178e+00
9.517000000000000171e+01 2.005012672752326974e+00
9.518000000000000682e+01 1.998020746767583677e+00
9.518999999999999773e+01 2.002274249107099280e+00
9.520000000000000284e+01 2.010651874555771990e+00
9.520999999999999375e+01 2.006828725058817042e+00
9.521999999999999886e+01 2.007081406400669454e+00
9.523000000000000398e+01 2.008725321218217452e+00
9.523999999999999488e+01 2.004007209083433327e+00
9.525000000000000000e+01 2.003676079850799763e+00
9.526000000000000512e+01 2.009416298819399316e+00
9.526999999999999602e+01 2.006286799118051967e+00
9.528000000000000114e+01 2.013478812249738681e+00
9.529000000000000625e+01 2.007747922764648418e+00
9.529999999999999716e+01 2.002930968349783569e+00
9.531000000000000227e+01 2.009144914025025930e+00
9.531999999999999318e+01 2.002744662680055576e+00
9.532999999999999829e+01 2.009340536972554769e+00
9.534000000000000341e+01 2.008558002430781642e+00
9.534999999999999432e+01 2.001496254754682180e+00
9.535999999999999943e+01 2.003188345244527380e+00
9.537000000000000455e+01 2.002258601070986188e+00
9.537999999999999545e+01 1.998573769220156837e+00
9.539000000000000057e+01 2.005163554733389475e+00
9.540000000000000568e+01 2.004876437781883514e+00
9.540999999999999659e+01 2.006172739982472475e+00
9.542000000000000171e+01 2.005611649006762587e+00
9.543000000000000682e+01 1.997884847547349851e+00
9.543999999999999773e+01 2.002947558430442143e+00
9.545000000000000284e+01 2.010446153089062715e+00
9.545999999999999375e+01 2.003341887988951076e+00
9.546999999999999886e+01 1.995854138059772964e+00
9.548000000000000398e+01 1.999150482188975175e+00
9.548999999999999488e+01 1.997477513860097975e+00
9.550000000000000000e+01 2.003964542634093515e+00
9.551000000000000512e+01 1.998787129816630870e+00
9.551999999999999602e+01 1.998949076690649918e+00
9.553000000000000114e+01 1.997022804299736887e+00
9.554000000000000625e+01 1.998281184276487377e+00
9.554999999999999716e+01 2.001587171591793002e+00
9.556000000000000227e+01 1.993140200835824105e+00
9.556999999999999318e+01 1.997224789467185957e+00
9.557999999999999829e+01 1.998248461215351046e+00
9.559000000000000341e+01 1.998688681266771683e+00
9.559999999999999432e+01 1.994479383745427770e+00
9.560999999999999943e+01 2.012671646104367440e+00
9.562000000000000455e+01 2.001699833487328384e+00
9.562999999999999545e+01 2.003647258401378473e+00
9.564000000000000057e+01 1.999801879596791121e+00
9.565000000000000568e+01 1.998940878185234471e+00
9.565999999999999659e+01 2.001010607719821532e+00
9.567000000000000171e+01 2.007527499785147995e+00
9.568000000000000682e+01 2.004906398067300977e+00
9.568999999999999773e+01 2.000071254918728947e+00
9.570000000000000284e+01 2.002847595477860843e+00
9.570999999999999375e+01 2.002568368625520012e+00
9.571999999999999886e+01 1.995048552347895576e+00
9.573000000000000398e+01 1.995085402382368089e+00
9.573999999999999488e+01 1.998343774945308127e+00
9.575000000000000000e+01 1.999197614062949047e+00
9.576000000000000512e+01 2.004633387329638250e+00
9.576999999999999602e+01 2.008306532352941876e+00
9.578000000000000114e+01 2.005389720831435074e+00
9.579000000000000625e+01 2.004170027526963160e+00
9.579999999999999716e+01 2.006039214817458394e+00
9.581000000000000227e+01 2.001504200123664035e+00
9.581999999999999318e+01 2.002132874423446118e+00
9.582999999999999829e+01 1.997229489821064963e+00
9.584000000000000341e+01 1.997943732478163481e+00
9.584999999999999432e+01 2.002622655385963846e+00
9.585999999999999943e+01 2.005242761716264699e+00
9.587000000000000455e+01 2.003450512383376125e+00
9.587999999999999545e+01 2.004264324755064663e+00
9.589000000000000057e+01 1.996102912426704012e+00
9.590000000000000568e+01 2.000810915924295053e+00
9.590999999999999659e+01 2.000020463393131998e+00
9.592000000000000171e+01 2.000633773742888089e+00
9.593000000000000682e+01 1.999708334389013187e+00
9.593999999999999773e+01 1.995985263540480448e+00
9.595000000000000284e+01 1.999536225158748959e+00
9.595999999999999375e+01 1.994385536407252912e+00
9.596999999999999886e+01 1.996503092715485206e+00
9.598000000000000398e+01 2.003689631160357365e+00
9.598999999999999488e+01 2.004509533277916589e+00
9.600000000000000000e+01 2.002417037050714388e+00
9.601000000000000512e+01 1.998597480130543502e+00
9.601999999999999602e+01 2.006277084683593337e+00
9.603000000000000114e+01 2.002995009363265577e+00
9.604000000000000625e+01 2.004451679262589714e+00
9.604999999999999716e+01 2.001009844753681044e+00
9.606000000000000227e+01 2.006340949441786314e+00
9.606999999999999318e+01 2.003947496814161511e+00
9.607999999999999829e+01 2.001405194619261252e+00
9.609000000000000341e+01 2.002150254392699225e+00
9.609999999999999432e+01 2.001152537766215822e+00
9.610999999999999943e+01 2.003633151851702543e+00
9.612000000000000455e+01 1.999576696915648766e+00
9.612999999999999545e+01 2.002047909839416384e+00
9.614000000000000057e+01 1.997300404177397626e+00
9.615000000000000568e+01 2.002769063503132774e+00
9.615999999999999659e+01 1.996687314425259263e+00
9.617000000000000171e+01 1.998355130942933489e+00
9.618000000000000682e+01 1.996747833402918060e+00
9.618999999999999773e+01 2.002259271330765422e+00
9.620000000000000284e+01 2.004484103093722602e+00
9.620999999999999375e+01 2.003089037113369386e+00
9.621999999999999886e+01 2.004750351149930943e+00
9.623000000000000398e+01 2.005717886717997445e+00
9.623999999999999488e+01 2.000358067617757918e+00
9.625000000000000000e+01 2.003857840791226419e+00
9.626000000000000512e+01 2.008174369120159231e+00
9.626999999999999602e+01 2.003994916671376192e+00
9.628000000000000114e+01 2.009271247122831117e+00
9.629000000000000625e+01 2.003052662169630960e+00
9.629999999999999716e+01 2.006244642601201722e+00
9.631000000000000227e+01 2.004651599501484860e+00
9.631999999999999318e+01 1.997469436337568238e+00
9.632999999999999829e+01 2.003310829229496548e+00
9.634000000000000341e+01 2.001163330154248854e+00
9.634999999999999432e+01 1.998071751350561032e+00
9.635999999999999943e+01 2.000130398114886798e+00
9.637000000000000455e+01 2.001995453204709730e+00
9.637999999999999545e+01 2.008763869560102222e+00
9.639000000000000057e+01 2.008182787155433413e+00
9.640000000000000568e+01 1.998604895545601945e+00
9.640999999999999659e+01 2.004959014994073030e+00
9.642000000000000171e+01 2.001224615045413380e+00
9.643000000000000682e+01 1.999405830552702268e+00
9.643999999999999773e+01 2.002124485978602486e+00
9.645000000000000284e+01 2.001060723870936808e+00
9.645999999999999375e+01 2.002125082054920124e+00
9.646999999999999886e+01 1.993168612294057285e+00
9.648000000000000398e+01 2.000353856629347060e+00
9.648999999999999488e+01 1.996436470446488753e+00
9.650000000000000000e+01 1.997917160916201862e+00
9.651000000000000512e+01 1.992284581426594370e+00
9.651999999999999602e+01 1.994881173712643729e+00
9.653000000000000114e+01 2.005201854592713051e+00
9.654000000000000625e+01 2.001437642341445944e+00
9.654999999999999716e+01 1.996582293056010204e+00
9.656000000000000227e+01 2.002319221931963433e+00
9.656999999999999318e+01 1.993256514665809220e+00
9.657999999999999829e+01 1.994170992528031761e+00
9.659000000000000341e+01 1.997408067202494308e+00
9.659999999999999432e+01 2.003202439983231997e+00
9.660999999999999943e+01 2.008793909410486744e+00
9.662000000000000455e+01 2.000155428236850774e+00
9.662999999999999545e+01 2.000522739155193630e+00
9.664000000000000057e+01 1.995141745099048958e+00
9.665000000000000568e+01 2.001083658759928774e+00
9.665999999999999659e+01 1.995581506744228406e+00
9.667000000000000171e+01 2.001249452887559066e+00
9.668000000000000682e+01 2.001812483536937304e+00
9.668999999999999773e+01 2.002494214648051774e+00
9.670000000000000284e+01 2.001031578813319278e+00
9.670999999999999375e+01 2.007524438110306342e+00
9.671999999999999886e+01 2.002141335370606789e+00
9.673000000000000398e+01 1.999855061103601894e+00
9.673999999999999488e+01 1.996602679303401517e+00
9.675000000000000000e+01 2.001202664916204021e+00
9.676000000000000512e+01 1.993999426513463291e+00
9.676999999999999602e+01 2.002529303924529103e+00
9.678000000000000114e+01 1.997147360021636286e+00
9.679000000000000625e+01 1.998252496646921728e+00
9.679999999999999716e+01 1.995929079686788565e+00
9.681000000000000227e+01 2.000055309118029978e+00
9.681999999999999318e+01 2.003309517132651152e+00
9.682999999999999829e+01 2.002227617445369034e+00
9.684000000000000341e+01 2.006346466341245360e+00
9.684999999999999432e+01 2.000003390524039304e+00
9.685999999999999943e+01 2.003162748672075111e+00
9.687000000000000455e+01 1.998880737721966172e+00
9.687999999999999545e+01 2.005684604177896624e+00
9.689000000000000057e+01 2.002097261510395576e+00
9.690000000000000568e+01 1.997082918686505781e+00
9.690999999999999659e+01 1.991421048252458803e+00
9.692000000000000171e+01 2.000083065433793994e+00
9.693000000000000682e+01 1.995795900378332322e+00
9.693999999999999773e+01 1.992897751203545509e+00
9.695000000000000284e+01 1.993906625739283012e+00
9.695999999999999375e+01 1.998842442447669843e+00
9.696999999999999886e+01 2.000796377120070968e+00
9.698000000000000398e+01 2.002558390633355057e+00
9.698999999999999488e+01 2.004055867721865614e+00
9.700000000000000000e+01 2.003847994484122097e+00
9.701000000000000512e+01 2.000541022374374478e+00
9.701999999999999602e+01 1.995435687934321578e+00
9.703000000000000114e+01 1.998449565048986187e+00
9.704000000000000625e+01 2.003625549117259652e+00
9.704999999999999716e+01 1.999492467601009738e+00
9.706000000000000227e+01 1.997977592714554662e+00
9.706999999999999318e+01 2.002756049221776191e+00
9.707999999999999829e+01 1.999117614831489975e+00
9.709000000000000341e+01 2.006185479953975115e+00
9.709999999999999432e+01 1.999354378045640646e+00
9.710999999999999943e+01 1.999137868328289214e+00
9.712000000000000455e+01 2.003365457845359465e+00
9.712999999999999545e+01 1.997426164558866457e+00
9.714000000000000057e+01 1.997957284965421909e+00
9.715000000000000568e+01 2.001160890657192493e+00
9.715999999999999659e+01 2.006195208340820102e+00
9.717000000000000171e+01 2.000885531023935737e+00
9.718000000000000682e+01 2.003573159760019706e+00
9.718999999999999773e+01 2.002686357716903398e+00
9.720000000000000284e+01 2.010141697577189301e+00
9.720999999999999375e+01 2.004772329667093178e+00
9.721999999999999886e+01 2.003799175286789414e+00
9.723000000000000398e+01 2.003039418073546685e+00
9.723999999999999488e+01 2.001854336050492122e+00
9.725000000000000000e+01 2.004758303852914647e+00
9.726000000000000512e+01 1.997018434111507812e+00
9.726999999999999602e+01 1.999054187537406380e+00
9.728000000000000114e+01 1.997349422109522710e+00
9.729000000000000625e+01 1.994674956334640870e+00
9.729999999999999716e+01 1.986422898465487918e+00
9.731000000000000227e+01 1.992213983502950203e+00
9.731999999999999318e+01 1.989734067599755019e+00
9.732999999999999829e+01 1.996390825405919944e+00
9.734000000000000341e+01 1.993241691381747671e+00
9.734999999999999432e+01 1.997790210713572545e+00
9.735999999999999943e+01 1.993812723787485641e+00
9.737000000000000455e+01 1.995351750846183991e+00
9.737999999999999545e+01 1.993020302352358941e+00
9.739000000000000057e+01 1.992447931126836824e+00
9.740000000000000568e+01 1.990342895405396773e+00
9.740999999999999659e+01 2.001361023707350917e+00
9.742000000000000171e+01 1.990181322163191879e+00
9.743000000000000682e+01 1.997535810411064316e+00
9.743999999999999773e+01 1.998422023990656937e+00
9.745000000000000284e+01 1.995554311870800346e+00
9.745999999999999375e+01 1.994428101964188516e+00
9.746999999999999886e+01 1.999442835282990272e+00
9.748000000000000398e+01 1.996550061125193398e+00
9.748999999999999488e+01 1.998034179839190516e+00
9.750000000000000000e+01 1.996553036384805635e+00
9.751000000000000512e+01 2.000756280498598549e+00
9.751999999999999602e+01 1.997609587273943443e+00
9.753000000000000114e+01 1.995257452686449939e+00
9.754000000000000625e+01 2.004812525056741457e+00
9.754999999999999716e+01 2.001028301934919984e+00
9.756000000000000227e+01 1.994183885652606847e+00
9.756999999999999318e+01 1.994421874529847427e+00
9.757999999999999829e+01 1.993934385800945508e+00
9.759000000000000341e+01 2.002071479170844714e+00
9.759999999999999432e+01 2.002300838012248008e+00
9.760999999999999943e+01 2.000901572135125761e+00
9.762000000000000455e+01 1.998648626077583756e+00
9.762999999999999545e+01 1.998857685644477300e+00
9.764000000000000057e+01 1.998531037057385884e+00
9.765000000000000568e+01 1.999140954608714438e+00
9.765999999999999659e+01 1.997127474638424216e+00
9.767000000000000171e+01 1.997985966632857657e+00
9.768000000000000682e+01 1.995852229317609083e+00
9.768999999999999773e+01 2.003644867217437842e+00
9.770000000000000284e+01 2.003771501057771243e+00
9.770999999999999375e+01 2.005490185737033304e+00
9.771999999999999886e+01 2.002605017122548681e+00
9.773000000000000398e+01 1.999383039373879400e+00
9.773999999999999488e+01 1.994736019763879042e+00
9.775000000000000000e+01 1.997265313981046120e+00
9.776000000000000512e+01 1.999339965079337755e+00
9.776999999999999602e+01 2.003262693573012676e+00
9.778000000000000114e+01 1.990551912323471839e+00
9.779000000000000625e+01 1.987757914322874742e+00
9.779999999999999716e+01 1.998748937373377998e+00
9.781000000000000227e+01 2.005172960273440275e+00
9.781999999999999318e+01 2.003008416553597737e+00
9.782999999999999829e+01 1.998047633317840965e+00
9.784000000000000341e+01 2.005337166206572874e+00
9.784999999999999432e+01 1.998947410749790210e+00
9.785999999999999943e+01 2.001256726727947743e+00
9.787000000000000455e+01 1.997161646302925586e+00
9.787999999999999545e+01 1.999388575285924841e+00
9.789000000000000057e+01 1.994795602805501389e+00
9.790000000000000568e+01 2.003682235558224001e+00
9.790999999999999659e+01 1.999019437616433859e+00
9.792000000000000171e+01 2.005467109352421673e+00
9.793000000000000682e+01 1.996693818468710191e+00
9.793999999999999773e+01 2.005092637718027149e+00
9.795000000000000284e+01 1.999088160633052169e+00
9.795999999999999375e+01 2.007977222897593617e+00
9.796999999999999886e+01 2.001890204457647648e+00
9.798000000000000398e+01 2.003177773621154678e+00
9.798999999999999488e+01 2.003530474942427198e+00
9.800000000000000000e+01 2.004823730973592344e+00
9.801000000000000512e+01 2.001624971388280994e+00
9.801999999999999602e+01 2.004250223670045461e+00
9.803000000000000114e+01 2.002157809708663194e+00
9.804000000000000625e+01 1.999354779859650932e+00
9.804999999999999716e+01 1.999538014438831279e+00
9.806000000000000227e+01 2.002821868746435197e+00
9.806999999999999318e+01 1.997620186066102033e+00
9.807999999999999829e+01 1.997227921565885911e+00
9.809000000000000341e+01 1.994752547990022107e+00
9.809999999999999432e+01 1.991948175279984579e+00
9.810999999999999943e+01 1.992804141313908151e+00
9.812000000000000455e+01 1.996031132586322254e+00
9.812999999999999545e+01 1.997859807980510327e+00
9.814000000000000057e+01 1.993519505893362576e+00
9.815000000000000568e+01 1.985858382641707109e+00
9.815999999999999659e+01 1.994060447708095207e+00
9.817000000000000171e+01 1.995450281993106589e+00
9.818000000000000682e+01 1.995629826362553372e+00
9.818999999999999773e+01 1.993969507352877368e+00
9.820000000000000284e+01 1.995498191406011257e+00
9.820999999999999375e+01 2.001006954443017793e+00
9.821999999999999886e+01 1.995339771567101739e+00
9.823000000000000398e+01 1.998067817046386141e+00
9.823999999999999488e+01 1.999444694935121891e+00
9.825000000000000000e+01 2.000505580259003047e+00
9.826000000000000512e+01 2.001245695047049633e+00
9.826999999999999602e+01 1.996633966167050023e+00
9.828000000000000114e+01 1.996711606540689798e+00
9.829000000000000625e+01 1.996502999166432257e+00
9.829999999999999716e+01 2.001716958507814947e+00
9.831000000000000227e+01 2.000923770759232223e+00
9.831999999999999318e+01 1.997355821195129222e+00
9.832999999999999829e+01 1.998728039578758553e+00
9.834000000000000341e+01 2.002185129113827511e+00
9.834999999999999432e+01 2.001778128786384503e+00
9.835999999999999943e+01 1.998214998034435697e+00
9.837000000000000455e+01 1.999116121501913756e+00
9.837999999999999545e+01 1.997270762077367312e+00
9.839000000000000057e+01 1.999012422086733576e+00
9.840000000000000568e+01 2.001670113498855930e+00
9.840999999999999659e+01 2.002939029861838804e+00
9.842000000000000171e+01 2.001911225016272500e+00
9.843000000000000682e+01 2.005891300224659446e+00
9.843999999999999773e+01 2.003105279762664725e+00
9.845000000000000284e+01 1.998958287143591139e+00
9.845999999999999375e+01 2.004834139073893517e+00
9.846999999999999886e+01 2.004739344767457077e+00
9.848000000000000398e+01 2.004101150289426592e+00
9.848999999999999488e+01 2.003973251739485040e+00
9.850000000000000000e+01 2.003175099123839509e+00
9.851000000000000512e+01 1.994633183680122102e+00
9.851999999999999602e+01 2.002833464416738707e+00
9.853000000000000114e+01 2.001356020278652892e+00
9.854000000000000625e+01 1.996133820108379142e+00
9.854999999999999716e+01 1.995272021474203683e+00
9.856000000000000227e+01 1.994946844304771760e+00
9.856999999999999318e+01 2.001026215852860890e+00
9.857999999999999829e+01 1.998864333249295910e+00
9.859000000000000341e+01 1.999501775787213331e+00
9.859999999999999432e+01 2.001209231752704820e+00
9.860999999999999943e+01 1.994801620028998856e+00
9.862000000000000455e+01 2.005788144546616358e+00
9.862999999999999545e+01 2.003609398370035599e+00
9.864000000000000057e+01 2.006801411605830143e+00
9.865000000000000568e+01 2.006993508726460984e+00
9.865999999999999659e+01 2.005371454298619405e+00
9.867000000000000171e+01 2.004960432526979197e+00
9.868000000000000682e+01 2.005065301538270006e+00
9.868999999999999773e+01 2.008426875588293914e+00
9.870000000000000284e+01 2.001223548989099932e+00
9.870999999999999375e+01 2.001622361361444113e+00
9.871999999999999886e+01 2.004422776140370566e+00
9.873000000000000398e+01 2.001849494814976094e+00
9.873999999999999488e+01 1.997931804002054390e+00
9.875000000000000000e+01 2.000276100019951819e+00
9.876000000000000512e+01 2.004400865226560136e+00
9.876999999999999602e+01 1.996688792718454453e+00
9.878000000000000114e+01 2.001267285118276895e+00
9.879000000000000625e+01 2.000997994003915093e+00
9.879999999999999716e+01 2.000385269156367940e+00
9.881000000000000227e+01 2.007378470956748817e+00
9.881999999999999318e+01 1.998272430951368861e+00
9.882999999999999829e+01 1.995447362886451526e+00
9.884000000000000341e+01 1.997837263032849364e+00
9.884999999999999432e+01 1.998036120528079440e+00
9.885999999999999943e+01 1.989237295599413313e+00
9.887000000000000455e+01 1.998638749255531977e+00
9.887999999999999545e+01 1.990408669357236038e+00
9.889000000000000057e+01 1.997077557157967531e+00
9.890000000000000568e+01 1.991001528081616012e+00
9.890999999999999659e+01 1.995198868143483351e+00
9.892000000000000171e+01 1.996613106553851269e+00
9.893000000000000682e+01 1.995803230925701000e+00
9.893999999999999773e+01 1.988208060330258320e+00
9.895000000000000284e+01 1.991803693825534793e+00
9.895999999999999375e+01 1.997805577073533456e+00
9.896999999999999886e+01 1.997908471692986909e+00
9.898000000000000398e+01 1.997794374691697517e+00
9.898999999999999488e+01 1.998020680990214348e+00
9.900000000000000000e+01 2.003004853907164762e+00
9.901000000000000512e+01 1.998913870194638065e+00
9.901999999999999602e+01 1.993557311829885048e+00
9.903000000000000114e+01 1.997263964974769213e+00
9.904000000000000625e+01 1.991051182120341823e+00
9.904999999999999716e+01 1.999876149347535215e+00
9.906000000000000227e+01 1.999969326512553325e+00
9.906999999999999318e+01 1.996659618242714984e+00
9.907999999999999829e+01 1.999676001350506827e+00
9.909000000000000341e+01 2.000958921753475117e+00
9.909999999999999432e+01 2.002222352746324319e+00
9.910999999999999943e+01 2.008607741719468542e+00
9.912000000000000455e+01 1.998169384926985259e+00
9.912999999999999545e+01 2.003207806767261623e+00
9.914000000000000057e+01 1.996032207220650889e+00
9.915000000000000568e+01 2.000305250645431521e+00
9.915999999999999659e+01 1.997153159184981375e+00
9.917000000000000171e+01 2.002403800481753926e+00
9.918000000000000682e+01 2.003786507834429909e+00
9.918999999999999773e+01 2.004403455260935552e+00
9.920000000000000284e+01 2.007142888511322276e+00
9.920999999999999375e+01 2.001481752576528717e+00
9.921999999999999886e+01 2.002549756948189597e+00
9.923000000000000398e+01 1.992161502870115397e+00
9.923999999999999488e+01 1.998260929822031740e+00
9.925000000000000000e+01 2.001320412074555133e+00
9.926000000000000512e+01 2.002616136428021498e+00
9.926999999999999602e+01 2.001812093667066694e+00
9.928000000000000114e+01 2.005434178142515123e+00
9.929000000000000625e+01 2.000224474344909797e+00
9.929999999999999716e+01 2.006989387908011402e+00
9.931000000000000227e+01 2.007876743141865372e+00
9.931999999999999318e+01 1.999680693819970489e+00
9.932999999999999829e+01 2.000964886089997563e+00
9.934000000000000341e+01 1.999100623837458901e+00
9.934999999999999432e+01 2.001934055083731678e+00
9.935999999999999943e+01 2.004896992534516365e+00
9.937000000000000455e+01 2.004207234131591520e+00
9.937999999999999545e+01 2.004682300670989292e+00
9.939000000000000057e+01 2.006138914907099391e+00
9.940000000000000568e+01 2.014708706284921824e+00
9.940999999999999659e+01 2.009815666509397136e+00
9.942000000000000171e+01 2.013840656386956418e+00
9.943000000000000682e+01 2.006186002754573927e+00
9.943999999999999773e+01 2.008448450665331730e+00
9.945000000000000284e+01 2.009318531566916644e+00
9.945999999999999375e+01 2.004793656728097950e+00
9.946999999999999886e+01 2.013451016260099813e+00
9.948000000000000398e+01 2.010903932877631917e+00
9.948999999999999488e+01 2.010908866993866617e+00
9.950000000000000000e+01 2.011427778383512610e+00
9.951000000000000512e+01 2.009557122586807854e+00
9.951999999999999602e+01 2.010175837074503757e+00
9.953000000000000114e+01 2.003493706448092659e+00
9.954000000000000625e+01 2.004852682673489372e+00
9.954999999999999716e+01 2.010953125169614442e+00
9.956000000000000227e+01 2.012169678318755039e+00
9.956999999999999318e+01 2.006455625898519113e+00
9.957999999999999829e+01 2.014554608127033131e+00
9.959000000000000341e+01 2.020025912545541313e+00
9.959999999999999432e+01 2.013273013145661317e+00
9.960999999999999943e+01 2.020973771457223567e+00
9.962000000000000455e+01 2.007088933597144020e+00
9.962999999999999545e+01 2.012595852050855338e+00
9.964000000000000057e+01 2.005125091380491220e+00
9.965000000000000568e+01 2.009784685204173194e+00
9.965999999999999659e+01 2.006264369104017842e+00
9.967000000000000171e+01 2.010995547836956554e+00
9.968000000000000682e+01 2.004896049380382461e+00
9.968999999999999773e+01 2.003115138423362751e+00
9.970000000000000284e+01 2.012614590888486710e+00
9.970999999999999375e+01 2.002376656059379201e+00
9.971999999999999886e+01 2.013392562540432973e+00
9.973000000000000398e+01 2.004629446153543437e+00
9.973999999999999488e+01 2.006044014413563836e+00
9.975000000000000000e+01 2.001933098896224283e+00
9.976000000000000512e+01 2.001193967894260961e+00
9.976999999999999602e+01 2.009455433380489708e+00
9.978000000000000114e+01 2.001486215245003031e+00
9.979000000000000625e+01 2.006315067437077992e+00
9.979999999999999716e+01 2.002334765563686947e+00
9.981000000000000227e+01 2.008836043783817971e+00
9.981999999999999318e+01 1.998230073822524933e+00
9.982999999999999829e+01 2.007243962166719076e+00
9.984000000000000341e+01 2.009581807548722843e+00
9.984999999999999432e+01 2.010197830181421175e+00
9.985999999999999943e+01 2.008835499303792904e+00
9.987000000000000455e+01 2.002676474577312682e+00
9.987999999999999545e+01 2.008144040442827460e+00
9.989000000000000057e+01 2.008920592545098582e+00
9.990000000000000568e+01 2.003284033056830893e+00
9.990999999999999659e+01 2.003710363398754968e+00
9.992000000000000171e+01 2.004904216031455189e+00
9.993000000000000682e+01 2.008995834107774936e+00
9.993999999999999773e+01 2.006742349397145908e+00
9.995000000000000284e+01 1.999087164882638490e+00
9.995999999999999375e+01 2.002240638267677841e+00
9.996999999999999886e+01 1.995125200733069537e+00
9.998000000000000398e+01 1.997982535971824403e+00
9.998999999999999488e+01 2.003243434306618109e+00
1.000000000000000000e+02 2.000037641558956469e+00
