# Time(ns) RMSD(A)
0.0000 0.0000
0.0100 0.8378
0.0200 0.7462
0.0300 0.7671
0.0400 0.9145
0.0500 0.8304
0.0600 0.8401
0.0700 0.8903
0.0800 0.9261
0.0900 0.9673
0.1000 1.0793
0.1100 0.9539
0.1200 1.1249
0.1300 1.1689
0.1400 1.1213
0.1500 1.1194
0.1600 1.1093
0.1700 1.1119
0.1800 1.0647
0.1900 1.1741
0.2000 1.1175
0.2100 1.0236
0.2200 0.9781
0.2300 1.1531
0.2400 1.0886
0.2500 1.1003
0.2600 1.1470
0.2700 1.1981
0.2800 1.3850
0.2900 1.2823
0.3000 1.2594
0.3100 1.2750
0.3200 1.1526
0.3300 1.2973
0.3400 1.2235
0.3500 1.2380
0.3600 1.1286
0.3700 0.9934
0.3800 0.9842
0.3900 0.9981
0.4000 1.0098
0.4100 1.0557
0.4200 1.0461
0.4300 1.0107
0.4400 1.1083
0.4500 1.2340
0.4600 1.0576
0.4700 1.0575
0.4800 1.1364
0.4900 1.1451
0.5000 1.1302
0.5100 1.2136
0.5200 1.2320
0.5300 1.4070
0.5400 1.3892
0.5500 1.2750
0.5600 1.4006
0.5700 1.2702
0.5800 1.1849
0.5900 1.2597
0.6000 1.0662
0.6100 1.3278
0.6200 1.1380
0.6300 1.2648
0.6400 1.3432
0.6500 1.3806
0.6600 1.2306
0.6700 1.1188
0.6800 1.2376
0.6900 1.1602
0.7000 1.3257
0.7100 1.2885
0.7200 1.3871
0.7300 1.3288
0.7400 1.4272
0.7500 1.4103
0.7600 1.3711
0.7700 1.4834
0.7800 1.4839
0.7900 1.3818
0.8000 1.3927
0.8100 1.3136
0.8200 1.4509
0.8300 1.3918
0.8400 1.4023
0.8500 1.4402
0.8600 1.3631
0.8700 1.3525
0.8800 1.2561
0.8900 1.2662
0.9000 1.2343
0.9100 1.2896
0.9200 1.2524
0.9300 1.4092
0.9400 1.4264
0.9500 1.4301
0.9600 1.3186
0.9700 1.3102
0.9800 1.2848
0.9900 1.2779
1.0000 1.3401
1.0100 1.2110
1.0200 1.2332
1.0300 1.3011
1.0400 1.2526
1.0500 1.1741
1.0600 1.1814
1.0700 1.3063
1.0800 1.3082
1.0900 1.3292
1.1000 1.3283
1.1100 1.3738
1.1200 1.4224
1.1300 1.2989
1.1400 1.3289
1.1500 1.2540
1.1600 1.2497
1.1700 1.2029
1.1800 1.3188
1.1900 1.1891
1.2000 1.2869
1.2100 1.1681
1.2200 1.2457
1.2300 1.1560
1.2400 1.2635
1.2500 1.3162
1.2600 1.3648
1.2700 1.3061
1.2800 1.3525
1.2900 1.4121
1.3000 1.3456
1.3100 1.3020
1.3200 1.3927
1.3300 1.4775
1.3400 1.3508
1.3500 1.4800
1.3600 1.5034
1.3700 1.3316
1.3800 1.4091
1.3900 1.3382
1.4000 1.3167
1.4100 1.3208
1.4200 1.3840
1.4300 1.3924
1.4400 1.3274
1.4500 1.2463
1.4600 1.2758
1.4700 1.2514
1.4800 1.3282
1.4900 1.1467
1.5000 1.1688
1.5100 1.2710
1.5200 1.1780
1.5300 1.1319
1.5400 1.2847
1.5500 1.2435
1.5600 1.2453
1.5700 1.2254
1.5800 1.2739
1.5900 1.1986
1.6000 1.2355
1.6100 1.2507
1.6200 1.3778
1.6300 1.3283
1.6400 1.1750
1.6500 1.2584
1.6600 1.3082
1.6700 1.3199
1.6800 1.3152
1.6900 1.3866
1.7000 1.3632
1.7100 1.3812
1.7200 1.4382
1.7300 1.3657
1.7400 1.3994
1.7500 1.3638
1.7600 1.4723
1.7700 1.4946
1.7800 1.2312
1.7900 1.2265
1.8000 1.2032
1.8100 1.2088
1.8200 1.2013
1.8300 1.2826
1.8400 1.2837
1.8500 1.3069
1.8600 1.2023
1.8700 1.3624
1.8800 1.3095
1.8900 1.2263
1.9000 1.3080
1.9100 1.2719
1.9200 1.2914
1.9300 1.2802
1.9400 1.3080
1.9500 1.3538
1.9600 1.2447
1.9700 1.3319
1.9800 1.2703
1.9900 1.3025
2.0000 1.2257
2.0100 1.2720
2.0200 1.2514
2.0300 1.3756
2.0400 1.3333
2.0500 1.3278
2.0600 1.3434
2.0700 1.2447
2.0800 1.2127
2.0900 1.3188
2.1000 1.2951
2.1100 1.2690
2.1200 1.2089
2.1300 1.2151
2.1400 1.1910
2.1500 1.3215
2.1600 1.2416
2.1700 1.2787
2.1800 1.1639
2.1900 1.1144
2.2000 1.1795
2.2100 1.3045
2.2200 1.1454
2.2300 1.2281
2.2400 1.1681
2.2500 1.2884
2.2600 1.1764
2.2700 1.1238
2.2800 1.1025
2.2900 1.1694
2.3000 1.2705
2.3100 1.2183
2.3200 1.1723
2.3300 1.1707
2.3400 1.1903
2.3500 1.1600
2.3600 1.2286
2.3700 1.0840
2.3800 1.1689
2.3900 1.1459
2.4000 1.1272
2.4100 1.1869
2.4200 1.1341
2.4300 1.2357
2.4400 1.1403
2.4500 1.2386
2.4600 1.1634
2.4700 1.1156
2.4800 1.2046
2.4900 1.1722
2.5000 1.2052
2.5100 1.1228
2.5200 1.1855
2.5300 1.2135
2.5400 1.0805
2.5500 1.2526
2.5600 1.1215
2.5700 1.2271
2.5800 1.1351
2.5900 1.2470
2.6000 1.0562
2.6100 1.0579
2.6200 1.1521
2.6300 1.1629
2.6400 1.1910
2.6500 1.1684
2.6600 1.3712
2.6700 1.2498
2.6800 1.1611
2.6900 1.2267
2.7000 1.2052
2.7100 1.1688
2.7200 1.3066
2.7300 1.2268
2.7400 1.3798
2.7500 1.3279
2.7600 1.2781
2.7700 1.1515
2.7800 1.1597
2.7900 1.2048
2.8000 1.1001
2.8100 1.1977
2.8200 1.2364
2.8300 1.3537
2.8400 1.3066
2.8500 1.3213
2.8600 1.3150
2.8700 1.3435
2.8800 1.1920
2.8900 1.2077
2.9000 1.1543
2.9100 1.1931
2.9200 1.1430
2.9300 1.0960
2.9400 1.2079
2.9500 1.1854
2.9600 1.1572
2.9700 1.1733
2.9800 1.2020
2.9900 1.2593
3.0000 1.2687
3.0100 1.2279
3.0200 1.3419
3.0300 1.1154
3.0400 1.2479
3.0500 1.3189
3.0600 1.2690
3.0700 1.3569
3.0800 1.2809
3.0900 1.2008
3.1000 1.3763
3.1100 1.4640
3.1200 1.4369
3.1300 1.3478
3.1400 1.4154
3.1500 1.3771
3.1600 1.4221
3.1700 1.4358
3.1800 1.2598
3.1900 1.3252
3.2000 1.4001
3.2100 1.3742
3.2200 1.3505
3.2300 1.3073
3.2400 1.1999
3.2500 1.2658
3.2600 1.2341
3.2700 1.3456
3.2800 1.2077
3.2900 1.1231
3.3000 1.1948
3.3100 1.3621
3.3200 1.3147
3.3300 1.3161
3.3400 1.3415
3.3500 1.3063
3.3600 1.1838
3.3700 1.1541
3.3800 1.1693
3.3900 1.1579
3.4000 1.1322
3.4100 1.1969
3.4200 1.1698
3.4300 1.2975
3.4400 1.2603
3.4500 1.2419
3.4600 1.2777
3.4700 1.2009
3.4800 1.2723
3.4900 1.2603
3.5000 1.1862
3.5100 1.0940
3.5200 1.1610
3.5300 1.1848
3.5400 1.1683
3.5500 1.2624
3.5600 1.1090
3.5700 1.1254
3.5800 1.1759
3.5900 1.2005
3.6000 1.1820
3.6100 1.1692
3.6200 1.1673
3.6300 1.1881
3.6400 1.1688
3.6500 1.1772
3.6600 1.2334
3.6700 1.1979
3.6800 1.1577
3.6900 1.0503
3.7000 1.1764
3.7100 1.1330
3.7200 1.1528
3.7300 1.0210
3.7400 1.0927
3.7500 1.1230
3.7600 1.2094
3.7700 1.2128
3.7800 1.2510
3.7900 1.1688
3.8000 1.2569
3.8100 1.1438
3.8200 1.1392
3.8300 1.3368
3.8400 1.1308
3.8500 1.1746
3.8600 1.1704
3.8700 1.1465
3.8800 1.1686
3.8900 1.1783
3.9000 1.2470
3.9100 1.1634
3.9200 1.2368
3.9300 1.2326
3.9400 1.2655
3.9500 1.2692
3.9600 1.2884
3.9700 1.2309
3.9800 1.1565
3.9900 1.2188
4.0000 1.3061
4.0100 1.3447
4.0200 1.2348
4.0300 1.2663
4.0400 1.2303
4.0500 1.1540
4.0600 1.2031
4.0700 1.3720
4.0800 1.2640
4.0900 1.3513
4.1000 1.2332
4.1100 1.2999
4.1200 1.2871
4.1300 1.2541
4.1400 1.2115
4.1500 1.1965
4.1600 1.2681
4.1700 1.3587
4.1800 1.2693
4.1900 1.2498
4.2000 1.2496
4.2100 1.3182
4.2200 1.2217
4.2300 1.1984
4.2400 1.3926
4.2500 1.2723
4.2600 1.2509
4.2700 1.2730
4.2800 1.2622
4.2900 1.3112
4.3000 1.2897
4.3100 1.2271
4.3200 1.1507
4.3300 1.1878
4.3400 1.1960
4.3500 1.3176
4.3600 1.1921
4.3700 1.2879
4.3800 1.2764
4.3900 1.2895
4.4000 1.3380
4.4100 1.3517
4.4200 1.2656
4.4300 1.2744
4.4400 1.2457
4.4500 1.2383
4.4600 1.2473
4.4700 1.2298
4.4800 1.1929
4.4900 1.2114
4.5000 1.1348
4.5100 1.1355
4.5200 1.1722
4.5300 1.1385
4.5400 1.0994
4.5500 1.1361
4.5600 1.2096
4.5700 1.1722
4.5800 1.1479
4.5900 1.0447
4.6000 1.1059
4.6100 1.1194
4.6200 1.1188
4.6300 1.1100
4.6400 1.1020
4.6500 1.2270
4.6600 1.2790
4.6700 1.2268
4.6800 1.3032
4.6900 1.1372
4.7000 1.2687
4.7100 1.2132
4.7200 1.2418
4.7300 1.1947
4.7400 1.0810
4.7500 1.2894
4.7600 1.2808
4.7700 1.2422
4.7800 1.2905
4.7900 1.2474
4.8000 1.1142
4.8100 1.1525
4.8200 1.2072
4.8300 1.1704
4.8400 1.1630
4.8500 1.2890
4.8600 1.3326
4.8700 1.3991
4.8800 1.3537
4.8900 1.5292
4.9000 1.2915
4.9100 1.3313
4.9200 1.4570
4.9300 1.4283
4.9400 1.4544
4.9500 1.3190
4.9600 1.3003
4.9700 1.3232
4.9800 1.2724
4.9900 1.4056
5.0000 1.4373
5.0100 1.5039
5.0200 1.3998
5.0300 1.2586
5.0400 1.2645
5.0500 1.2090
5.0600 1.2355
5.0700 1.2597
5.0800 1.2379
5.0900 1.2825
5.1000 1.3282
5.1100 1.3526
5.1200 1.3355
5.1300 1.3300
5.1400 1.2552
5.1500 1.1879
5.1600 1.2599
5.1700 1.1599
5.1800 1.2197
5.1900 1.1906
5.2000 1.1674
5.2100 1.1413
5.2200 1.1225
5.2300 1.1179
5.2400 1.1278
5.2500 1.1349
5.2600 1.0671
5.2700 1.0494
5.2800 0.9752
5.2900 1.0289
5.3000 1.0973
5.3100 1.1521
5.3200 1.0685
5.3300 1.1666
5.3400 1.1629
5.3500 1.2193
5.3600 1.1971
5.3700 1.1831
5.3800 1.1694
5.3900 1.1498
5.4000 1.1392
5.4100 1.1690
5.4200 1.0922
5.4300 1.1333
5.4400 1.1294
5.4500 1.1562
5.4600 1.1616
5.4700 1.0644
5.4800 1.0920
5.4900 1.0689
5.5000 1.1569
5.5100 1.1307
5.5200 1.0988
5.5300 1.1141
5.5400 1.0670
5.5500 1.0850
5.5600 1.1655
5.5700 1.1522
5.5800 1.1449
5.5900 1.0912
5.6000 1.1549
5.6100 1.1057
5.6200 1.1589
5.6300 1.1253
5.6400 1.1956
5.6500 1.0031
5.6600 1.0753
5.6700 1.0569
5.6800 1.0033
5.6900 1.0458
5.7000 1.1330
5.7100 1.0482
5.7200 1.1270
5.7300 1.1748
5.7400 1.2707
5.7500 1.1418
5.7600 1.0994
5.7700 1.1215
5.7800 0.9826
5.7900 1.0256
5.8000 1.0211
5.8100 1.0228
5.8200 1.0778
5.8300 1.0399
5.8400 1.0597
5.8500 1.0995
5.8600 1.0345
5.8700 1.0679
5.8800 1.0133
5.8900 1.1691
5.9000 1.1669
5.9100 1.0097
5.9200 1.0435
5.9300 1.1532
5.9400 1.1021
5.9500 1.0628
5.9600 1.1793
5.9700 1.0411
5.9800 0.9954
5.9900 0.9689
6.0000 1.0092
6.0100 1.0271
6.0200 1.0286
6.0300 0.9953
6.0400 1.0731
6.0500 1.0170
6.0600 0.9687
6.0700 0.9939
6.0800 1.0327
6.0900 1.0155
6.1000 1.0000
6.1100 1.0421
6.1200 1.0632
6.1300 0.9968
6.1400 1.0762
6.1500 1.1541
6.1600 1.0688
6.1700 1.1079
6.1800 1.0219
6.1900 1.0054
6.2000 1.0810
6.2100 1.0964
6.2200 1.0092
6.2300 1.0911
6.2400 1.0230
6.2500 1.0713
6.2600 1.0813
6.2700 1.0665
6.2800 1.0976
6.2900 1.1773
6.3000 1.1044
6.3100 1.0643
6.3200 1.1388
6.3300 1.0769
6.3400 1.0406
6.3500 1.0764
6.3600 1.1306
6.3700 1.0142
6.3800 1.1162
6.3900 1.1431
6.4000 1.0312
6.4100 1.1078
6.4200 1.1126
6.4300 1.0422
6.4400 1.0759
6.4500 1.0376
6.4600 1.0958
6.4700 1.0117
6.4800 1.0770
6.4900 1.1547
6.5000 1.0363
6.5100 1.0777
6.5200 1.0154
6.5300 1.0259
6.5400 1.0957
6.5500 0.9999
6.5600 1.0495
6.5700 1.0768
6.5800 1.0507
6.5900 1.0740
6.6000 1.0999
6.6100 1.0163
6.6200 1.0917
6.6300 1.0644
6.6400 1.0603
6.6500 1.1312
6.6600 1.0775
6.6700 1.0550
6.6800 1.1065
6.6900 1.1013
6.7000 1.0989
6.7100 1.1074
6.7200 1.0799
6.7300 1.1281
6.7400 1.1184
6.7500 1.1015
6.7600 1.0946
6.7700 1.0596
6.7800 1.0649
6.7900 1.0566
6.8000 1.1250
6.8100 1.1495
6.8200 1.0992
6.8300 1.1490
6.8400 1.0888
6.8500 1.1353
6.8600 1.1243
6.8700 1.0882
6.8800 1.0777
6.8900 1.0935
6.9000 1.1078
6.9100 1.0927
6.9200 1.1919
6.9300 1.1489
6.9400 1.1416
6.9500 1.1101
6.9600 1.0663
6.9700 1.0978
6.9800 1.1075
6.9900 1.1199
7.0000 1.1409
7.0100 1.2194
7.0200 1.2139
7.0300 1.2146
7.0400 1.1897
7.0500 1.2418
7.0600 1.3157
7.0700 1.2532
7.0800 1.2073
7.0900 1.1485
7.1000 1.2882
7.1100 1.2719
7.1200 1.3442
7.1300 1.1793
7.1400 1.1939
7.1500 1.1857
7.1600 1.2480
7.1700 1.1819
7.1800 1.3085
7.1900 1.2780
7.2000 1.2005
7.2100 1.1938
7.2200 1.2061
7.2300 1.3407
7.2400 1.3352
7.2500 1.4006
7.2600 1.3296
7.2700 1.3030
7.2800 1.2438
7.2900 1.3326
7.3000 1.2892
7.3100 1.3232
7.3200 1.2651
7.3300 1.3205
7.3400 1.2679
7.3500 1.3322
7.3600 1.3049
7.3700 1.2882
7.3800 1.2723
7.3900 1.2433
7.4000 1.2655
7.4100 1.2772
7.4200 1.3335
7.4300 1.2253
7.4400 1.1634
7.4500 1.1497
7.4600 1.1516
7.4700 1.2784
7.4800 1.2670
7.4900 1.2608
7.5000 1.2947
7.5100 1.3914
7.5200 1.3726
7.5300 1.2512
7.5400 1.2695
7.5500 1.3139
7.5600 1.1683
7.5700 1.2420
7.5800 1.2512
7.5900 1.2028
7.6000 1.1694
7.6100 1.1944
7.6200 1.1482
7.6300 1.2197
7.6400 1.1910
7.6500 1.1726
7.6600 1.1615
7.6700 1.1792
7.6800 1.1585
7.6900 1.1736
7.7000 1.2266
7.7100 1.3012
7.7200 1.0980
7.7300 1.1450
7.7400 1.1613
7.7500 1.1949
7.7600 1.1470
7.7700 1.2515
7.7800 1.2302
7.7900 1.2261
7.8000 1.1979
7.8100 1.2113
7.8200 1.1963
7.8300 1.1622
7.8400 1.2537
7.8500 1.1818
7.8600 1.0960
7.8700 1.1768
7.8800 0.9946
7.8900 1.0468
7.9000 1.1754
7.9100 1.2236
7.9200 1.1216
7.9300 1.1600
7.9400 1.1648
7.9500 1.1416
7.9600 1.2092
7.9700 1.4566
7.9800 1.3934
7.9900 1.4902
8.0000 1.5200
8.0100 1.4704
8.0200 1.5352
8.0300 1.4816
8.0400 1.3267
8.0500 1.3950
8.0600 1.5386
8.0700 1.4513
8.0800 1.4942
8.0900 1.5425
8.1000 1.5339
8.1100 1.5021
8.1200 1.5249
8.1300 1.4495
8.1400 1.5318
8.1500 1.4961
8.1600 1.4667
8.1700 1.6008
8.1800 1.5243
8.1900 1.4829
8.2000 1.5592
8.2100 1.4402
8.2200 1.4724
8.2300 1.4935
8.2400 1.4318
8.2500 1.5048
8.2600 1.4173
8.2700 1.4651
8.2800 1.5039
8.2900 1.4261
8.3000 1.4713
8.3100 1.4492
8.3200 1.4699
8.3300 1.4099
8.3400 1.3818
8.3500 1.5056
8.3600 1.4417
8.3700 1.4862
8.3800 1.4182
8.3900 1.4304
8.4000 1.5104
8.4100 1.5168
8.4200 1.3981
8.4300 1.3544
8.4400 1.5291
8.4500 1.4768
8.4600 1.5330
8.4700 1.5706
8.4800 1.5856
8.4900 1.6091
8.5000 1.5279
8.5100 1.5621
8.5200 1.5198
8.5300 1.6660
8.5400 1.6014
8.5500 1.7040
8.5600 1.7693
8.5700 1.8105
8.5800 1.6765
8.5900 1.8026
8.6000 1.5149
8.6100 1.5454
8.6200 1.4866
8.6300 1.5540
8.6400 1.5060
8.6500 1.5466
8.6600 1.5641
8.6700 1.5576
8.6800 1.5664
8.6900 1.5803
8.7000 1.4468
8.7100 1.4159
8.7200 1.4297
8.7300 1.3114
8.7400 1.4385
8.7500 1.4921
8.7600 1.5431
8.7700 1.4266
8.7800 1.4657
8.7900 1.6520
8.8000 1.3756
8.8100 1.5397
8.8200 1.5326
8.8300 1.4550
8.8400 1.5334
8.8500 1.4108
8.8600 1.4072
8.8700 1.4899
8.8800 1.4766
8.8900 1.5602
8.9000 1.4874
8.9100 1.3577
8.9200 1.4514
8.9300 1.4299
8.9400 1.4351
8.9500 1.3687
8.9600 1.4075
8.9700 1.4612
8.9800 1.5287
8.9900 1.4259
9.0000 1.4216
9.0100 1.4340
9.0200 1.3178
9.0300 1.3778
9.0400 1.3773
9.0500 1.3493
9.0600 1.4049
9.0700 1.4791
9.0800 1.4223
9.0900 1.4713
9.1000 1.5208
9.1100 1.4423
9.1200 1.4857
9.1300 1.3895
9.1400 1.4630
9.1500 1.5686
9.1600 1.5285
9.1700 1.4227
9.1800 1.3055
9.1900 1.3599
9.2000 1.4544
9.2100 1.4011
9.2200 1.5475
9.2300 1.4072
9.2400 1.4712
9.2500 1.2916
9.2600 1.4370
9.2700 1.3828
9.2800 1.4798
9.2900 1.4478
9.3000 1.4657
9.3100 1.4748
9.3200 1.4309
9.3300 1.4056
9.3400 1.5640
9.3500 1.4414
9.3600 1.5464
9.3700 1.5883
9.3800 1.5210
9.3900 1.6432
9.4000 1.7098
9.4100 1.5262
9.4200 1.5968
9.4300 1.5768
9.4400 1.6080
9.4500 1.5130
9.4600 1.5971
9.4700 1.5794
9.4800 1.4355
9.4900 1.4287
9.5000 1.4574
9.5100 1.4646
9.5200 1.4414
9.5300 1.5552
9.5400 1.3870
9.5500 1.4319
9.5600 1.4354
9.5700 1.5561
9.5800 1.5442
9.5900 1.4907
9.6000 1.4470
9.6100 1.4677
9.6200 1.5024
9.6300 1.5091
9.6400 1.5260
9.6500 1.5486
9.6600 1.4615
9.6700 1.4182
9.6800 1.3476
9.6900 1.4196
9.7000 1.5524
9.7100 1.5299
9.7200 1.4386
9.7300 1.4678
9.7400 1.5082
9.7500 1.4831
9.7600 1.4315
9.7700 1.4181
9.7800 1.3986
9.7900 1.4202
9.8000 1.4899
9.8100 1.3935
9.8200 1.4197
9.8300 1.3831
9.8400 1.4681
9.8500 1.4662
9.8600 1.4457
9.8700 1.4669
9.8800 1.5286
9.8900 1.4210
9.9000 1.5302
9.9100 1.5113
9.9200 1.4395
9.9300 1.3920
9.9400 1.4991
9.9500 1.4409
9.9600 1.4198
9.9700 1.4748
9.9800 1.3888
9.9900 1.3184
10.0000 1.4509
10.0100 1.3878
10.0200 1.3116
10.0300 1.3758
10.0400 1.3269
10.0500 1.3428
10.0600 1.2726
10.0700 1.3193
10.0800 1.3710
10.0900 1.4088
10.1000 1.3595
10.1100 1.4435
10.1200 1.4749
10.1300 1.5054
10.1400 1.5050
10.1500 1.4795
10.1600 1.3805
10.1700 1.3528
10.1800 1.3221
10.1900 1.2935
10.2000 1.3565
10.2100 1.3549
10.2200 1.3841
10.2300 1.4441
10.2400 1.3563
10.2500 1.4286
10.2600 1.3687
10.2700 1.3669
10.2800 1.3653
10.2900 1.2239
10.3000 1.0605
10.3100 1.1103
10.3200 1.1245
10.3300 1.0607
10.3400 1.0504
10.3500 1.0494
10.3600 1.1555
10.3700 1.0483
10.3800 1.0474
10.3900 1.0024
10.4000 1.1423
10.4100 1.0648
10.4200 1.0628
10.4300 1.0837
10.4400 1.0701
10.4500 1.0556
10.4600 1.0943
10.4700 1.1041
10.4800 0.9647
10.4900 1.0421
10.5000 1.0306
10.5100 1.0234
10.5200 0.9950
10.5300 1.1137
10.5400 1.1168
10.5500 1.1252
10.5600 1.0908
10.5700 1.0593
10.5800 1.1989
10.5900 1.2337
10.6000 1.0629
10.6100 1.0944
10.6200 1.0663
10.6300 1.1027
10.6400 1.2018
10.6500 1.1908
10.6600 1.1147
10.6700 1.1855
10.6800 1.0830
10.6900 1.1780
10.7000 1.0875
10.7100 1.1688
10.7200 1.1255
10.7300 1.1669
10.7400 1.1581
10.7500 1.1690
10.7600 1.1414
10.7700 1.2064
10.7800 1.2396
10.7900 1.2997
10.8000 1.1088
10.8100 1.1653
10.8200 1.2288
10.8300 1.1480
10.8400 1.2452
10.8500 1.1311
10.8600 1.1096
10.8700 1.0787
10.8800 1.1910
10.8900 1.2171
10.9000 1.1561
10.9100 1.1971
10.9200 1.2577
10.9300 1.2669
10.9400 1.1828
10.9500 1.1231
10.9600 1.1399
10.9700 1.0635
10.9800 1.0652
10.9900 1.0657
11.0000 1.2017
11.0100 1.1314
11.0200 1.1908
11.0300 1.0993
11.0400 1.1877
11.0500 1.0925
11.0600 1.2271
11.0700 1.1843
11.0800 1.0934
11.0900 1.1249
11.1000 1.1985
11.1100 1.0578
11.1200 1.1190
11.1300 1.2518
11.1400 1.1812
11.1500 1.1392
11.1600 1.1702
11.1700 1.1118
11.1800 1.1372
11.1900 1.1310
11.2000 1.1052
11.2100 1.0729
11.2200 1.0589
11.2300 1.0704
11.2400 1.0529
11.2500 1.1100
11.2600 1.0577
11.2700 1.0939
11.2800 1.0447
11.2900 1.0855
11.3000 1.1460
11.3100 1.0608
11.3200 1.1009
11.3300 1.1473
11.3400 1.1365
11.3500 1.0863
11.3600 1.0802
11.3700 1.0384
11.3800 1.1465
11.3900 1.1235
11.4000 1.1316
11.4100 1.2081
11.4200 1.2165
11.4300 1.1291
11.4400 1.1467
11.4500 1.2429
11.4600 1.2743
11.4700 1.2406
11.4800 1.1895
11.4900 1.3088
11.5000 1.2348
11.5100 1.2952
11.5200 1.2467
11.5300 1.1555
11.5400 1.2308
11.5500 1.1632
11.5600 1.1999
11.5700 1.3326
11.5800 1.2713
11.5900 1.1991
11.6000 1.1233
11.6100 1.1532
11.6200 1.2131
11.6300 1.1369
11.6400 1.1357
11.6500 1.1456
11.6600 1.1841
11.6700 1.1607
11.6800 1.1678
11.6900 1.1621
11.7000 1.2101
11.7100 1.1883
11.7200 1.0550
11.7300 1.1459
11.7400 1.1471
11.7500 1.1284
11.7600 1.2058
11.7700 1.1614
11.7800 1.2793
11.7900 1.2267
11.8000 1.2109
11.8100 1.2474
11.8200 1.2278
11.8300 1.2595
11.8400 1.2556
11.8500 1.1936
11.8600 1.1876
11.8700 1.1810
11.8800 1.2634
11.8900 1.2266
11.9000 1.1399
11.9100 1.1777
11.9200 1.2326
11.9300 1.2139
11.9400 1.2198
11.9500 1.2074
11.9600 1.2042
11.9700 1.2659
11.9800 1.2495
11.9900 1.2600
12.0000 1.1790
12.0100 1.2772
12.0200 1.2104
12.0300 1.1880
12.0400 1.2544
12.0500 1.2655
12.0600 1.2294
12.0700 1.2737
12.0800 1.3184
12.0900 1.2830
12.1000 1.2170
12.1100 1.1525
12.1200 1.1743
12.1300 1.1613
12.1400 1.2153
12.1500 1.2553
12.1600 1.2479
12.1700 1.2768
12.1800 1.2721
12.1900 1.4054
12.2000 1.3149
12.2100 1.4372
12.2200 1.3250
12.2300 1.2796
12.2400 1.3177
12.2500 1.3536
12.2600 1.3178
12.2700 1.2315
12.2800 1.2182
12.2900 1.1300
12.3000 1.2465
12.3100 1.1644
12.3200 1.2513
12.3300 1.2919
12.3400 1.3310
12.3500 1.3099
12.3600 1.3854
12.3700 1.3626
12.3800 1.3368
12.3900 1.2987
12.4000 1.2818
12.4100 1.2407
12.4200 1.3066
12.4300 1.3817
12.4400 1.3235
12.4500 1.1965
12.4600 1.3211
12.4700 1.3490
12.4800 1.2698
12.4900 1.3497
12.5000 1.3762
12.5100 1.3181
12.5200 1.3894
12.5300 1.3544
12.5400 1.4037
12.5500 1.3142
12.5600 1.4376
12.5700 1.3509
12.5800 1.3969
12.5900 1.3460
12.6000 1.4460
12.6100 1.3145
12.6200 1.2939
12.6300 1.2806
12.6400 1.2769
12.6500 1.3714
12.6600 1.3727
12.6700 1.2695
12.6800 1.3224
12.6900 1.3153
12.7000 1.3492
12.7100 1.3736
12.7200 1.4641
12.7300 1.4298
12.7400 1.5138
12.7500 1.4509
12.7600 1.5596
12.7700 1.4986
12.7800 1.4661
12.7900 1.3975
12.8000 1.4574
12.8100 1.4806
12.8200 1.5750
12.8300 1.4227
12.8400 1.4157
12.8500 1.4343
12.8600 1.4164
12.8700 1.4177
12.8800 1.4148
12.8900 1.4841
12.9000 1.5301
12.9100 1.4815
12.9200 1.4547
12.9300 1.4082
12.9400 1.3962
12.9500 1.5538
12.9600 1.5806
12.9700 1.4457
12.9800 1.5492
12.9900 1.4611
13.0000 1.4994
13.0100 1.4478
13.0200 1.5034
13.0300 1.4445
13.0400 1.4786
13.0500 1.4880
13.0600 1.5336
13.0700 1.6597
13.0800 1.6304
13.0900 1.7041
13.1000 1.6668
13.1100 1.5982
13.1200 1.6623
13.1300 1.5204
13.1400 1.6497
13.1500 1.6381
13.1600 1.7233
13.1700 1.6509
13.1800 1.8301
13.1900 1.7494
13.2000 1.7507
13.2100 1.5453
13.2200 1.5543
13.2300 1.5779
13.2400 1.5532
13.2500 1.5397
13.2600 1.5791
13.2700 1.6814
13.2800 1.7492
13.2900 1.5924
13.3000 1.6109
13.3100 1.6474
13.3200 1.5901
13.3300 1.5053
13.3400 1.3842
13.3500 1.4667
13.3600 1.4683
13.3700 1.6149
13.3800 1.5760
13.3900 1.4907
13.4000 1.5841
13.4100 1.6146
13.4200 1.6316
13.4300 1.5991
13.4400 1.6123
13.4500 1.5962
13.4600 1.6025
13.4700 1.6663
13.4800 1.5887
13.4900 1.6243
13.5000 1.5748
13.5100 1.5869
13.5200 1.6319
13.5300 1.5701
13.5400 1.5534
13.5500 1.5670
13.5600 1.4770
13.5700 1.5419
13.5800 1.5839
13.5900 1.5521
13.6000 1.4546
13.6100 1.5130
13.6200 1.3917
13.6300 1.3946
13.6400 1.3890
13.6500 1.3898
13.6600 1.3197
13.6700 1.2640
13.6800 1.2987
13.6900 1.3394
13.7000 1.3631
13.7100 1.4604
13.7200 1.5084
13.7300 1.4040
13.7400 1.4868
13.7500 1.4942
13.7600 1.4096
13.7700 1.5495
13.7800 1.4499
13.7900 1.4828
13.8000 1.5438
13.8100 1.5948
13.8200 1.4574
13.8300 1.4917
13.8400 1.4999
13.8500 1.4926
13.8600 1.4234
13.8700 1.4398
13.8800 1.3296
13.8900 1.3807
13.9000 1.3731
13.9100 1.2691
13.9200 1.3335
13.9300 1.2907
13.9400 1.3117
13.9500 1.2826
13.9600 1.3803
13.9700 1.3815
13.9800 1.3281
13.9900 1.4190
14.0000 1.4526
14.0100 1.5080
14.0200 1.4066
14.0300 1.3543
14.0400 1.4021
14.0500 1.3447
14.0600 1.3488
14.0700 1.3738
14.0800 1.5001
14.0900 1.4511
14.1000 1.4084
14.1100 1.3516
14.1200 1.3737
14.1300 1.4191
14.1400 1.4082
14.1500 1.3941
14.1600 1.3852
14.1700 1.3193
14.1800 1.4462
14.1900 1.4076
14.2000 1.4107
14.2100 1.4424
14.2200 1.4383
14.2300 1.4515
14.2400 1.4225
14.2500 1.4674
14.2600 1.3490
14.2700 1.3645
14.2800 1.4071
14.2900 1.3929
14.3000 1.2916
14.3100 1.2972
14.3200 1.3781
14.3300 1.4016
14.3400 1.4217
14.3500 1.4694
14.3600 1.4541
14.3700 1.3989
14.3800 1.3557
14.3900 1.4269
14.4000 1.4294
14.4100 1.4405
14.4200 1.3434
14.4300 1.3032
14.4400 1.3152
14.4500 1.2746
14.4600 1.3372
14.4700 1.3932
14.4800 1.4113
14.4900 1.4813
14.5000 1.4055
14.5100 1.4612
14.5200 1.3947
14.5300 1.4265
14.5400 1.5351
14.5500 1.4908
14.5600 1.4749
14.5700 1.3858
14.5800 1.4089
14.5900 1.3272
14.6000 1.3901
14.6100 1.4658
14.6200 1.4486
14.6300 1.5154
14.6400 1.4329
14.6500 1.5204
14.6600 1.4501
14.6700 1.4804
14.6800 1.3992
14.6900 1.4089
14.7000 1.5295
14.7100 1.4927
14.7200 1.6351
14.7300 1.5583
14.7400 1.5482
14.7500 1.5043
14.7600 1.4638
14.7700 1.4479
14.7800 1.4892
14.7900 1.5461
14.8000 1.5989
14.8100 1.4603
14.8200 1.4686
14.8300 1.5087
14.8400 1.4162
14.8500 1.3942
14.8600 1.4496
14.8700 1.3385
14.8800 1.3325
14.8900 1.3607
14.9000 1.2794
14.9100 1.3146
14.9200 1.3858
14.9300 1.3756
14.9400 1.3089
14.9500 1.2723
14.9600 1.3292
14.9700 1.3113
14.9800 1.4249
14.9900 1.3547
15.0000 1.2911
15.0100 1.3793
15.0200 1.4296
15.0300 1.3550
15.0400 1.3575
15.0500 1.4358
15.0600 1.3952
15.0700 1.3263
15.0800 1.4878
15.0900 1.5006
15.1000 1.5427
15.1100 1.5743
15.1200 1.4533
15.1300 1.4865
15.1400 1.5913
15.1500 1.5804
15.1600 1.5647
15.1700 1.5006
15.1800 1.6096
15.1900 1.5281
15.2000 1.5041
15.2100 1.3885
15.2200 1.4382
15.2300 1.4862
15.2400 1.3381
15.2500 1.4603
15.2600 1.3408
15.2700 1.4175
15.2800 1.3744
15.2900 1.3761
15.3000 1.3570
15.3100 1.3351
15.3200 1.4014
15.3300 1.4143
15.3400 1.3523
15.3500 1.4454
15.3600 1.3369
15.3700 1.3807
15.3800 1.3796
15.3900 1.3597
15.4000 1.4663
15.4100 1.4580
15.4200 1.3185
15.4300 1.4696
15.4400 1.3830
15.4500 1.4704
15.4600 1.4187
15.4700 1.4874
15.4800 1.5262
15.4900 1.4328
15.5000 1.3382
15.5100 1.4097
15.5200 1.3815
15.5300 1.4561
15.5400 1.3907
15.5500 1.3600
15.5600 1.3995
15.5700 1.4880
15.5800 1.5295
15.5900 1.4266
15.6000 1.5410
15.6100 1.4445
15.6200 1.4244
15.6300 1.4281
15.6400 1.2747
15.6500 1.3554
15.6600 1.3324
15.6700 1.4525
15.6800 1.3960
15.6900 1.5010
15.7000 1.4970
15.7100 1.4774
15.7200 1.3387
15.7300 1.3794
15.7400 1.3817
15.7500 1.4631
15.7600 1.5089
15.7700 1.4865
15.7800 1.3798
15.7900 1.3207
15.8000 1.3704
15.8100 1.4395
15.8200 1.4701
15.8300 1.5077
15.8400 1.3948
15.8500 1.2764
15.8600 1.3097
15.8700 1.3673
15.8800 1.3487
15.8900 1.4112
15.9000 1.4597
15.9100 1.3669
15.9200 1.4045
15.9300 1.4324
15.9400 1.4026
15.9500 1.3548
15.9600 1.4199
15.9700 1.4432
15.9800 1.3282
15.9900 1.3406
16.0000 1.4256
16.0100 1.5090
16.0200 1.4837
16.0300 1.4236
16.0400 1.4707
16.0500 1.4413
16.0600 1.4607
16.0700 1.5130
16.0800 1.4930
16.0900 1.5025
16.1000 1.4616
16.1100 1.4099
16.1200 1.4381
16.1300 1.3559
16.1400 1.3837
16.1500 1.4634
16.1600 1.4461
16.1700 1.4861
16.1800 1.3963
16.1900 1.4070
16.2000 1.4368
16.2100 1.5342
16.2200 1.5170
16.2300 1.5941
16.2400 1.4479
16.2500 1.4006
16.2600 1.4623
16.2700 1.3414
16.2800 1.3514
16.2900 1.4736
16.3000 1.4377
16.3100 1.4703
16.3200 1.4837
16.3300 1.4266
16.3400 1.4025
16.3500 1.3551
16.3600 1.3903
16.3700 1.3878
16.3800 1.3467
16.3900 1.4553
16.4000 1.3755
16.4100 1.4314
16.4200 1.4021
16.4300 1.3511
16.4400 1.3931
16.4500 1.3246
16.4600 1.3784
16.4700 1.3161
16.4800 1.3339
16.4900 1.2975
16.5000 1.3214
16.5100 1.3926
16.5200 1.4110
16.5300 1.5525
16.5400 1.3593
16.5500 1.3390
16.5600 1.3530
16.5700 1.4363
16.5800 1.2992
16.5900 1.3472
16.6000 1.4009
16.6100 1.3472
16.6200 1.3355
16.6300 1.3557
16.6400 1.3663
16.6500 1.3479
16.6600 1.3619
16.6700 1.4139
16.6800 1.3884
16.6900 1.4463
16.7000 1.4190
16.7100 1.4441
16.7200 1.4972
16.7300 1.5582
16.7400 1.3903
16.7500 1.3444
16.7600 1.3140
16.7700 1.3862
16.7800 1.4597
16.7900 1.3718
16.8000 1.4180
16.8100 1.4160
16.8200 1.6193
16.8300 1.5367
16.8400 1.4099
16.8500 1.4947
16.8600 1.5281
16.8700 1.6025
16.8800 1.5528
16.8900 1.6324
16.9000 1.6537
16.9100 1.6456
16.9200 1.6550
16.9300 1.5986
16.9400 1.6355
16.9500 1.6244
16.9600 1.5879
16.9700 1.4947
16.9800 1.4526
16.9900 1.5591
17.0000 1.3832
17.0100 1.4356
17.0200 1.4865
17.0300 1.5302
17.0400 1.4825
17.0500 1.3997
17.0600 1.4114
17.0700 1.4914
17.0800 1.3842
17.0900 1.3679
17.1000 1.3851
17.1100 1.4158
17.1200 1.3707
17.1300 1.3996
17.1400 1.4541
17.1500 1.5236
17.1600 1.4498
17.1700 1.4159
17.1800 1.3352
17.1900 1.3071
17.2000 1.3570
17.2100 1.3768
17.2200 1.3520
17.2300 1.4889
17.2400 1.6358
17.2500 1.5321
17.2600 1.4890
17.2700 1.4772
17.2800 1.4642
17.2900 1.4549
17.3000 1.4471
17.3100 1.4866
17.3200 1.4826
17.3300 1.4849
17.3400 1.4769
17.3500 1.4182
17.3600 1.4476
17.3700 1.5033
17.3800 1.4383
17.3900 1.4558
17.4000 1.4987
17.4100 1.6399
17.4200 1.5677
17.4300 1.5759
17.4400 1.4650
17.4500 1.4419
17.4600 1.4754
17.4700 1.4679
17.4800 1.3887
17.4900 1.5093
17.5000 1.4929
17.5100 1.6657
17.5200 1.5369
17.5300 1.5221
17.5400 1.5612
17.5500 1.5215
17.5600 1.5730
17.5700 1.6098
17.5800 1.6168
17.5900 1.5905
17.6000 1.6107
17.6100 1.6463
17.6200 1.5989
17.6300 1.5685
17.6400 1.6599
17.6500 1.6339
17.6600 1.5102
17.6700 1.5511
17.6800 1.5975
17.6900 1.6781
17.7000 1.5660
17.7100 1.7073
17.7200 1.5836
17.7300 1.5748
17.7400 1.5245
17.7500 1.4647
17.7600 1.5274
17.7700 1.5610
17.7800 1.6778
17.7900 1.5503
17.8000 1.5942
17.8100 1.6066
17.8200 1.6932
17.8300 1.8107
17.8400 1.7630
17.8500 1.6178
17.8600 1.6957
17.8700 1.6271
17.8800 1.7178
17.8900 1.7713
17.9000 1.6239
17.9100 1.6179
17.9200 1.5706
17.9300 1.6536
17.9400 1.7289
17.9500 1.6714
17.9600 1.6669
17.9700 1.7085
17.9800 1.7923
17.9900 1.7624
18.0000 1.7783
18.0100 1.6993
18.0200 1.8385
18.0300 1.7689
18.0400 1.8191
18.0500 1.6787
18.0600 1.7201
18.0700 1.7025
18.0800 1.7460
18.0900 1.6911
18.1000 1.7216
18.1100 1.8675
18.1200 1.8440
18.1300 1.7167
18.1400 1.5493
18.1500 1.6860
18.1600 1.6683
18.1700 1.7311
18.1800 1.6517
18.1900 1.6879
18.2000 1.6485
18.2100 1.5613
18.2200 1.5982
18.2300 1.6146
18.2400 1.6073
18.2500 1.7608
18.2600 1.6137
18.2700 1.6057
18.2800 1.6812
18.2900 1.5776
18.3000 1.5514
18.3100 1.4443
18.3200 1.5372
18.3300 1.6096
18.3400 1.4527
18.3500 1.5666
18.3600 1.6586
18.3700 1.6548
18.3800 1.6585
18.3900 1.6971
18.4000 1.5888
18.4100 1.6196
18.4200 1.7051
18.4300 1.6952
18.4400 1.6691
18.4500 1.7037
18.4600 1.6967
18.4700 1.7187
18.4800 1.5848
18.4900 1.7688
18.5000 1.8260
18.5100 1.8095
18.5200 1.6882
18.5300 1.7738
18.5400 1.6700
18.5500 1.7559
18.5600 1.7601
18.5700 1.7293
18.5800 1.6486
18.5900 1.6308
18.6000 1.7462
18.6100 1.6321
18.6200 1.6029
18.6300 1.5922
18.6400 1.6677
18.6500 1.8076
18.6600 1.7675
18.6700 1.7343
18.6800 1.8242
18.6900 1.6023
18.7000 1.5856
18.7100 1.6728
18.7200 1.7122
18.7300 1.7134
18.7400 1.6772
18.7500 1.5989
18.7600 1.7074
18.7700 1.7538
18.7800 1.6835
18.7900 1.6739
18.8000 1.6808
18.8100 1.7229
18.8200 1.7283
18.8300 1.7170
18.8400 1.7108
18.8500 1.5885
18.8600 1.6600
18.8700 1.7331
18.8800 1.7619
18.8900 1.6761
18.9000 1.5932
18.9100 1.6136
18.9200 1.5569
18.9300 1.6656
18.9400 1.6551
18.9500 1.8022
18.9600 1.6914
18.9700 1.7901
18.9800 1.7670
18.9900 1.8318
19.0000 1.7535
19.0100 1.6845
19.0200 1.5646
19.0300 1.5852
19.0400 1.5402
19.0500 1.6350
19.0600 1.6724
19.0700 1.5718
19.0800 1.6228
19.0900 1.5744
19.1000 1.6020
19.1100 1.6182
19.1200 1.7173
19.1300 1.5763
19.1400 1.5697
19.1500 1.6735
19.1600 1.7577
19.1700 1.6557
19.1800 1.8142
19.1900 1.6432
19.2000 1.5684
19.2100 1.5843
19.2200 1.7011
19.2300 1.7045
19.2400 1.6657
19.2500 1.6628
19.2600 1.6265
19.2700 1.5907
19.2800 1.6914
19.2900 1.7340
19.3000 1.7401
19.3100 1.6936
19.3200 1.5901
19.3300 1.5050
19.3400 1.5569
19.3500 1.5034
19.3600 1.5504
19.3700 1.6512
19.3800 1.5288
19.3900 1.6006
19.4000 1.6665
19.4100 1.6695
19.4200 1.5906
19.4300 1.6091
19.4400 1.5353
19.4500 1.5177
19.4600 1.5700
19.4700 1.4570
19.4800 1.5022
19.4900 1.4710
19.5000 1.4927
19.5100 1.5251
19.5200 1.5294
19.5300 1.5443
19.5400 1.5874
19.5500 1.4477
19.5600 1.5886
19.5700 1.6444
19.5800 1.5965
19.5900 1.7050
19.6000 1.7283
19.6100 1.6643
19.6200 1.6523
19.6300 1.7278
19.6400 1.6254
19.6500 1.7111
19.6600 1.7297
19.6700 1.7879
19.6800 1.6792
19.6900 1.6429
19.7000 1.6111
19.7100 1.7319
19.7200 1.6287
19.7300 1.5435
19.7400 1.5744
19.7500 1.4983
19.7600 1.5911
19.7700 1.5320
19.7800 1.6489
19.7900 1.4775
19.8000 1.5456
19.8100 1.4578
19.8200 1.5670
19.8300 1.4973
19.8400 1.5754
19.8500 1.7041
19.8600 1.6864
19.8700 1.6883
19.8800 1.5967
19.8900 1.5838
19.9000 1.6663
19.9100 1.5480
19.9200 1.4981
19.9300 1.4924
19.9400 1.4442
19.9500 1.4931
19.9600 1.5723
19.9700 1.5329
19.9800 1.6087
19.9900 1.7139
20.0000 1.5698
20.0100 1.5256
20.0200 1.6948
20.0300 1.6686
20.0400 1.7354
20.0500 1.6619
20.0600 1.7159
20.0700 1.7079
20.0800 1.6889
20.0900 1.7359
20.1000 1.7519
20.1100 1.6372
20.1200 1.5913
20.1300 1.5278
20.1400 1.5460
20.1500 1.5421
20.1600 1.4633
20.1700 1.5226
20.1800 1.5542
20.1900 1.5708
20.2000 1.5864
20.2100 1.4896
20.2200 1.5615
20.2300 1.6302
20.2400 1.4789
20.2500 1.4452
20.2600 1.5579
20.2700 1.6348
20.2800 1.7129
20.2900 1.6973
20.3000 1.7070
20.3100 1.6738
20.3200 1.7771
20.3300 1.7603
20.3400 1.8078
20.3500 1.7480
20.3600 1.6454
20.3700 1.7033
20.3800 1.7803
20.3900 1.6407
20.4000 1.7230
20.4100 1.6893
20.4200 1.7227
20.4300 1.5981
20.4400 1.7717
20.4500 1.7199
20.4600 1.7944
20.4700 1.8044
20.4800 1.7981
20.4900 1.8265
20.5000 1.7408
20.5100 1.8333
20.5200 1.7071
20.5300 1.7187
20.5400 1.6916
20.5500 1.7039
20.5600 1.6065
20.5700 1.6737
20.5800 1.7264
20.5900 1.7590
20.6000 1.6410
20.6100 1.7432
20.6200 1.7354
20.6300 1.7756
20.6400 1.7658
20.6500 1.8394
20.6600 1.8721
20.6700 1.8256
20.6800 1.8946
20.6900 1.8368
20.7000 1.8461
20.7100 1.9237
20.7200 1.8087
20.7300 1.8785
20.7400 1.8318
20.7500 1.7232
20.7600 1.8810
20.7700 1.8757
20.7800 1.7973
20.7900 1.7682
20.8000 1.8579
20.8100 1.7121
20.8200 1.7543
20.8300 1.7338
20.8400 1.6965
20.8500 1.8165
20.8600 1.9021
20.8700 1.8636
20.8800 1.8230
20.8900 1.8202
20.9000 1.7700
20.9100 1.7610
20.9200 1.7803
20.9300 1.8197
20.9400 1.7387
20.9500 1.6532
20.9600 1.6775
20.9700 1.5624
20.9800 1.5873
20.9900 1.5348
21.0000 1.5939
21.0100 1.7623
21.0200 1.4979
21.0300 1.6599
21.0400 1.6352
21.0500 1.6254
21.0600 1.6468
21.0700 1.4626
21.0800 1.5973
21.0900 1.5809
21.1000 1.6124
21.1100 1.5742
21.1200 1.5744
21.1300 1.5199
21.1400 1.6794
21.1500 1.6294
21.1600 1.6030
21.1700 1.6745
21.1800 1.6118
21.1900 1.5405
21.2000 1.5188
21.2100 1.5306
21.2200 1.5516
21.2300 1.5130
21.2400 1.6831
21.2500 1.6451
21.2600 1.6801
21.2700 1.6581
21.2800 1.6573
21.2900 1.6525
21.3000 1.6285
21.3100 1.6004
21.3200 1.7208
21.3300 1.6472
21.3400 1.7635
21.3500 1.7414
21.3600 1.8276
21.3700 1.7282
21.3800 1.8756
21.3900 1.9498
21.4000 1.9884
21.4100 2.0383
21.4200 2.0984
21.4300 2.0188
21.4400 1.9761
21.4500 1.9393
21.4600 1.9140
21.4700 1.9963
21.4800 1.9787
21.4900 2.0081
21.5000 1.9720
21.5100 1.9341
21.5200 1.7919
21.5300 1.9781
21.5400 2.0201
21.5500 2.0285
21.5600 2.0236
21.5700 2.0292
21.5800 2.0113
21.5900 1.9839
21.6000 2.0525
21.6100 2.0022
21.6200 1.9398
21.6300 2.0079
21.6400 2.0085
21.6500 1.9446
21.6600 1.9742
21.6700 2.0847
21.6800 2.1368
21.6900 2.1400
21.7000 2.0557
21.7100 2.0171
21.7200 2.1682
21.7300 2.0944
21.7400 2.0021
21.7500 2.1218
21.7600 2.1457
21.7700 2.0811
21.7800 2.0141
21.7900 2.0112
21.8000 2.1400
21.8100 2.1601
21.8200 2.0989
21.8300 2.0689
21.8400 2.0756
21.8500 2.0112
21.8600 1.9441
21.8700 1.9492
21.8800 1.9133
21.8900 1.8536
21.9000 1.9398
21.9100 1.8335
21.9200 1.8328
21.9300 1.8146
21.9400 1.7774
21.9500 1.7670
21.9600 1.9878
21.9700 1.9621
21.9800 1.9158
21.9900 1.9620
22.0000 2.0049
22.0100 1.9111
22.0200 1.8846
22.0300 1.9448
22.0400 1.9012
22.0500 1.8271
22.0600 1.7657
22.0700 1.9612
22.0800 1.9535
22.0900 1.9256
22.1000 1.8810
22.1100 1.9273
22.1200 1.8924
22.1300 1.7822
22.1400 1.6790
22.1500 1.8273
22.1600 1.8437
22.1700 1.9519
22.1800 1.9246
22.1900 2.0998
22.2000 2.0623
22.2100 2.0482
22.2200 2.0366
22.2300 2.0667
22.2400 2.0993
22.2500 2.0841
22.2600 2.0274
22.2700 1.9466
22.2800 2.0371
22.2900 1.9554
22.3000 2.0152
22.3100 2.0242
22.3200 1.9301
22.3300 1.9603
22.3400 2.0918
22.3500 1.9380
22.3600 1.9102
22.3700 1.8968
22.3800 1.8624
22.3900 1.9385
22.4000 1.9567
22.4100 1.8926
22.4200 1.8952
22.4300 1.8661
22.4400 1.8894
22.4500 1.7625
22.4600 1.7387
22.4700 1.6752
22.4800 1.7984
22.4900 1.8192
22.5000 1.7230
22.5100 1.8372
22.5200 1.8861
22.5300 1.7475
22.5400 1.6710
22.5500 1.7394
22.5600 1.6297
22.5700 1.7595
22.5800 1.7272
22.5900 1.6638
22.6000 1.6396
22.6100 1.7494
22.6200 1.7999
22.6300 1.6667
22.6400 1.7176
22.6500 1.6254
22.6600 1.7229
22.6700 1.6299
22.6800 1.6977
22.6900 1.7071
22.7000 1.8842
22.7100 1.8843
22.7200 1.8534
22.7300 1.7280
22.7400 1.8859
22.7500 1.8385
22.7600 1.7988
22.7700 1.8748
22.7800 1.8649
22.7900 1.8305
22.8000 1.8075
22.8100 1.7117
22.8200 1.7879
22.8300 1.7734
22.8400 1.7770
22.8500 1.6782
22.8600 1.5802
22.8700 1.7211
22.8800 1.7716
22.8900 1.7897
22.9000 1.6900
22.9100 1.6775
22.9200 1.6945
22.9300 1.6325
22.9400 1.7189
22.9500 1.6559
22.9600 1.5666
22.9700 1.5821
22.9800 1.6456
22.9900 1.6284
23.0000 1.6662
23.0100 1.6160
23.0200 1.7255
23.0300 1.7119
23.0400 1.7709
23.0500 1.5330
23.0600 1.6039
23.0700 1.6553
23.0800 1.7155
23.0900 1.7885
23.1000 1.7040
23.1100 1.7302
23.1200 1.6747
23.1300 1.5829
23.1400 1.6204
23.1500 1.5751
23.1600 1.5725
23.1700 1.5721
23.1800 1.5811
23.1900 1.5560
23.2000 1.5844
23.2100 1.6299
23.2200 1.6568
23.2300 1.5669
23.2400 1.7041
23.2500 1.8310
23.2600 1.8869
23.2700 1.8233
23.2800 1.6999
23.2900 1.6139
23.3000 1.8193
23.3100 2.0715
23.3200 1.8703
23.3300 1.7164
23.3400 1.5575
23.3500 1.6700
23.3600 1.6342
23.3700 1.7066
23.3800 1.6148
23.3900 1.6955
23.4000 1.7872
23.4100 1.6501
23.4200 1.7192
23.4300 1.6891
23.4400 1.6651
23.4500 1.5850
23.4600 1.4891
23.4700 1.5145
23.4800 1.6221
23.4900 1.7810
23.5000 1.8346
23.5100 1.7506
23.5200 1.7237
23.5300 1.5793
23.5400 1.4743
23.5500 1.5967
23.5600 1.5968
23.5700 1.5277
23.5800 1.5153
23.5900 1.6356
23.6000 1.5248
23.6100 1.4665
23.6200 1.4189
23.6300 1.4783
23.6400 1.4954
23.6500 1.5513
23.6600 1.4881
23.6700 1.4992
23.6800 1.4806
23.6900 1.5593
23.7000 1.6161
23.7100 1.5055
23.7200 1.4285
23.7300 1.4007
23.7400 1.4932
23.7500 1.5765
23.7600 1.5408
23.7700 1.5218
23.7800 1.4952
23.7900 1.5352
23.8000 1.5416
23.8100 1.5173
23.8200 1.4579
23.8300 1.5159
23.8400 1.5177
23.8500 1.4872
23.8600 1.4978
23.8700 1.3934
23.8800 1.3829
23.8900 1.3693
23.9000 1.4464
23.9100 1.4055
23.9200 1.5125
23.9300 1.5039
23.9400 1.5153
23.9500 1.5381
23.9600 1.5142
23.9700 1.5163
23.9800 1.3776
23.9900 1.5822
24.0000 1.5599
24.0100 1.4883
24.0200 1.5162
24.0300 1.5355
24.0400 1.5604
24.0500 1.6260
24.0600 1.5184
24.0700 1.6488
24.0800 1.5665
24.0900 1.5669
24.1000 1.4955
24.1100 1.5470
24.1200 1.5697
24.1300 1.5942
24.1400 1.6687
24.1500 1.5813
24.1600 1.6052
24.1700 1.6899
24.1800 1.7212
24.1900 1.6273
24.2000 1.5663
24.2100 1.6878
24.2200 1.6469
24.2300 1.6274
24.2400 1.6626
24.2500 1.7304
24.2600 1.8410
24.2700 1.6604
24.2800 1.6894
24.2900 1.7903
24.3000 1.6306
24.3100 1.7211
24.3200 1.6956
24.3300 1.5941
24.3400 1.6888
24.3500 1.6577
24.3600 1.6637
24.3700 1.5631
24.3800 1.5549
24.3900 1.4783
24.4000 1.5129
24.4100 1.4141
24.4200 1.4137
24.4300 1.5737
24.4400 1.4146
24.4500 1.4845
24.4600 1.4854
24.4700 1.5267
24.4800 1.4851
24.4900 1.4664
24.5000 1.5222
24.5100 1.5545
24.5200 1.5348
24.5300 1.4895
24.5400 1.5242
24.5500 1.5341
24.5600 1.4757
24.5700 1.4573
24.5800 1.4793
24.5900 1.5601
24.6000 1.4654
24.6100 1.4824
24.6200 1.5896
24.6300 1.6472
24.6400 1.6377
24.6500 1.5821
24.6600 1.5460
24.6700 1.5151
24.6800 1.5267
24.6900 1.4115
24.7000 1.4371
24.7100 1.3453
24.7200 1.4808
24.7300 1.4661
24.7400 1.4992
24.7500 1.4559
24.7600 1.5005
24.7700 1.4502
24.7800 1.5013
24.7900 1.4665
24.8000 1.5107
24.8100 1.4417
24.8200 1.6358
24.8300 1.6351
24.8400 1.6344
24.8500 1.6597
24.8600 1.5293
24.8700 1.4901
24.8800 1.5008
24.8900 1.5463
24.9000 1.5724
24.9100 1.4324
24.9200 1.5151
24.9300 1.4115
24.9400 1.5028
24.9500 1.4720
24.9600 1.3980
24.9700 1.4276
24.9800 1.4769
24.9900 1.4891
25.0000 1.4681
25.0100 1.4403
25.0200 1.3623
25.0300 1.4790
25.0400 1.4521
25.0500 1.5003
25.0600 1.5432
25.0700 1.6064
25.0800 1.6096
25.0900 1.6453
25.1000 1.5586
25.1100 1.6124
25.1200 1.5983
25.1300 1.6629
25.1400 1.6420
25.1500 1.5857
25.1600 1.5346
25.1700 1.5666
25.1800 1.6372
25.1900 1.6499
25.2000 1.6944
25.2100 1.7584
25.2200 1.6353
25.2300 1.6448
25.2400 1.6266
25.2500 1.6754
25.2600 1.7653
25.2700 1.6699
25.2800 1.6959
25.2900 1.7174
25.3000 1.6145
25.3100 1.6033
25.3200 1.6673
25.3300 1.6736
25.3400 1.6420
25.3500 1.7814
25.3600 1.7391
25.3700 1.6660
25.3800 1.7078
25.3900 1.6709
25.4000 1.6778
25.4100 1.6157
25.4200 1.5724
25.4300 1.5785
25.4400 1.6131
25.4500 1.7550
25.4600 1.7112
25.4700 1.6547
25.4800 1.6415
25.4900 1.6540
25.5000 1.6860
25.5100 1.5146
25.5200 1.5712
25.5300 1.6004
25.5400 1.6355
25.5500 1.4436
25.5600 1.5736
25.5700 1.5456
25.5800 1.4944
25.5900 1.5305
25.6000 1.5413
25.6100 1.4941
25.6200 1.4837
25.6300 1.5183
25.6400 1.6667
25.6500 1.6787
25.6600 1.6838
25.6700 1.6725
25.6800 1.7262
25.6900 1.6576
25.7000 1.6697
25.7100 1.6624
25.7200 1.6146
25.7300 1.5704
25.7400 1.5942
25.7500 1.6732
25.7600 1.6103
25.7700 1.6041
25.7800 1.6494
25.7900 1.5772
25.8000 1.5841
25.8100 1.5994
25.8200 1.6317
25.8300 1.6076
25.8400 1.7233
25.8500 1.6279
25.8600 1.5388
25.8700 1.7426
25.8800 1.6640
25.8900 1.5783
25.9000 1.5755
25.9100 1.6286
25.9200 1.5946
25.9300 1.5837
25.9400 1.5407
25.9500 1.6578
25.9600 1.7851
25.9700 1.7043
25.9800 1.6702
25.9900 1.7226
26.0000 1.7273
26.0100 1.6408
26.0200 1.5821
26.0300 1.6901
26.0400 1.6251
26.0500 1.6825
26.0600 1.7661
26.0700 1.6007
26.0800 1.6467
26.0900 1.5891
26.1000 1.5530
26.1100 1.6155
26.1200 1.6295
26.1300 1.6067
26.1400 1.6282
26.1500 1.5721
26.1600 1.4929
26.1700 1.5555
26.1800 1.5757
26.1900 1.5236
26.2000 1.5685
26.2100 1.6071
26.2200 1.5940
26.2300 1.5657
26.2400 1.5978
26.2500 1.5606
26.2600 1.6043
26.2700 1.6014
26.2800 1.5453
26.2900 1.5981
26.3000 1.6676
26.3100 1.5242
26.3200 1.5828
26.3300 1.6917
26.3400 1.5331
26.3500 1.5655
26.3600 1.6779
26.3700 1.6190
26.3800 1.6847
26.3900 1.6698
26.4000 1.5479
26.4100 1.6464
26.4200 1.6213
26.4300 1.6668
26.4400 1.6735
26.4500 1.6016
26.4600 1.5570
26.4700 1.6432
26.4800 1.5994
26.4900 1.6515
26.5000 1.5764
26.5100 1.5749
26.5200 1.6007
26.5300 1.6052
26.5400 1.5710
26.5500 1.7859
26.5600 1.6048
26.5700 1.6145
26.5800 1.5368
26.5900 1.6715
26.6000 1.6335
26.6100 1.6370
26.6200 1.6668
26.6300 1.7283
26.6400 1.6172
26.6500 1.6479
26.6600 1.6886
26.6700 1.6943
26.6800 1.6893
26.6900 1.6694
26.7000 1.6299
26.7100 1.6004
26.7200 1.6229
26.7300 1.5897
26.7400 1.6608
26.7500 1.6898
26.7600 1.7461
26.7700 1.7447
26.7800 1.7467
26.7900 1.7350
26.8000 1.7578
26.8100 1.6770
26.8200 1.6782
26.8300 1.7097
26.8400 1.7745
26.8500 1.7795
26.8600 1.8360
26.8700 1.7911
26.8800 1.6247
26.8900 1.6551
26.9000 1.6713
26.9100 1.7557
26.9200 1.7445
26.9300 1.7262
26.9400 1.8170
26.9500 1.7813
26.9600 1.8146
26.9700 1.7245
26.9800 1.7156
26.9900 1.7301
27.0000 1.7118
27.0100 1.7958
27.0200 1.7991
27.0300 1.8308
27.0400 1.7490
27.0500 1.7940
27.0600 1.7836
27.0700 1.7891
27.0800 1.7079
27.0900 1.7001
27.1000 1.6387
27.1100 1.7318
27.1200 1.6067
27.1300 1.7413
27.1400 1.8661
27.1500 1.8195
27.1600 1.8332
27.1700 1.7705
27.1800 1.7525
27.1900 1.6583
27.2000 1.5848
27.2100 1.6354
27.2200 1.6032
27.2300 1.6367
27.2400 1.6854
27.2500 1.6397
27.2600 1.7300
27.2700 1.7457
27.2800 1.7713
27.2900 1.8343
27.3000 1.6681
27.3100 1.6198
27.3200 1.6503
27.3300 1.7621
27.3400 1.6155
27.3500 1.7402
27.3600 1.6098
27.3700 1.6482
27.3800 1.4726
27.3900 1.5760
27.4000 1.5999
27.4100 1.6458
27.4200 1.5780
27.4300 1.5283
27.4400 1.5689
27.4500 1.6398
27.4600 1.5525
27.4700 1.4756
27.4800 1.5182
27.4900 1.5779
27.5000 1.6336
27.5100 1.5404
27.5200 1.6040
27.5300 1.6024
27.5400 1.5690
27.5500 1.6166
27.5600 1.5611
27.5700 1.5103
27.5800 1.5423
27.5900 1.5654
27.6000 1.5695
27.6100 1.5508
27.6200 1.6476
27.6300 1.6986
27.6400 1.6033
27.6500 1.6017
27.6600 1.5111
27.6700 1.5942
27.6800 1.6317
27.6900 1.6213
27.7000 1.5736
27.7100 1.7383
27.7200 1.5337
27.7300 1.5210
27.7400 1.5781
27.7500 1.6070
27.7600 1.6063
27.7700 1.6066
27.7800 1.6167
27.7900 1.5734
27.8000 1.5938
27.8100 1.5816
27.8200 1.6044
27.8300 1.5416
27.8400 1.5896
27.8500 1.5524
27.8600 1.6887
27.8700 1.6835
27.8800 1.6547
27.8900 1.6747
27.9000 1.6835
27.9100 1.6124
27.9200 1.6705
27.9300 1.6280
27.9400 1.4975
27.9500 1.6073
27.9600 1.6292
27.9700 1.6199
27.9800 1.6396
27.9900 1.5798
28.0000 1.6379
28.0100 1.5550
28.0200 1.6579
28.0300 1.5603
28.0400 1.5426
28.0500 1.6262
28.0600 1.4504
28.0700 1.6678
28.0800 1.6192
28.0900 1.5694
28.1000 1.5055
28.1100 1.5197
28.1200 1.5672
28.1300 1.5236
28.1400 1.5472
28.1500 1.6251
28.1600 1.4995
28.1700 1.5836
28.1800 1.6034
28.1900 1.6226
28.2000 1.6648
28.2100 1.5996
28.2200 1.5385
28.2300 1.6758
28.2400 1.7374
28.2500 1.5407
28.2600 1.6216
28.2700 1.7213
28.2800 1.6809
28.2900 1.6574
28.3000 1.6495
28.3100 1.6519
28.3200 1.6355
28.3300 1.6609
28.3400 1.7796
28.3500 1.7602
28.3600 1.6533
28.3700 1.6704
28.3800 1.6464
28.3900 1.5831
28.4000 1.6198
28.4100 1.5808
28.4200 1.6407
28.4300 1.5824
28.4400 1.6909
28.4500 1.7013
28.4600 1.6229
28.4700 1.6772
28.4800 1.6054
28.4900 1.6095
28.5000 1.5946
28.5100 1.5364
28.5200 1.5372
28.5300 1.6116
28.5400 1.6487
28.5500 1.6054
28.5600 1.6199
28.5700 1.5786
28.5800 1.6075
28.5900 1.6772
28.6000 1.7580
28.6100 1.7508
28.6200 1.7258
28.6300 1.8323
28.6400 1.7036
28.6500 1.6547
28.6600 1.7751
28.6700 1.7337
28.6800 1.6249
28.6900 1.5618
28.7000 1.6851
28.7100 1.5749
28.7200 1.7558
28.7300 1.6249
28.7400 1.7201
28.7500 1.6237
28.7600 1.6475
28.7700 1.7112
28.7800 1.6592
28.7900 1.5482
28.8000 1.5688
28.8100 1.5887
28.8200 1.6619
28.8300 1.5749
28.8400 1.5685
28.8500 1.6025
28.8600 1.5919
28.8700 1.4746
28.8800 1.6280
28.8900 1.7042
28.9000 1.6207
28.9100 1.5677
28.9200 1.5087
28.9300 1.6171
28.9400 1.5652
28.9500 1.5279
28.9600 1.5184
28.9700 1.4918
28.9800 1.5255
28.9900 1.5606
29.0000 1.5517
29.0100 1.5683
29.0200 1.5424
29.0300 1.6468
29.0400 1.5839
29.0500 1.5894
29.0600 1.5187
29.0700 1.5660
29.0800 1.6234
29.0900 1.6650
29.1000 1.6634
29.1100 1.5515
29.1200 1.6209
29.1300 1.5045
29.1400 1.7027
29.1500 1.5460
29.1600 1.6994
29.1700 1.6998
29.1800 1.6285
29.1900 1.6222
29.2000 1.5164
29.2100 1.6009
29.2200 1.6183
29.2300 1.7083
29.2400 1.6668
29.2500 1.7671
29.2600 1.7760
29.2700 1.7246
29.2800 1.6897
29.2900 1.7289
29.3000 1.8559
29.3100 1.7494
29.3200 1.7932
29.3300 1.8110
29.3400 1.7174
29.3500 1.7401
29.3600 1.6940
29.3700 1.6870
29.3800 1.6568
29.3900 1.6346
29.4000 1.6350
29.4100 1.6641
29.4200 1.6588
29.4300 1.6603
29.4400 1.6426
29.4500 1.6102
29.4600 1.5788
29.4700 1.5276
29.4800 1.5550
29.4900 1.6212
29.5000 1.7013
29.5100 1.7634
29.5200 1.7709
29.5300 1.6414
29.5400 1.5669
29.5500 1.6810
29.5600 1.6382
29.5700 1.7555
29.5800 1.6574
29.5900 1.6146
29.6000 1.6330
29.6100 1.7383
29.6200 1.7634
29.6300 1.7698
29.6400 1.7600
29.6500 1.7017
29.6600 1.8070
29.6700 1.7558
29.6800 1.7981
29.6900 1.8027
29.7000 1.7447
29.7100 1.7828
29.7200 1.6764
29.7300 1.7109
29.7400 1.8204
29.7500 1.8303
29.7600 1.9386
29.7700 1.6973
29.7800 1.7018
29.7900 1.7126
29.8000 1.6903
29.8100 1.7870
29.8200 1.7755
29.8300 1.7770
29.8400 1.7424
29.8500 1.8408
29.8600 1.7018
29.8700 1.6019
29.8800 1.5198
29.8900 1.7190
29.9000 1.7144
29.9100 1.7293
29.9200 1.6053
29.9300 1.6288
29.9400 1.6814
29.9500 1.7425
29.9600 1.6933
29.9700 1.7837
29.9800 1.7468
29.9900 1.7702
30.0000 1.6863
30.0100 1.6130
30.0200 1.7585
30.0300 1.6183
30.0400 1.7396
30.0500 1.6773
30.0600 1.6693
30.0700 1.5316
30.0800 1.5697
30.0900 1.6231
30.1000 1.6615
30.1100 1.6342
30.1200 1.5982
30.1300 1.6023
30.1400 1.5971
30.1500 1.6762
30.1600 1.5628
30.1700 1.6836
30.1800 1.6415
30.1900 1.7256
30.2000 1.7389
30.2100 1.7697
30.2200 1.7028
30.2300 1.6152
30.2400 1.6664
30.2500 1.5766
30.2600 1.6484
30.2700 1.6546
30.2800 1.5837
30.2900 1.6168
30.3000 1.6342
30.3100 1.5914
30.3200 1.5443
30.3300 1.5987
30.3400 1.6942
30.3500 1.6454
30.3600 1.6153
30.3700 1.6797
30.3800 1.6156
30.3900 1.6533
30.4000 1.6143
30.4100 1.6184
30.4200 1.6099
30.4300 1.6116
30.4400 1.5294
30.4500 1.5332
30.4600 1.5542
30.4700 1.6778
30.4800 1.6863
30.4900 1.6114
30.5000 1.6469
30.5100 1.5004
30.5200 1.6520
30.5300 1.6130
30.5400 1.5609
30.5500 1.6399
30.5600 1.5909
30.5700 1.5778
30.5800 1.6189
30.5900 1.6117
30.6000 1.5473
30.6100 1.5206
30.6200 1.6642
30.6300 1.7125
30.6400 1.6400
30.6500 1.5401
30.6600 1.5330
30.6700 1.6373
30.6800 1.5720
30.6900 1.5718
30.7000 1.5212
30.7100 1.6141
30.7200 1.5545
30.7300 1.5935
30.7400 1.7173
30.7500 1.5776
30.7600 1.5808
30.7700 1.5497
30.7800 1.5828
30.7900 1.5459
30.8000 1.6075
30.8100 1.6153
30.8200 1.5683
30.8300 1.5582
30.8400 1.5368
30.8500 1.6896
30.8600 1.6782
30.8700 1.6218
30.8800 1.6490
30.8900 1.6366
30.9000 1.6887
30.9100 1.7186
30.9200 1.5799
30.9300 1.6352
30.9400 1.6094
30.9500 1.6357
30.9600 1.6494
30.9700 1.5315
30.9800 1.5261
30.9900 1.4920
31.0000 1.4428
31.0100 1.4033
31.0200 1.4658
31.0300 1.5050
31.0400 1.4728
31.0500 1.5209
31.0600 1.5620
31.0700 1.4203
31.0800 1.4190
31.0900 1.4022
31.1000 1.3304
31.1100 1.4234
31.1200 1.4691
31.1300 1.4483
31.1400 1.5541
31.1500 1.5146
31.1600 1.5815
31.1700 1.5649
31.1800 1.4965
31.1900 1.5335
31.2000 1.5806
31.2100 1.6510
31.2200 1.6070
31.2300 1.5228
31.2400 1.5873
31.2500 1.5772
31.2600 1.6330
31.2700 1.5373
31.2800 1.6170
31.2900 1.5589
31.3000 1.6428
31.3100 1.5756
31.3200 1.6490
31.3300 1.5682
31.3400 1.5575
31.3500 1.5119
31.3600 1.5616
31.3700 1.4950
31.3800 1.4956
31.3900 1.5366
31.4000 1.5338
31.4100 1.6025
31.4200 1.5787
31.4300 1.5655
31.4400 1.6287
31.4500 1.6266
31.4600 1.6683
31.4700 1.7028
31.4800 1.7196
31.4900 1.6429
31.5000 1.6582
31.5100 1.6102
31.5200 1.6626
31.5300 1.6725
31.5400 1.6328
31.5500 1.5955
31.5600 1.6471
31.5700 1.5664
31.5800 1.4850
31.5900 1.6062
31.6000 1.6143
31.6100 1.6323
31.6200 1.6027
31.6300 1.5784
31.6400 1.6035
31.6500 1.5169
31.6600 1.5609
31.6700 1.6167
31.6800 1.6777
31.6900 1.5890
31.7000 1.6337
31.7100 1.6579
31.7200 1.5660
31.7300 1.5531
31.7400 1.6067
31.7500 1.5394
31.7600 1.5657
31.7700 1.5980
31.7800 1.4862
31.7900 1.5243
31.8000 1.4879
31.8100 1.5093
31.8200 1.5382
31.8300 1.5095
31.8400 1.5449
31.8500 1.5377
31.8600 1.3942
31.8700 1.5111
31.8800 1.5208
31.8900 1.4738
31.9000 1.5052
31.9100 1.4331
31.9200 1.5637
31.9300 1.6522
31.9400 1.6833
31.9500 1.6376
31.9600 1.6741
31.9700 1.6506
31.9800 1.6635
31.9900 1.8184
32.0000 1.6964
32.0100 1.6214
32.0200 1.6577
32.0300 1.5895
32.0400 1.8089
32.0500 1.7011
32.0600 1.7708
32.0700 1.6510
32.0800 1.5968
32.0900 1.5088
32.1000 1.5099
32.1100 1.6118
32.1200 1.6766
32.1300 1.6549
32.1400 1.5860
32.1500 1.5980
32.1600 1.6554
32.1700 1.5909
32.1800 1.6938
32.1900 1.6556
32.2000 1.6172
32.2100 1.6118
32.2200 1.6452
32.2300 1.7670
32.2400 1.5731
32.2500 1.5610
32.2600 1.7417
32.2700 1.6038
32.2800 1.6895
32.2900 1.6413
32.3000 1.5941
32.3100 1.5904
32.3200 1.7031
32.3300 1.5124
32.3400 1.5230
32.3500 1.5969
32.3600 1.6033
32.3700 1.4871
32.3800 1.5293
32.3900 1.6535
32.4000 1.5919
32.4100 1.5731
32.4200 1.5032
32.4300 1.4782
32.4400 1.5555
32.4500 1.5763
32.4600 1.6627
32.4700 1.6279
32.4800 1.6845
32.4900 1.6449
32.5000 1.5738
32.5100 1.5429
32.5200 1.6779
32.5300 1.6858
32.5400 1.6931
32.5500 1.6125
32.5600 1.5042
32.5700 1.6321
32.5800 1.6134
32.5900 1.6299
32.6000 1.5853
32.6100 1.6487
32.6200 1.5938
32.6300 1.6201
32.6400 1.6115
32.6500 1.5932
32.6600 1.5570
32.6700 1.6296
32.6800 1.6455
32.6900 1.6837
32.7000 1.5952
32.7100 1.6764
32.7200 1.7042
32.7300 1.6866
32.7400 1.6297
32.7500 1.7615
32.7600 1.6840
32.7700 1.6772
32.7800 1.7480
32.7900 1.7473
32.8000 1.6690
32.8100 1.6776
32.8200 1.7074
32.8300 1.6523
32.8400 1.7182
32.8500 1.7431
32.8600 1.7416
32.8700 1.7855
32.8800 1.6870
32.8900 1.6789
32.9000 1.6147
32.9100 1.5719
32.9200 1.5925
32.9300 1.6387
32.9400 1.7147
32.9500 1.7000
32.9600 1.7771
32.9700 1.7434
32.9800 1.7707
32.9900 1.5502
33.0000 1.7431
33.0100 1.7220
33.0200 1.6414
33.0300 1.5896
33.0400 1.6045
33.0500 1.7771
33.0600 1.7998
33.0700 1.7161
33.0800 1.6966
33.0900 1.6581
33.1000 1.6313
33.1100 1.6257
33.1200 1.6965
33.1300 1.6308
33.1400 1.5494
33.1500 1.6286
33.1600 1.5132
33.1700 1.5441
33.1800 1.5165
33.1900 1.5021
33.2000 1.5501
33.2100 1.5226
33.2200 1.5779
33.2300 1.6945
33.2400 1.7193
33.2500 1.6023
33.2600 1.6091
33.2700 1.7028
33.2800 1.6012
33.2900 1.7380
33.3000 1.6374
33.3100 1.6385
33.3200 1.6775
33.3300 1.6412
33.3400 1.7797
33.3500 1.7324
33.3600 1.8444
33.3700 1.6640
33.3800 1.7433
33.3900 1.6714
33.4000 1.6013
33.4100 1.7206
33.4200 1.5961
33.4300 1.6486
33.4400 1.6627
33.4500 1.6513
33.4600 1.7053
33.4700 1.6888
33.4800 1.5985
33.4900 1.6533
33.5000 1.6458
33.5100 1.6306
33.5200 1.6634
33.5300 1.6590
33.5400 1.6818
33.5500 1.6401
33.5600 1.7385
33.5700 1.6574
33.5800 1.6141
33.5900 1.6581
33.6000 1.7532
33.6100 1.6735
33.6200 1.6190
33.6300 1.7147
33.6400 1.5950
33.6500 1.7180
33.6600 1.6465
33.6700 1.6667
33.6800 1.6183
33.6900 1.5686
33.7000 1.5438
33.7100 1.6135
33.7200 1.6112
33.7300 1.6253
33.7400 1.6307
33.7500 1.5986
33.7600 1.6070
33.7700 1.6264
33.7800 1.5995
33.7900 1.5640
33.8000 1.6095
33.8100 1.5240
33.8200 1.5716
33.8300 1.5351
33.8400 1.5948
33.8500 1.6072
33.8600 1.5286
33.8700 1.5557
33.8800 1.6487
33.8900 1.6820
33.9000 1.5956
33.9100 1.5884
33.9200 1.6179
33.9300 1.6557
33.9400 1.7066
33.9500 1.7796
33.9600 1.7084
33.9700 1.6551
33.9800 1.7252
33.9900 1.6627
34.0000 1.7160
34.0100 1.6532
34.0200 1.7620
34.0300 1.5852
34.0400 1.6898
34.0500 1.7491
34.0600 1.8103
34.0700 1.8121
34.0800 1.7358
34.0900 1.7388
34.1000 1.7411
34.1100 1.7669
34.1200 1.6978
34.1300 1.7540
34.1400 1.7125
34.1500 1.8100
34.1600 1.7398
34.1700 1.7283
34.1800 1.6599
34.1900 1.7668
34.2000 1.7446
34.2100 1.8869
34.2200 1.7856
34.2300 1.7514
34.2400 1.7515
34.2500 1.6069
34.2600 1.7432
34.2700 1.6340
34.2800 1.6372
34.2900 1.6045
34.3000 1.8055
34.3100 1.7499
34.3200 1.8227
34.3300 1.8875
34.3400 1.7610
34.3500 1.7948
34.3600 1.9037
34.3700 1.7183
34.3800 1.6635
34.3900 1.6335
34.4000 1.7407
34.4100 1.7455
34.4200 1.7770
34.4300 1.7998
34.4400 1.7963
34.4500 1.7144
34.4600 1.6158
34.4700 1.6771
34.4800 1.7175
34.4900 1.7554
34.5000 1.5824
34.5100 1.7521
34.5200 1.7528
34.5300 1.7842
34.5400 1.6907
34.5500 1.7590
34.5600 1.6157
34.5700 1.7026
34.5800 1.5975
34.5900 1.6248
34.6000 1.6088
34.6100 1.6636
34.6200 1.7234
34.6300 1.6567
34.6400 1.7182
34.6500 1.5654
34.6600 1.6246
34.6700 1.6743
34.6800 1.7509
34.6900 1.7466
34.7000 1.6606
34.7100 1.7178
34.7200 1.7953
34.7300 1.7338
34.7400 1.7754
34.7500 1.7244
34.7600 1.6479
34.7700 1.6655
34.7800 1.7001
34.7900 1.6986
34.8000 1.7158
34.8100 1.7098
34.8200 1.7419
34.8300 1.7480
34.8400 1.6552
34.8500 1.6530
34.8600 1.5270
34.8700 1.5832
34.8800 1.5002
34.8900 1.5394
34.9000 1.4444
34.9100 1.5961
34.9200 1.6190
34.9300 1.6577
34.9400 1.6763
34.9500 1.5910
34.9600 1.5862
34.9700 1.6807
34.9800 1.6758
34.9900 1.6124
35.0000 1.6215
35.0100 1.7669
35.0200 1.6990
35.0300 1.6553
35.0400 1.6787
35.0500 1.6333
35.0600 1.7516
35.0700 1.7100
35.0800 1.8875
35.0900 1.6711
35.1000 1.6711
35.1100 1.6593
35.1200 1.6415
35.1300 1.6468
35.1400 1.8133
35.1500 1.7691
35.1600 1.7213
35.1700 1.7788
35.1800 1.7204
35.1900 1.6681
35.2000 1.6613
35.2100 1.7795
35.2200 1.7116
35.2300 1.6638
35.2400 1.6736
35.2500 1.6179
35.2600 1.7198
35.2700 1.7153
35.2800 1.6831
35.2900 1.6690
35.3000 1.7594
35.3100 1.6405
35.3200 1.7866
35.3300 1.7211
35.3400 1.7244
35.3500 1.6863
35.3600 1.6564
35.3700 1.7066
35.3800 1.6513
35.3900 1.6525
35.4000 1.7152
35.4100 1.7485
35.4200 1.6124
35.4300 1.7241
35.4400 1.6261
35.4500 1.7803
35.4600 1.8741
35.4700 1.7099
35.4800 1.8258
35.4900 1.9280
35.5000 1.9663
35.5100 1.8655
35.5200 1.8930
35.5300 1.7687
35.5400 2.0101
35.5500 1.7619
35.5600 1.7132
35.5700 1.7007
35.5800 1.7659
35.5900 1.7811
35.6000 1.7763
35.6100 1.6893
35.6200 1.8027
35.6300 1.6575
35.6400 1.7636
35.6500 1.7978
35.6600 1.7564
35.6700 1.8205
35.6800 1.7058
35.6900 1.7506
35.7000 1.6850
35.7100 1.7416
35.7200 1.8189
35.7300 1.7406
35.7400 1.8007
35.7500 1.6973
35.7600 1.5741
35.7700 1.7517
35.7800 1.8974
35.7900 1.8592
35.8000 1.8830
35.8100 1.9017
35.8200 1.8441
35.8300 2.0131
35.8400 1.8640
35.8500 1.8894
35.8600 1.8718
35.8700 1.8461
35.8800 1.8212
35.8900 1.7887
35.9000 1.6688
35.9100 1.8714
35.9200 1.8247
35.9300 1.7400
35.9400 1.7015
35.9500 1.6999
35.9600 1.7902
35.9700 1.6923
35.9800 1.8086
35.9900 1.7880
36.0000 1.7153
36.0100 1.6960
36.0200 1.7861
36.0300 1.7880
36.0400 1.7262
36.0500 1.6175
36.0600 1.5835
36.0700 1.6947
36.0800 1.6243
36.0900 1.6599
36.1000 1.7196
36.1100 1.7495
36.1200 1.7073
36.1300 1.6663
36.1400 1.6293
36.1500 1.8110
36.1600 1.9039
36.1700 1.8382
36.1800 1.7945
36.1900 1.8150
36.2000 1.7634
36.2100 1.7408
36.2200 1.6889
36.2300 1.6319
36.2400 1.6086
36.2500 1.7342
36.2600 1.6493
36.2700 1.7818
36.2800 1.6696
36.2900 1.6287
36.3000 1.6999
36.3100 1.7516
36.3200 1.8088
36.3300 1.8012
36.3400 1.6384
36.3500 1.7860
36.3600 1.7569
36.3700 1.7393
36.3800 1.7739
36.3900 1.6661
36.4000 1.5988
36.4100 1.5767
36.4200 1.6192
36.4300 1.6682
36.4400 1.7116
36.4500 1.6846
36.4600 1.6571
36.4700 1.6047
36.4800 1.7243
36.4900 1.8835
36.5000 1.8802
36.5100 1.8608
36.5200 1.8124
36.5300 1.9545
36.5400 1.8582
36.5500 1.8010
36.5600 1.6240
36.5700 1.6933
36.5800 1.5867
36.5900 1.6078
36.6000 1.8296
36.6100 1.7117
36.6200 1.5882
36.6300 1.6734
36.6400 1.7865
36.6500 1.7700
36.6600 1.7194
36.6700 1.7552
36.6800 1.6773
36.6900 1.7196
36.7000 1.6697
36.7100 1.6610
36.7200 1.7800
36.7300 1.7693
36.7400 1.7698
36.7500 1.6560
36.7600 1.7462
36.7700 1.7369
36.7800 1.7168
36.7900 1.7577
36.8000 1.7259
36.8100 1.7156
36.8200 1.7915
36.8300 1.8767
36.8400 1.7422
36.8500 1.7300
36.8600 1.7792
36.8700 1.8753
36.8800 1.7947
36.8900 1.7288
36.9000 1.7381
36.9100 1.7635
36.9200 1.6644
36.9300 1.7660
36.9400 1.7651
36.9500 1.7286
36.9600 1.7494
36.9700 1.7157
36.9800 1.6427
36.9900 1.8227
37.0000 1.7625
37.0100 1.7422
37.0200 1.6785
37.0300 1.8118
37.0400 1.7746
37.0500 1.8538
37.0600 1.8749
37.0700 1.6452
37.0800 1.5610
37.0900 1.6174
37.1000 1.6185
37.1100 1.6770
37.1200 1.7464
37.1300 1.7487
37.1400 1.8118
37.1500 1.6539
37.1600 1.6632
37.1700 1.6947
37.1800 1.7343
37.1900 1.7791
37.2000 1.7758
37.2100 1.7958
37.2200 1.9077
37.2300 1.8514
37.2400 1.8936
37.2500 1.9565
37.2600 1.9348
37.2700 1.9483
37.2800 1.9196
37.2900 1.9172
37.3000 1.8664
37.3100 1.8805
37.3200 1.7382
37.3300 1.6739
37.3400 1.7315
37.3500 1.8209
37.3600 1.7064
37.3700 1.8800
37.3800 1.8073
37.3900 1.8445
37.4000 1.8469
37.4100 1.7196
37.4200 1.6266
37.4300 1.7410
37.4400 1.7410
37.4500 1.7971
37.4600 1.7257
37.4700 1.7140
37.4800 1.8104
37.4900 1.7815
37.5000 1.7738
37.5100 1.7169
37.5200 1.7976
37.5300 1.7753
37.5400 1.8268
37.5500 1.7370
37.5600 1.7228
37.5700 1.6608
37.5800 1.7638
37.5900 1.7558
37.6000 1.6522
37.6100 1.6883
37.6200 1.6831
37.6300 1.7636
37.6400 1.7945
37.6500 1.7469
37.6600 1.8270
37.6700 1.7002
37.6800 1.5887
37.6900 1.7162
37.7000 1.7958
37.7100 1.7751
37.7200 1.8060
37.7300 1.8298
37.7400 1.7575
37.7500 1.6582
37.7600 1.6996
37.7700 1.5848
37.7800 1.5812
37.7900 1.5722
37.8000 1.4792
37.8100 1.6524
37.8200 1.5546
37.8300 1.6327
37.8400 1.6202
37.8500 1.6395
37.8600 1.5971
37.8700 1.6991
37.8800 1.6624
37.8900 1.6175
37.9000 1.5917
37.9100 1.7367
37.9200 1.6981
37.9300 1.5244
37.9400 1.6557
37.9500 1.6162
37.9600 1.5694
37.9700 1.5128
37.9800 1.6431
37.9900 1.5104
38.0000 1.7305
38.0100 1.6791
38.0200 1.6954
38.0300 1.7755
38.0400 1.7394
38.0500 1.7866
38.0600 1.6175
38.0700 1.7831
38.0800 1.9016
38.0900 1.7412
38.1000 1.7798
38.1100 1.6317
38.1200 1.7032
38.1300 1.6782
38.1400 1.8100
38.1500 1.6644
38.1600 1.6344
38.1700 1.5942
38.1800 1.7039
38.1900 1.6483
38.2000 1.6243
38.2100 1.5274
38.2200 1.5573
38.2300 1.5460
38.2400 1.5559
38.2500 1.5655
38.2600 1.6534
38.2700 1.6269
38.2800 1.6809
38.2900 1.6387
38.3000 1.5658
38.3100 1.6713
38.3200 1.4847
38.3300 1.5700
38.3400 1.5054
38.3500 1.5217
38.3600 1.5065
38.3700 1.5665
38.3800 1.4792
38.3900 1.6215
38.4000 1.5121
38.4100 1.4549
38.4200 1.3984
38.4300 1.3991
38.4400 1.4371
38.4500 1.5765
38.4600 1.5504
38.4700 1.5408
38.4800 1.5390
38.4900 1.5819
38.5000 1.5876
38.5100 1.3817
38.5200 1.5256
38.5300 1.5441
38.5400 1.4943
38.5500 1.4382
38.5600 1.4753
38.5700 1.5449
38.5800 1.4621
38.5900 1.4590
38.6000 1.4175
38.6100 1.3897
38.6200 1.4547
38.6300 1.4978
38.6400 1.3390
38.6500 1.4796
38.6600 1.4824
38.6700 1.4455
38.6800 1.3360
38.6900 1.3956
38.7000 1.4097
38.7100 1.3768
38.7200 1.4438
38.7300 1.4070
38.7400 1.4222
38.7500 1.3929
38.7600 1.3553
38.7700 1.4587
38.7800 1.3118
38.7900 1.4042
38.8000 1.3584
38.8100 1.3854
38.8200 1.3655
38.8300 1.4247
38.8400 1.4402
38.8500 1.4054
38.8600 1.3879
38.8700 1.4007
38.8800 1.3718
38.8900 1.3807
38.9000 1.4137
38.9100 1.3971
38.9200 1.4640
38.9300 1.4553
38.9400 1.4315
38.9500 1.4014
38.9600 1.4082
38.9700 1.4100
38.9800 1.3973
38.9900 1.3849
39.0000 1.4127
39.0100 1.4207
39.0200 1.5057
39.0300 1.5224
39.0400 1.4997
39.0500 1.4175
39.0600 1.4642
39.0700 1.4550
39.0800 1.4796
39.0900 1.4070
39.1000 1.5207
39.1100 1.5679
39.1200 1.4852
39.1300 1.5224
39.1400 1.5150
39.1500 1.5180
39.1600 1.5928
39.1700 1.4417
39.1800 1.5277
39.1900 1.5525
39.2000 1.5555
39.2100 1.6202
39.2200 1.4524
39.2300 1.4718
39.2400 1.4417
39.2500 1.5138
39.2600 1.5085
39.2700 1.5554
39.2800 1.4623
39.2900 1.5449
39.3000 1.3967
39.3100 1.4104
39.3200 1.4025
39.3300 1.4716
39.3400 1.3721
39.3500 1.4605
39.3600 1.4317
39.3700 1.3685
39.3800 1.4074
39.3900 1.3770
39.4000 1.4242
39.4100 1.3594
39.4200 1.3214
39.4300 1.3077
39.4400 1.4549
39.4500 1.4063
39.4600 1.4376
39.4700 1.3682
39.4800 1.4790
39.4900 1.4002
39.5000 1.3762
39.5100 1.4209
39.5200 1.3236
39.5300 1.3488
39.5400 1.4084
39.5500 1.4759
39.5600 1.3943
39.5700 1.4842
39.5800 1.4850
39.5900 1.4621
39.6000 1.5407
39.6100 1.4093
39.6200 1.4524
39.6300 1.4178
39.6400 1.3287
39.6500 1.5056
39.6600 1.4453
39.6700 1.4990
39.6800 1.4595
39.6900 1.5384
39.7000 1.4649
39.7100 1.4678
39.7200 1.5377
39.7300 1.5049
39.7400 1.4864
39.7500 1.4786
39.7600 1.4209
39.7700 1.4677
39.7800 1.3664
39.7900 1.4908
39.8000 1.4691
39.8100 1.3835
39.8200 1.4943
39.8300 1.5050
39.8400 1.4878
39.8500 1.3932
39.8600 1.4948
39.8700 1.3513
39.8800 1.3617
39.8900 1.3816
39.9000 1.4618
39.9100 1.4493
39.9200 1.4313
39.9300 1.3032
39.9400 1.3926
39.9500 1.4186
39.9600 1.4460
39.9700 1.3981
39.9800 1.3853
39.9900 1.3856
40.0000 1.4103
40.0100 1.3079
40.0200 1.3447
40.0300 1.2953
40.0400 1.2651
40.0500 1.3155
40.0600 1.4090
40.0700 1.3168
40.0800 1.3560
40.0900 1.3230
40.1000 1.3116
40.1100 1.3436
40.1200 1.3467
40.1300 1.4039
40.1400 1.2971
40.1500 1.3682
40.1600 1.3692
40.1700 1.4131
40.1800 1.3610
40.1900 1.3819
40.2000 1.3905
40.2100 1.4059
40.2200 1.3973
40.2300 1.3839
40.2400 1.4740
40.2500 1.4418
40.2600 1.3875
40.2700 1.3398
40.2800 1.2883
40.2900 1.3519
40.3000 1.4323
40.3100 1.4459
40.3200 1.4383
40.3300 1.4064
40.3400 1.4014
40.3500 1.4122
40.3600 1.4046
40.3700 1.4673
40.3800 1.5133
40.3900 1.4135
40.4000 1.3591
40.4100 1.4436
40.4200 1.4407
40.4300 1.4366
40.4400 1.4606
40.4500 1.3208
40.4600 1.3041
40.4700 1.3193
40.4800 1.2474
40.4900 1.2971
40.5000 1.3077
40.5100 1.3404
40.5200 1.3340
40.5300 1.2954
40.5400 1.2561
40.5500 1.3018
40.5600 1.3378
40.5700 1.3371
40.5800 1.4109
40.5900 1.3765
40.6000 1.5012
40.6100 1.2956
40.6200 1.3544
40.6300 1.3844
40.6400 1.3975
40.6500 1.3103
40.6600 1.2694
40.6700 1.3209
40.6800 1.3279
40.6900 1.2998
40.7000 1.3980
40.7100 1.4458
40.7200 1.3474
40.7300 1.2901
40.7400 1.3908
40.7500 1.3762
40.7600 1.4150
40.7700 1.3879
40.7800 1.3559
40.7900 1.3504
40.8000 1.2558
40.8100 1.4001
40.8200 1.3878
40.8300 1.3914
40.8400 1.2687
40.8500 1.3740
40.8600 1.2926
40.8700 1.3288
40.8800 1.3796
40.8900 1.4055
40.9000 1.4116
40.9100 1.3365
40.9200 1.3992
40.9300 1.3334
40.9400 1.2487
40.9500 1.3370
40.9600 1.3752
40.9700 1.4074
40.9800 1.4518
40.9900 1.4028
41.0000 1.4455
41.0100 1.4500
41.0200 1.4417
41.0300 1.5171
41.0400 1.3714
41.0500 1.4473
41.0600 1.3242
41.0700 1.3091
41.0800 1.3098
41.0900 1.2562
41.1000 1.3833
41.1100 1.2456
41.1200 1.3514
41.1300 1.3713
41.1400 1.3937
41.1500 1.3465
41.1600 1.2630
41.1700 1.3603
41.1800 1.3535
41.1900 1.2367
41.2000 1.3911
41.2100 1.3252
41.2200 1.3471
41.2300 1.4176
41.2400 1.3474
41.2500 1.2597
41.2600 1.3709
41.2700 1.3921
41.2800 1.4012
41.2900 1.3750
41.3000 1.3430
41.3100 1.1924
41.3200 1.2868
41.3300 1.3489
41.3400 1.3437
41.3500 1.3483
41.3600 1.3556
41.3700 1.2931
41.3800 1.3210
41.3900 1.2749
41.4000 1.3087
41.4100 1.3316
41.4200 1.3256
41.4300 1.3040
41.4400 1.2468
41.4500 1.3139
41.4600 1.3466
41.4700 1.3103
41.4800 1.3196
41.4900 1.2464
41.5000 1.2472
41.5100 1.2496
41.5200 1.2880
41.5300 1.3065
41.5400 1.3353
41.5500 1.2573
41.5600 1.2102
41.5700 1.2118
41.5800 1.2820
41.5900 1.3574
41.6000 1.2416
41.6100 1.2516
41.6200 1.3383
41.6300 1.3765
41.6400 1.3434
41.6500 1.3221
41.6600 1.3233
41.6700 1.2603
41.6800 1.2665
41.6900 1.2940
41.7000 1.2767
41.7100 1.2937
41.7200 1.2887
41.7300 1.2547
41.7400 1.4154
41.7500 1.3656
41.7600 1.3578
41.7700 1.2706
41.7800 1.3202
41.7900 1.2773
41.8000 1.2517
41.8100 1.2362
41.8200 1.2384
41.8300 1.2307
41.8400 1.2382
41.8500 1.2514
41.8600 1.2570
41.8700 1.2796
41.8800 1.3600
41.8900 1.2832
41.9000 1.2798
41.9100 1.1997
41.9200 1.3789
41.9300 1.3552
41.9400 1.3911
41.9500 1.2772
41.9600 1.2943
41.9700 1.2527
41.9800 1.2460
41.9900 1.3158
42.0000 1.2751
42.0100 1.3377
42.0200 1.3002
42.0300 1.3021
42.0400 1.2515
42.0500 1.2448
42.0600 1.3443
42.0700 1.2956
42.0800 1.2422
42.0900 1.3300
42.1000 1.2634
42.1100 1.3723
42.1200 1.4365
42.1300 1.5094
42.1400 1.5297
42.1500 1.4813
42.1600 1.4097
42.1700 1.4300
42.1800 1.4131
42.1900 1.4895
42.2000 1.3170
42.2100 1.4165
42.2200 1.4164
42.2300 1.3835
42.2400 1.2904
42.2500 1.4448
42.2600 1.4259
42.2700 1.4306
42.2800 1.3588
42.2900 1.3626
42.3000 1.3632
42.3100 1.2800
42.3200 1.3054
42.3300 1.4134
42.3400 1.4641
42.3500 1.4456
42.3600 1.3627
42.3700 1.4595
42.3800 1.5297
42.3900 1.6121
42.4000 1.5281
42.4100 1.5044
42.4200 1.4654
42.4300 1.5146
42.4400 1.6084
42.4500 1.6427
42.4600 1.6587
42.4700 1.5197
42.4800 1.5390
42.4900 1.4642
42.5000 1.5798
42.5100 1.4740
42.5200 1.5882
42.5300 1.5413
42.5400 1.4722
42.5500 1.4728
42.5600 1.4836
42.5700 1.3827
42.5800 1.3984
42.5900 1.5171
42.6000 1.6016
42.6100 1.5489
42.6200 1.5768
42.6300 1.5204
42.6400 1.5021
42.6500 1.4430
42.6600 1.6079
42.6700 1.6147
42.6800 1.5530
42.6900 1.6973
42.7000 1.6940
42.7100 1.7161
42.7200 1.4899
42.7300 1.6887
42.7400 1.5218
42.7500 1.5450
42.7600 1.5324
42.7700 1.5010
42.7800 1.5899
42.7900 1.6580
42.8000 1.8095
42.8100 1.6232
42.8200 1.6357
42.8300 1.7318
42.8400 1.7961
42.8500 1.9223
42.8600 1.6517
42.8700 1.6760
42.8800 1.7345
42.8900 1.7984
42.9000 1.7643
42.9100 1.8996
42.9200 1.7612
42.9300 1.6339
42.9400 1.6583
42.9500 1.7781
42.9600 1.6177
42.9700 1.5300
42.9800 1.6522
42.9900 1.6928
43.0000 1.4927
43.0100 1.3431
43.0200 1.3843
43.0300 1.3478
43.0400 1.4101
43.0500 1.4605
43.0600 1.4486
43.0700 1.5301
43.0800 1.4670
43.0900 1.5413
43.1000 1.4916
43.1100 1.5872
43.1200 1.5750
43.1300 1.6117
43.1400 1.6721
43.1500 1.5144
43.1600 1.5858
43.1700 1.6019
43.1800 1.5899
43.1900 1.5870
43.2000 1.5450
43.2100 1.5162
43.2200 1.5202
43.2300 1.6921
43.2400 1.6419
43.2500 1.6931
43.2600 1.6936
43.2700 1.6215
43.2800 1.6165
43.2900 1.6910
43.3000 1.8149
43.3100 1.8062
43.3200 1.7418
43.3300 1.5761
43.3400 1.6225
43.3500 1.6441
43.3600 1.5592
43.3700 1.6437
43.3800 1.6083
43.3900 1.7175
43.4000 1.6410
43.4100 1.6607
43.4200 1.5474
43.4300 1.5139
43.4400 1.6377
43.4500 1.5223
43.4600 1.6662
43.4700 1.7079
43.4800 1.5414
43.4900 1.5951
43.5000 1.6483
43.5100 1.6223
43.5200 1.4972
43.5300 1.5046
43.5400 1.5429
43.5500 1.4947
43.5600 1.4956
43.5700 1.6144
43.5800 1.6543
43.5900 1.6263
43.6000 1.4589
43.6100 1.5412
43.6200 1.3801
43.6300 1.4250
43.6400 1.4162
43.6500 1.4868
43.6600 1.4583
43.6700 1.3609
43.6800 1.4127
43.6900 1.3668
43.7000 1.5064
43.7100 1.3588
43.7200 1.4067
43.7300 1.4422
43.7400 1.4583
43.7500 1.4939
43.7600 1.4810
43.7700 1.4540
43.7800 1.5683
43.7900 1.5353
43.8000 1.5929
43.8100 1.4660
43.8200 1.5242
43.8300 1.4595
43.8400 1.5180
43.8500 1.4971
43.8600 1.4876
43.8700 1.3837
43.8800 1.5428
43.8900 1.4319
43.9000 1.5624
43.9100 1.3870
43.9200 1.4721
43.9300 1.4682
43.9400 1.5399
43.9500 1.4926
43.9600 1.4361
43.9700 1.5419
43.9800 1.4724
43.9900 1.4155
44.0000 1.4696
44.0100 1.4585
44.0200 1.5636
44.0300 1.5080
44.0400 1.4089
44.0500 1.5388
44.0600 1.5393
44.0700 1.4892
44.0800 1.5503
44.0900 1.4494
44.1000 1.4335
44.1100 1.3498
44.1200 1.5283
44.1300 1.5567
44.1400 1.5714
44.1500 1.6597
44.1600 1.6797
44.1700 1.7357
44.1800 1.6774
44.1900 1.5175
44.2000 1.6175
44.2100 1.7079
44.2200 1.6650
44.2300 1.7800
44.2400 1.7985
44.2500 1.8728
44.2600 1.8088
44.2700 1.6749
44.2800 1.6562
44.2900 1.5931
44.3000 1.7056
44.3100 1.6333
44.3200 1.7198
44.3300 1.5442
44.3400 1.6203
44.3500 1.6454
44.3600 1.7034
44.3700 1.6803
44.3800 1.5793
44.3900 1.5986
44.4000 1.6023
44.4100 1.6134
44.4200 1.7023
44.4300 1.7572
44.4400 1.6390
44.4500 1.6416
44.4600 1.6301
44.4700 1.6131
44.4800 1.6212
44.4900 1.6250
44.5000 1.6874
44.5100 1.5978
44.5200 1.5906
44.5300 1.6432
44.5400 1.6264
44.5500 1.5927
44.5600 1.6839
44.5700 1.5823
44.5800 1.6581
44.5900 1.7495
44.6000 1.8103
44.6100 1.7022
44.6200 1.7225
44.6300 1.7083
44.6400 1.6650
44.6500 1.6528
44.6600 1.6815
44.6700 1.7221
44.6800 1.7561
44.6900 1.7729
44.7000 1.8886
44.7100 1.9386
44.7200 1.7030
44.7300 1.6335
44.7400 1.6918
44.7500 1.5578
44.7600 1.7653
44.7700 1.7838
44.7800 1.8317
44.7900 1.6834
44.8000 1.7257
44.8100 1.6294
44.8200 1.6525
44.8300 1.5702
44.8400 1.5557
44.8500 1.7098
44.8600 1.5950
44.8700 1.6115
44.8800 1.5925
44.8900 1.6049
44.9000 1.7012
44.9100 1.6526
44.9200 1.7559
44.9300 1.7373
44.9400 1.7158
44.9500 1.7131
44.9600 1.6898
44.9700 1.6854
44.9800 1.6788
44.9900 1.6526
45.0000 1.6509
45.0100 1.6536
45.0200 1.5858
45.0300 1.6276
45.0400 1.5835
45.0500 1.6381
45.0600 1.5347
45.0700 1.7315
45.0800 1.6778
45.0900 1.5746
45.1000 1.6464
45.1100 1.5650
45.1200 1.4834
45.1300 1.6536
45.1400 1.6535
45.1500 1.5640
45.1600 1.4918
45.1700 1.5151
45.1800 1.5917
45.1900 1.5280
45.2000 1.5610
45.2100 1.5597
45.2200 1.5681
45.2300 1.5995
45.2400 1.5694
45.2500 1.6454
45.2600 1.6530
45.2700 1.5952
45.2800 1.5127
45.2900 1.5389
45.3000 1.5881
45.3100 1.4992
45.3200 1.5874
45.3300 1.6003
45.3400 1.6387
45.3500 1.5834
45.3600 1.5703
45.3700 1.5902
45.3800 1.5567
45.3900 1.4334
45.4000 1.4441
45.4100 1.4453
45.4200 1.4774
45.4300 1.4563
45.4400 1.3854
45.4500 1.5540
45.4600 1.5044
45.4700 1.6348
45.4800 1.6193
45.4900 1.5621
45.5000 1.6707
45.5100 1.5831
45.5200 1.5566
45.5300 1.5070
45.5400 1.5525
45.5500 1.5080
45.5600 1.5414
45.5700 1.6607
45.5800 1.6088
45.5900 1.6919
45.6000 1.5006
45.6100 1.5722
45.6200 1.4353
45.6300 1.4904
45.6400 1.5383
45.6500 1.4709
45.6600 1.5700
45.6700 1.5150
45.6800 1.5009
45.6900 1.5363
45.7000 1.5436
45.7100 1.5205
45.7200 1.4836
45.7300 1.5186
45.7400 1.5627
45.7500 1.5516
45.7600 1.4804
45.7700 1.5905
45.7800 1.6137
45.7900 1.4360
45.8000 1.5295
45.8100 1.6316
45.8200 1.4863
45.8300 1.5252
45.8400 1.5464
45.8500 1.5690
45.8600 1.5930
45.8700 1.6737
45.8800 1.6302
45.8900 1.5917
45.9000 1.5916
45.9100 1.4517
45.9200 1.5716
45.9300 1.6371
45.9400 1.6099
45.9500 1.6953
45.9600 1.7484
45.9700 1.7501
45.9800 1.7826
45.9900 1.9379
46.0000 1.9476
46.0100 1.7798
46.0200 1.8105
46.0300 1.6755
46.0400 1.6996
46.0500 1.6510
46.0600 1.7686
46.0700 1.7667
46.0800 1.6248
46.0900 1.5835
46.1000 1.5602
46.1100 1.7243
46.1200 1.6986
46.1300 1.5454
46.1400 1.6789
46.1500 1.6678
46.1600 1.6081
46.1700 1.6612
46.1800 1.5427
46.1900 1.5291
46.2000 1.5996
46.2100 1.6216
46.2200 1.6141
46.2300 1.5989
46.2400 1.5096
46.2500 1.5372
46.2600 1.6626
46.2700 1.6584
46.2800 1.7192
46.2900 1.7005
46.3000 1.6486
46.3100 1.6126
46.3200 1.6661
46.3300 1.5053
46.3400 1.5249
46.3500 1.5844
46.3600 1.6249
46.3700 1.6623
46.3800 1.6605
46.3900 1.6287
46.4000 1.5834
46.4100 1.6461
46.4200 1.7348
46.4300 1.6470
46.4400 1.7072
46.4500 1.6645
46.4600 1.7097
46.4700 1.6709
46.4800 1.5989
46.4900 1.7018
46.5000 1.6328
46.5100 1.6341
46.5200 1.7270
46.5300 1.6845
46.5400 1.5967
46.5500 1.6216
46.5600 1.5076
46.5700 1.5710
46.5800 1.6200
46.5900 1.6630
46.6000 1.7983
46.6100 1.7700
46.6200 1.8373
46.6300 1.8474
46.6400 1.8595
46.6500 1.8945
46.6600 1.7457
46.6700 1.7516
46.6800 1.7732
46.6900 1.7997
46.7000 1.8415
46.7100 1.7657
46.7200 1.7481
46.7300 1.8307
46.7400 1.8185
46.7500 1.8825
46.7600 1.9524
46.7700 2.1074
46.7800 1.9320
46.7900 1.9298
46.8000 2.0999
46.8100 1.9754
46.8200 1.8634
46.8300 1.9700
46.8400 2.0306
46.8500 1.9475
46.8600 1.9718
46.8700 1.8807
46.8800 1.7904
46.8900 1.7336
46.9000 1.8467
46.9100 1.7173
46.9200 1.9478
46.9300 1.8079
46.9400 1.8286
46.9500 1.8331
46.9600 1.8527
46.9700 1.7874
46.9800 1.8791
46.9900 1.7866
47.0000 1.8339
47.0100 1.7714
47.0200 1.8294
47.0300 1.9014
47.0400 1.8809
47.0500 1.8476
47.0600 1.9293
47.0700 1.8546
47.0800 1.8514
47.0900 1.7482
47.1000 1.7439
47.1100 1.6080
47.1200 1.7120
47.1300 1.7018
47.1400 1.7146
47.1500 1.7090
47.1600 1.8128
47.1700 1.7691
47.1800 1.8064
47.1900 1.7343
47.2000 1.7328
47.2100 1.7920
47.2200 1.9688
47.2300 1.7909
47.2400 1.9253
47.2500 1.8477
47.2600 1.8905
47.2700 1.8105
47.2800 1.8609
47.2900 1.9321
47.3000 1.8061
47.3100 1.9407
47.3200 1.8499
47.3300 1.8829
47.3400 1.7932
47.3500 1.9609
47.3600 1.8948
47.3700 1.8586
47.3800 1.8681
47.3900 1.9492
47.4000 2.0063
47.4100 1.9894
47.4200 1.9413
47.4300 1.9353
47.4400 1.9098
47.4500 1.8117
47.4600 1.8979
47.4700 1.8414
47.4800 1.9454
47.4900 1.8578
47.5000 1.9468
47.5100 1.9371
47.5200 1.8013
47.5300 1.8725
47.5400 1.8570
47.5500 1.8580
47.5600 1.8977
47.5700 2.0061
47.5800 2.0663
47.5900 1.9548
47.6000 1.9731
47.6100 2.1098
47.6200 2.0210
47.6300 2.0311
47.6400 1.9893
47.6500 1.9543
47.6600 1.8876
47.6700 1.9298
47.6800 1.9041
47.6900 1.8979
47.7000 1.8241
47.7100 1.8191
47.7200 1.8722
47.7300 1.8890
47.7400 1.8964
47.7500 1.8799
47.7600 1.8990
47.7700 1.9295
47.7800 1.9882
47.7900 1.8716
47.8000 1.7831
47.8100 1.9221
47.8200 1.9894
47.8300 1.9069
47.8400 1.9317
47.8500 1.8630
47.8600 1.9428
47.8700 1.8746
47.8800 1.9555
47.8900 1.8327
47.9000 1.9046
47.9100 1.8701
47.9200 1.7737
47.9300 1.7958
47.9400 1.6966
47.9500 1.8455
47.9600 1.6815
47.9700 1.7993
47.9800 1.7969
47.9900 1.8572
48.0000 1.8306
48.0100 1.8167
48.0200 1.7030
48.0300 1.6989
48.0400 1.7283
48.0500 1.7843
48.0600 1.7526
48.0700 1.7107
48.0800 1.7622
48.0900 1.6276
48.1000 1.7637
48.1100 1.8274
48.1200 1.7117
48.1300 1.8018
48.1400 1.5709
48.1500 1.5709
48.1600 1.5870
48.1700 1.6551
48.1800 1.5005
48.1900 1.6292
48.2000 1.5833
48.2100 1.6799
48.2200 1.6760
48.2300 1.6774
48.2400 1.8216
48.2500 1.7170
48.2600 1.7561
48.2700 1.7475
48.2800 1.6867
48.2900 1.7882
48.3000 1.7248
48.3100 1.7232
48.3200 1.7327
48.3300 1.7329
48.3400 1.8105
48.3500 1.7272
48.3600 1.6792
48.3700 1.7618
48.3800 1.7741
48.3900 1.7869
48.4000 1.6670
48.4100 1.8216
48.4200 1.7517
48.4300 1.8415
48.4400 1.6053
48.4500 1.8145
48.4600 1.8157
48.4700 1.8479
48.4800 1.8504
48.4900 1.8255
48.5000 1.8281
48.5100 1.7199
48.5200 1.7082
48.5300 1.7580
48.5400 1.7337
48.5500 1.8741
48.5600 1.9027
48.5700 1.8780
48.5800 1.6676
48.5900 1.8131
48.6000 1.8482
48.6100 1.9249
48.6200 1.8770
48.6300 1.8370
48.6400 1.9441
48.6500 1.9078
48.6600 1.8456
48.6700 1.9180
48.6800 1.8136
48.6900 1.9708
48.7000 1.8908
48.7100 1.7964
48.7200 1.9035
48.7300 1.7583
48.7400 1.8351
48.7500 1.7462
48.7600 1.9236
48.7700 1.7962
48.7800 1.7936
48.7900 1.7970
48.8000 1.7852
48.8100 1.7557
48.8200 1.8486
48.8300 1.8718
48.8400 1.8095
48.8500 1.8054
48.8600 1.7991
48.8700 1.8424
48.8800 1.7829
48.8900 1.9100
48.9000 1.7595
48.9100 1.7726
48.9200 1.7775
48.9300 1.9472
48.9400 1.8434
48.9500 1.8791
48.9600 1.8774
48.9700 1.9299
48.9800 1.9833
48.9900 1.9274
49.0000 2.0671
49.0100 1.9753
49.0200 1.9760
49.0300 2.0159
49.0400 1.8513
49.0500 1.8455
49.0600 1.8552
49.0700 1.8822
49.0800 1.7841
49.0900 1.7984
49.1000 1.9635
49.1100 1.8229
49.1200 1.7649
49.1300 2.0099
49.1400 1.9053
49.1500 1.9469
49.1600 1.8617
49.1700 1.9723
49.1800 1.9077
49.1900 1.8491
49.2000 1.8756
49.2100 1.8078
49.2200 1.9108
49.2300 1.8577
49.2400 1.7966
49.2500 1.8793
49.2600 1.8237
49.2700 1.8123
49.2800 1.8115
49.2900 1.7912
49.3000 1.8911
49.3100 1.8480
49.3200 1.7360
49.3300 1.8719
49.3400 1.7471
49.3500 1.8558
49.3600 1.9666
49.3700 1.9056
49.3800 1.8316
49.3900 1.8751
49.4000 1.9368
49.4100 1.8494
49.4200 1.9486
49.4300 1.8166
49.4400 1.7643
49.4500 1.8602
49.4600 1.9435
49.4700 1.8365
49.4800 1.7684
49.4900 1.9706
49.5000 1.8486
49.5100 1.8303
49.5200 1.7909
49.5300 1.8916
49.5400 1.7850
49.5500 1.7585
49.5600 1.6616
49.5700 1.6881
49.5800 1.8742
49.5900 1.8288
49.6000 1.7481
49.6100 1.8633
49.6200 1.7064
49.6300 1.7455
49.6400 1.7565
49.6500 1.8203
49.6600 1.7178
49.6700 1.7885
49.6800 1.7904
49.6900 1.6795
49.7000 1.5478
49.7100 1.5635
49.7200 1.6361
49.7300 1.6798
49.7400 1.8065
49.7500 1.7625
49.7600 1.7349
49.7700 1.7029
49.7800 1.5567
49.7900 1.6504
49.8000 1.6255
49.8100 1.6317
49.8200 1.7419
49.8300 1.6698
49.8400 1.7362
49.8500 1.6158
49.8600 1.7365
49.8700 1.8494
49.8800 1.7165
49.8900 1.7844
49.9000 1.6997
49.9100 1.7995
49.9200 1.8457
49.9300 1.5993
49.9400 1.7427
49.9500 1.6589
49.9600 1.7636
49.9700 1.7059
49.9800 1.6228
49.9900 1.6454
50.0000 1.6982
50.0100 1.7338
50.0200 1.6898
50.0300 1.6142
50.0400 1.7731
50.0500 1.7332
50.0600 1.7476
50.0700 1.8071
50.0800 1.6589
50.0900 1.7062
50.1000 1.6092
50.1100 1.7240
50.1200 1.6459
50.1300 1.6885
50.1400 1.8212
50.1500 1.8204
50.1600 1.8165
50.1700 1.6791
50.1800 1.7072
50.1900 1.7583
50.2000 1.8007
50.2100 1.8257
50.2200 1.6955
50.2300 1.7327
50.2400 1.5293
50.2500 1.7482
50.2600 1.7793
50.2700 1.6998
50.2800 1.8203
50.2900 1.7938
50.3000 1.7102
50.3100 1.7831
50.3200 1.7838
50.3300 1.8871
50.3400 1.7380
50.3500 1.9509
50.3600 1.8923
50.3700 1.7594
50.3800 1.7572
50.3900 1.8389
50.4000 1.7480
50.4100 1.8074
50.4200 1.8737
50.4300 1.8098
50.4400 1.7875
50.4500 1.8121
50.4600 1.7973
50.4700 1.7751
50.4800 1.7851
50.4900 1.7988
50.5000 1.6433
50.5100 1.6842
50.5200 1.6913
50.5300 1.6935
50.5400 1.7879
50.5500 1.7130
50.5600 1.7018
50.5700 1.7307
50.5800 1.8654
50.5900 1.8234
50.6000 1.7989
50.6100 1.8973
50.6200 1.8104
50.6300 1.8959
50.6400 1.7921
50.6500 1.7772
50.6600 1.7149
50.6700 1.8062
50.6800 1.9132
50.6900 1.8493
50.7000 1.8030
50.7100 1.7179
50.7200 1.7044
50.7300 1.7700
50.7400 1.7696
50.7500 1.6533
50.7600 1.7905
50.7700 1.7647
50.7800 1.7701
50.7900 1.8335
50.8000 1.6773
50.8100 1.7656
50.8200 1.7118
50.8300 1.7505
50.8400 1.7525
50.8500 1.8085
50.8600 1.7579
50.8700 1.7099
50.8800 1.6660
50.8900 1.7661
50.9000 1.7618
50.9100 1.7397
50.9200 1.7385
50.9300 1.5822
50.9400 1.5972
50.9500 1.8919
50.9600 1.9063
50.9700 1.7565
50.9800 1.8749
50.9900 1.7138
51.0000 1.6884
51.0100 1.7719
51.0200 1.7176
51.0300 1.7750
51.0400 1.6753
51.0500 1.6510
51.0600 1.7919
51.0700 1.7811
51.0800 1.8164
51.0900 1.8744
51.1000 1.9260
51.1100 1.8360
51.1200 1.7446
51.1300 1.7551
51.1400 1.6771
51.1500 1.7325
51.1600 1.7198
51.1700 1.8815
51.1800 1.7997
51.1900 1.8431
51.2000 1.8758
51.2100 1.7243
51.2200 1.7627
51.2300 1.7115
51.2400 1.7892
51.2500 1.7218
51.2600 1.7475
51.2700 1.8284
51.2800 1.7700
51.2900 1.7192
51.3000 1.7379
51.3100 1.8673
51.3200 1.7373
51.3300 1.8087
51.3400 1.7467
51.3500 1.6793
51.3600 1.7887
51.3700 1.8676
51.3800 1.8383
51.3900 1.7826
51.4000 1.6925
51.4100 1.7171
51.4200 1.8263
51.4300 1.8522
51.4400 1.8289
51.4500 1.8481
51.4600 1.9053
51.4700 1.9085
51.4800 1.8443
51.4900 1.8528
51.5000 1.8083
51.5100 1.8057
51.5200 1.6955
51.5300 1.7709
51.5400 1.7802
51.5500 1.7829
51.5600 1.8580
51.5700 1.7734
51.5800 1.7486
51.5900 1.7506
51.6000 1.6941
51.6100 1.7838
51.6200 1.7604
51.6300 1.8379
51.6400 1.8524
51.6500 1.8846
51.6600 1.8354
51.6700 1.8492
51.6800 1.7359
51.6900 1.6553
51.7000 1.7190
51.7100 1.8393
51.7200 1.6551
51.7300 1.6420
51.7400 1.7702
51.7500 1.7373
51.7600 1.7849
51.7700 1.6820
51.7800 1.7254
51.7900 1.5966
51.8000 1.7578
51.8100 1.6637
51.8200 1.7136
51.8300 1.8220
51.8400 1.6819
51.8500 1.7468
51.8600 1.6932
51.8700 1.7274
51.8800 1.8024
51.8900 1.7851
51.9000 1.6819
51.9100 1.5988
51.9200 1.6502
51.9300 1.6835
51.9400 1.8950
51.9500 1.6447
51.9600 1.6386
51.9700 1.6218
51.9800 1.7315
51.9900 1.7661
52.0000 1.7133
52.0100 1.6953
52.0200 1.7876
52.0300 1.7658
52.0400 1.8038
52.0500 1.7016
52.0600 1.7785
52.0700 1.8436
52.0800 1.7946
52.0900 1.9581
52.1000 1.7903
52.1100 1.8206
52.1200 1.7242
52.1300 1.7628
52.1400 1.8847
52.1500 1.8456
52.1600 1.7367
52.1700 1.8405
52.1800 1.7488
52.1900 1.8459
52.2000 1.8500
52.2100 1.8465
52.2200 1.7252
52.2300 1.7393
52.2400 1.8812
52.2500 1.8573
52.2600 1.8026
52.2700 1.8751
52.2800 1.9604
52.2900 2.0047
52.3000 1.9361
52.3100 1.9017
52.3200 1.8154
52.3300 1.8691
52.3400 1.8238
52.3500 1.7127
52.3600 1.7478
52.3700 1.7213
52.3800 1.7359
52.3900 1.6878
52.4000 1.8152
52.4100 1.8163
52.4200 1.8075
52.4300 1.8140
52.4400 1.8442
52.4500 1.7722
52.4600 1.8131
52.4700 1.8931
52.4800 1.8881
52.4900 1.8090
52.5000 1.8066
52.5100 1.7492
52.5200 1.7627
52.5300 1.6996
52.5400 1.6818
52.5500 1.7441
52.5600 1.7900
52.5700 1.8115
52.5800 1.7988
52.5900 1.7553
52.6000 1.7638
52.6100 1.7142
52.6200 1.6264
52.6300 1.6619
52.6400 1.5798
52.6500 1.7305
52.6600 1.6975
52.6700 1.6482
52.6800 1.7114
52.6900 1.6713
52.7000 1.7168
52.7100 1.7208
52.7200 1.8018
52.7300 1.7420
52.7400 1.7426
52.7500 1.8126
52.7600 1.8332
52.7700 1.8545
52.7800 1.7152
52.7900 1.9110
52.8000 1.7447
52.8100 1.8094
52.8200 1.7896
52.8300 1.8519
52.8400 1.8216
52.8500 1.7261
52.8600 1.8083
52.8700 1.9025
52.8800 1.8771
52.8900 1.7878
52.9000 1.7486
52.9100 1.8124
52.9200 1.8499
52.9300 2.0054
52.9400 1.8103
52.9500 1.8214
52.9600 1.8051
52.9700 1.7987
52.9800 1.8935
52.9900 1.8189
53.0000 1.7937
53.0100 1.7648
53.0200 1.7493
53.0300 1.7047
53.0400 1.8533
53.0500 1.7922
53.0600 1.7612
53.0700 1.7753
53.0800 1.7299
53.0900 1.7753
53.1000 1.9024
53.1100 1.8042
53.1200 1.8752
53.1300 1.8457
53.1400 1.8515
53.1500 1.9085
53.1600 1.8923
53.1700 1.8353
53.1800 1.9506
53.1900 1.9807
53.2000 1.8975
53.2100 1.9797
53.2200 1.9688
53.2300 1.8126
53.2400 1.8053
53.2500 1.7696
53.2600 1.7528
53.2700 1.7629
53.2800 1.6872
53.2900 1.7334
53.3000 1.6344
53.3100 1.7444
53.3200 1.8539
53.3300 1.9990
53.3400 1.8281
53.3500 1.7045
53.3600 1.7882
53.3700 1.8585
53.3800 1.8472
53.3900 1.6903
53.4000 1.7479
53.4100 1.8019
53.4200 1.8483
53.4300 1.7537
53.4400 1.7329
53.4500 1.7668
53.4600 1.7917
53.4700 1.8453
53.4800 1.9985
53.4900 1.8851
53.5000 1.8502
53.5100 1.8325
53.5200 1.8366
53.5300 1.7417
53.5400 1.7452
53.5500 1.9692
53.5600 1.7169
53.5700 1.9473
53.5800 1.9742
53.5900 1.9361
53.6000 1.8385
53.6100 1.8096
53.6200 1.9686
53.6300 1.8800
53.6400 1.8844
53.6500 1.9979
53.6600 1.9071
53.6700 1.9526
53.6800 1.8918
53.6900 1.8279
53.7000 1.7820
53.7100 1.6863
53.7200 1.7510
53.7300 1.7372
53.7400 1.8068
53.7500 1.8842
53.7600 1.8760
53.7700 1.7362
53.7800 1.6281
53.7900 1.7081
53.8000 1.7676
53.8100 1.7006
53.8200 1.8987
53.8300 1.7815
53.8400 1.8109
53.8500 1.8265
53.8600 1.9333
53.8700 1.7252
53.8800 1.7757
53.8900 1.7867
53.9000 1.7507
53.9100 1.7849
53.9200 1.7434
53.9300 1.8427
53.9400 1.7622
53.9500 1.9255
53.9600 1.7437
53.9700 1.7322
53.9800 1.7259
53.9900 1.8567
54.0000 1.8743
54.0100 1.8191
54.0200 1.7452
54.0300 1.7678
54.0400 1.7183
54.0500 1.7986
54.0600 1.8289
54.0700 1.8436
54.0800 1.8074
54.0900 1.8957
54.1000 1.7870
54.1100 1.8693
54.1200 1.8648
54.1300 1.9331
54.1400 1.7781
54.1500 1.8281
54.1600 1.7587
54.1700 1.6971
54.1800 1.8294
54.1900 1.7275
54.2000 1.8673
54.2100 1.8818
54.2200 1.8403
54.2300 1.8568
54.2400 1.7426
54.2500 1.8363
54.2600 1.7905
54.2700 1.8684
54.2800 1.7867
54.2900 1.6735
54.3000 1.6755
54.3100 1.7062
54.3200 1.7533
54.3300 1.8168
54.3400 1.7158
54.3500 1.6367
54.3600 1.7423
54.3700 1.7344
54.3800 1.7318
54.3900 1.7005
54.4000 1.7574
54.4100 1.8737
54.4200 1.7340
54.4300 1.6848
54.4400 1.7306
54.4500 1.6426
54.4600 1.6737
54.4700 1.7078
54.4800 1.7210
54.4900 1.7992
54.5000 1.7905
54.5100 1.7415
54.5200 1.7903
54.5300 1.8114
54.5400 1.7613
54.5500 1.6857
54.5600 1.8086
54.5700 1.7822
54.5800 1.7718
54.5900 1.7614
54.6000 1.7947
54.6100 1.7541
54.6200 1.7865
54.6300 1.7864
54.6400 1.8023
54.6500 1.7933
54.6600 1.7981
54.6700 1.6433
54.6800 1.8128
54.6900 1.7662
54.7000 1.7689
54.7100 1.7385
54.7200 1.6817
54.7300 1.7735
54.7400 1.6554
54.7500 1.8031
54.7600 1.8286
54.7700 1.7033
54.7800 1.8237
54.7900 1.8026
54.8000 1.8056
54.8100 1.8582
54.8200 1.9372
54.8300 1.9154
54.8400 1.9537
54.8500 1.8627
54.8600 1.8299
54.8700 1.8585
54.8800 1.8499
54.8900 1.8538
54.9000 1.8369
54.9100 1.8789
54.9200 1.8753
54.9300 1.8335
54.9400 1.9230
54.9500 1.8659
54.9600 1.9227
54.9700 1.8579
54.9800 1.9040
54.9900 1.8614
55.0000 1.9385
55.0100 1.9068
55.0200 1.9151
55.0300 1.8816
55.0400 1.8913
55.0500 1.8976
55.0600 1.8260
55.0700 1.7930
55.0800 1.8565
55.0900 1.8421
55.1000 1.9213
55.1100 1.8708
55.1200 1.8545
55.1300 1.8858
55.1400 1.8980
55.1500 1.8977
55.1600 1.9488
55.1700 1.9539
55.1800 1.9263
55.1900 1.8087
55.2000 1.8288
55.2100 1.9104
55.2200 1.9453
55.2300 1.9395
55.2400 1.7924
55.2500 1.8412
55.2600 1.7955
55.2700 1.8237
55.2800 1.9250
55.2900 1.8373
55.3000 1.9054
55.3100 1.7757
55.3200 1.8006
55.3300 1.8494
55.3400 1.8583
55.3500 1.8754
55.3600 1.8710
55.3700 1.8643
55.3800 1.9103
55.3900 1.7611
55.4000 1.9090
55.4100 1.7805
55.4200 1.7629
55.4300 1.7994
55.4400 1.9432
55.4500 1.8374
55.4600 1.8912
55.4700 1.8825
55.4800 1.8784
55.4900 1.8622
55.5000 1.9534
55.5100 2.0095
55.5200 1.9984
55.5300 2.0016
55.5400 1.8367
55.5500 1.9571
55.5600 1.7785
55.5700 1.9359
55.5800 1.9390
55.5900 1.9643
55.6000 1.8191
55.6100 1.9313
55.6200 1.8821
55.6300 1.9697
55.6400 1.8947
55.6500 1.9304
55.6600 1.9440
55.6700 1.9932
55.6800 1.8529
55.6900 1.8323
55.7000 1.8896
55.7100 1.9189
55.7200 1.8429
55.7300 1.8911
55.7400 1.7848
55.7500 1.9124
55.7600 1.8674
55.7700 1.9552
55.7800 1.8571
55.7900 1.8091
55.8000 1.8808
55.8100 1.7942
55.8200 1.7675
55.8300 1.7294
55.8400 1.8463
55.8500 1.7543
55.8600 1.9008
55.8700 1.8062
55.8800 1.8120
55.8900 1.7583
55.9000 1.7568
55.9100 1.7844
55.9200 1.8058
55.9300 1.7639
55.9400 1.7934
55.9500 1.7319
55.9600 1.8566
55.9700 1.8665
55.9800 1.6638
55.9900 1.7106
56.0000 1.7475
56.0100 1.7391
56.0200 1.7304
56.0300 1.8829
56.0400 1.7277
56.0500 1.7310
56.0600 1.7629
56.0700 1.8330
56.0800 1.8959
56.0900 1.8576
56.1000 1.8846
56.1100 1.8859
56.1200 1.8479
56.1300 1.8214
56.1400 1.8170
56.1500 1.9762
56.1600 1.9222
56.1700 2.0118
56.1800 1.8693
56.1900 1.7821
56.2000 1.8052
56.2100 1.7822
56.2200 1.7282
56.2300 1.7658
56.2400 1.7219
56.2500 1.8074
56.2600 1.8563
56.2700 1.9057
56.2800 1.8531
56.2900 1.8498
56.3000 1.8796
56.3100 1.8659
56.3200 1.8850
56.3300 1.7843
56.3400 1.7611
56.3500 1.8343
56.3600 1.8213
56.3700 1.7948
56.3800 1.8304
56.3900 1.8015
56.4000 1.8416
56.4100 1.7991
56.4200 1.8728
56.4300 1.9099
56.4400 1.8516
56.4500 1.7509
56.4600 1.7955
56.4700 1.7997
56.4800 1.8747
56.4900 1.7102
56.5000 1.8871
56.5100 1.6863
56.5200 1.6616
56.5300 1.6597
56.5400 1.7469
56.5500 1.8851
56.5600 1.7991
56.5700 1.8041
56.5800 1.6407
56.5900 1.7978
56.6000 1.7105
56.6100 1.7746
56.6200 1.7854
56.6300 1.8613
56.6400 1.7610
56.6500 1.6842
56.6600 1.7375
56.6700 1.7226
56.6800 1.8912
56.6900 1.6669
56.7000 1.7392
56.7100 1.6845
56.7200 1.8113
56.7300 1.8185
56.7400 1.7431
56.7500 1.6685
56.7600 1.7162
56.7700 1.8123
56.7800 1.6895
56.7900 1.7958
56.8000 1.7278
56.8100 1.6545
56.8200 1.7048
56.8300 1.7117
56.8400 1.6844
56.8500 1.8032
56.8600 1.8102
56.8700 1.7440
56.8800 1.7985
56.8900 1.7794
56.9000 1.6929
56.9100 1.7058
56.9200 1.6958
56.9300 1.6532
56.9400 1.6673
56.9500 1.6321
56.9600 1.6374
56.9700 1.7234
56.9800 1.7107
56.9900 1.8028
57.0000 1.7564
57.0100 1.7997
57.0200 1.7912
57.0300 1.8138
57.0400 1.8141
57.0500 1.8841
57.0600 1.8010
57.0700 1.7498
57.0800 1.8878
57.0900 1.7297
57.1000 1.7913
57.1100 1.7591
57.1200 1.7531
57.1300 1.8532
57.1400 1.7683
57.1500 1.7932
57.1600 1.7723
57.1700 1.6738
57.1800 1.6390
57.1900 1.7390
57.2000 1.7340
57.2100 1.7715
57.2200 1.7350
57.2300 1.7666
57.2400 1.8656
57.2500 1.8354
57.2600 1.9005
57.2700 1.8960
57.2800 1.8857
57.2900 1.8874
57.3000 1.9140
57.3100 1.9031
57.3200 1.9289
57.3300 1.8347
57.3400 1.9359
57.3500 1.9263
57.3600 1.8580
57.3700 1.8919
57.3800 1.9920
57.3900 2.0662
57.4000 1.9851
57.4100 1.8488
57.4200 2.0163
57.4300 1.9291
57.4400 1.8301
57.4500 1.8239
57.4600 1.8205
57.4700 1.8927
57.4800 1.9581
57.4900 1.9220
57.5000 1.8309
57.5100 1.8327
57.5200 1.7328
57.5300 1.7749
57.5400 1.7484
57.5500 1.8459
57.5600 1.8155
57.5700 1.9318
57.5800 1.6677
57.5900 1.6986
57.6000 1.6480
57.6100 1.6359
57.6200 1.6662
57.6300 1.6726
57.6400 1.6741
57.6500 1.6848
57.6600 1.7249
57.6700 1.7615
57.6800 1.7844
57.6900 1.7589
57.7000 1.7603
57.7100 1.7142
57.7200 1.7468
57.7300 1.7861
57.7400 1.6649
57.7500 1.7340
57.7600 1.7346
57.7700 1.8085
57.7800 1.7014
57.7900 1.6815
57.8000 1.6957
57.8100 1.7050
57.8200 1.7210
57.8300 1.6667
57.8400 1.5449
57.8500 1.5043
57.8600 1.5865
57.8700 1.6777
57.8800 1.6437
57.8900 1.6697
57.9000 1.7712
57.9100 1.6391
57.9200 1.6535
57.9300 1.7277
57.9400 1.6942
57.9500 1.7966
57.9600 1.9025
57.9700 1.8327
57.9800 1.8194
57.9900 1.7462
58.0000 1.8270
58.0100 1.8495
58.0200 1.7450
58.0300 1.7731
58.0400 1.7772
58.0500 1.7103
58.0600 1.7156
58.0700 1.7761
58.0800 1.7331
58.0900 1.7021
58.1000 1.7849
58.1100 1.7992
58.1200 1.8412
58.1300 1.8407
58.1400 1.8873
58.1500 1.8407
58.1600 1.6990
58.1700 1.8264
58.1800 1.8887
58.1900 1.8727
58.2000 1.8132
58.2100 1.7106
58.2200 1.8867
58.2300 1.9015
58.2400 1.9161
58.2500 1.8154
58.2600 1.8366
58.2700 1.9349
58.2800 1.8956
58.2900 1.8197
58.3000 1.8123
58.3100 1.8058
58.3200 1.7666
58.3300 2.0100
58.3400 1.8877
58.3500 1.9491
58.3600 1.9157
58.3700 1.9792
58.3800 1.8928
58.3900 1.8203
58.4000 1.9694
58.4100 1.8618
58.4200 1.8651
58.4300 1.7460
58.4400 1.8025
58.4500 2.0070
58.4600 1.9451
58.4700 1.9495
58.4800 1.8812
58.4900 1.9684
58.5000 1.8028
58.5100 1.9357
58.5200 1.9805
58.5300 1.8584
58.5400 1.8263
58.5500 1.7346
58.5600 1.8439
58.5700 1.7770
58.5800 1.8940
58.5900 1.8893
58.6000 1.7545
58.6100 1.8825
58.6200 1.8736
58.6300 1.7510
58.6400 1.8392
58.6500 1.9138
58.6600 2.0033
58.6700 2.0008
58.6800 2.0125
58.6900 1.8568
58.7000 1.8868
58.7100 1.8471
58.7200 1.8147
58.7300 1.7493
58.7400 1.8342
58.7500 1.7676
58.7600 1.7768
58.7700 1.8889
58.7800 1.8406
58.7900 1.8879
58.8000 1.8582
58.8100 1.9575
58.8200 1.8890
58.8300 1.9632
58.8400 1.9697
58.8500 1.8229
58.8600 1.7244
58.8700 1.8097
58.8800 1.8999
58.8900 1.8095
58.9000 1.8452
58.9100 1.7580
58.9200 1.7796
58.9300 1.8756
58.9400 1.8174
58.9500 1.6700
58.9600 1.6395
58.9700 1.6490
58.9800 1.6603
58.9900 1.7093
59.0000 1.6300
59.0100 1.7022
59.0200 1.6782
59.0300 1.7391
59.0400 1.7503
59.0500 1.7494
59.0600 1.6871
59.0700 1.7995
59.0800 1.7460
59.0900 1.6985
59.1000 1.6890
59.1100 1.7309
59.1200 1.7158
59.1300 1.8427
59.1400 1.7149
59.1500 1.7781
59.1600 1.6979
59.1700 1.6929
59.1800 1.7982
59.1900 1.8128
59.2000 1.8179
59.2100 1.8800
59.2200 1.8588
59.2300 1.7446
59.2400 1.9100
59.2500 2.0000
59.2600 1.9892
59.2700 1.8341
59.2800 1.9962
59.2900 1.9455
59.3000 1.9039
59.3100 1.8018
59.3200 1.8982
59.3300 1.9625
59.3400 1.8859
59.3500 1.9675
59.3600 2.0511
59.3700 1.9524
59.3800 1.9433
59.3900 1.9081
59.4000 2.0338
59.4100 1.9363
59.4200 2.0404
59.4300 2.0128
59.4400 1.9313
59.4500 1.8358
59.4600 1.8746
59.4700 1.8115
59.4800 1.9083
59.4900 1.8757
59.5000 1.9394
59.5100 1.8967
59.5200 1.8380
59.5300 1.9078
59.5400 1.8695
59.5500 1.8413
59.5600 1.9223
59.5700 1.7486
59.5800 1.7687
59.5900 1.8648
59.6000 1.9249
59.6100 1.9410
59.6200 1.8929
59.6300 1.9095
59.6400 1.8970
59.6500 1.9322
59.6600 1.9199
59.6700 1.9879
59.6800 1.9107
59.6900 1.9276
59.7000 1.8441
59.7100 1.8544
59.7200 1.8641
59.7300 1.9088
59.7400 1.8381
59.7500 1.7212
59.7600 1.8159
59.7700 1.9380
59.7800 2.0539
59.7900 1.8268
59.8000 1.8065
59.8100 1.7538
59.8200 1.8619
59.8300 1.8591
59.8400 1.8136
59.8500 1.8124
59.8600 1.8392
59.8700 1.7974
59.8800 1.6906
59.8900 1.6713
59.9000 1.8126
59.9100 1.7222
59.9200 1.7658
59.9300 1.7557
59.9400 1.7626
59.9500 1.8536
59.9600 1.9001
59.9700 1.8693
59.9800 1.9275
59.9900 1.8893
60.0000 1.9047
60.0100 1.8263
60.0200 1.8416
60.0300 1.8816
60.0400 1.8338
60.0500 1.7879
60.0600 1.8538
60.0700 1.8225
60.0800 1.8140
60.0900 1.8599
60.1000 1.7649
60.1100 1.8433
60.1200 1.8671
60.1300 1.7659
60.1400 1.8783
60.1500 1.9763
60.1600 1.8177
60.1700 1.9358
60.1800 1.7751
60.1900 1.8059
60.2000 1.7511
60.2100 1.8022
60.2200 1.8266
60.2300 1.7246
60.2400 1.6586
60.2500 1.7485
60.2600 1.7617
60.2700 1.5873
60.2800 1.5783
60.2900 1.6694
60.3000 1.6073
60.3100 1.5562
60.3200 1.6879
60.3300 1.6930
60.3400 1.7715
60.3500 1.7147
60.3600 1.7033
60.3700 1.7668
60.3800 1.7649
60.3900 1.8324
60.4000 1.8429
60.4100 1.8442
60.4200 1.7365
60.4300 1.7591
60.4400 1.8261
60.4500 1.8301
60.4600 1.8441
60.4700 1.8072
60.4800 1.8701
60.4900 1.8416
60.5000 1.7924
60.5100 1.8908
60.5200 1.8142
60.5300 1.7799
60.5400 1.8217
60.5500 1.7455
60.5600 1.7490
60.5700 1.7975
60.5800 1.8496
60.5900 1.8978
60.6000 1.7685
60.6100 1.9002
60.6200 1.8495
60.6300 1.8351
60.6400 1.9550
60.6500 1.7888
60.6600 1.8806
60.6700 1.8189
60.6800 1.7794
60.6900 1.8110
60.7000 1.8402
60.7100 1.8543
60.7200 1.8851
60.7300 1.7958
60.7400 1.8753
60.7500 1.8572
60.7600 1.8279
60.7700 1.8451
60.7800 1.8800
60.7900 1.7838
60.8000 1.7780
60.8100 1.8740
60.8200 1.7921
60.8300 1.9596
60.8400 1.8895
60.8500 1.7880
60.8600 1.8232
60.8700 1.8815
60.8800 1.8255
60.8900 1.7823
60.9000 1.6842
60.9100 1.7339
60.9200 1.7254
60.9300 1.7525
60.9400 1.6925
60.9500 1.7662
60.9600 1.7364
60.9700 1.8193
60.9800 1.6663
60.9900 1.7080
61.0000 1.6972
61.0100 1.7300
61.0200 1.7355
61.0300 1.7657
61.0400 1.8579
61.0500 1.8925
61.0600 1.8744
61.0700 1.8599
61.0800 1.7778
61.0900 1.6752
61.1000 1.7635
61.1100 1.6736
61.1200 1.7686
61.1300 1.7326
61.1400 1.8729
61.1500 1.8142
61.1600 1.7717
61.1700 1.8359
61.1800 1.6832
61.1900 1.7638
61.2000 1.6921
61.2100 1.7251
61.2200 1.8167
61.2300 1.7638
61.2400 1.7969
61.2500 1.7907
61.2600 1.6761
61.2700 1.7505
61.2800 1.8263
61.2900 1.8552
61.3000 1.7259
61.3100 1.7712
61.3200 1.7469
61.3300 1.8417
61.3400 1.7238
61.3500 1.8149
61.3600 1.8149
61.3700 1.8966
61.3800 1.8783
61.3900 1.8046
61.4000 1.6982
61.4100 1.8164
61.4200 1.7299
61.4300 1.8101
61.4400 1.7742
61.4500 1.7665
61.4600 1.7934
61.4700 1.7139
61.4800 1.6912
61.4900 1.7826
61.5000 1.7492
61.5100 1.6617
61.5200 1.6876
61.5300 1.6782
61.5400 1.6949
61.5500 1.7207
61.5600 1.8031
61.5700 1.7835
61.5800 1.7249
61.5900 1.7596
61.6000 1.7946
61.6100 1.8240
61.6200 1.6919
61.6300 1.6987
61.6400 1.7310
61.6500 1.7630
61.6600 1.8136
61.6700 1.8053
61.6800 1.7433
61.6900 1.6608
61.7000 1.6925
61.7100 1.7909
61.7200 1.7189
61.7300 1.9300
61.7400 1.6696
61.7500 1.7564
61.7600 1.7367
61.7700 1.6274
61.7800 1.7690
61.7900 1.7675
61.8000 1.7659
61.8100 1.7246
61.8200 1.7738
61.8300 1.7399
61.8400 1.7369
61.8500 1.7284
61.8600 1.8411
61.8700 1.8451
61.8800 1.8743
61.8900 1.8786
61.9000 1.8119
61.9100 1.8326
61.9200 1.8274
61.9300 1.8691
61.9400 1.7723
61.9500 1.7305
61.9600 1.7507
61.9700 1.7104
61.9800 1.7692
61.9900 1.7644
62.0000 1.6785
62.0100 1.6907
62.0200 1.7400
62.0300 1.6149
62.0400 1.6669
62.0500 1.7574
62.0600 1.6933
62.0700 1.7325
62.0800 1.6360
62.0900 1.6244
62.1000 1.6061
62.1100 1.6255
62.1200 1.5721
62.1300 1.5814
62.1400 1.6529
62.1500 1.7641
62.1600 1.7489
62.1700 1.8304
62.1800 1.7902
62.1900 1.8119
62.2000 1.7245
62.2100 1.6842
62.2200 1.8311
62.2300 1.8396
62.2400 1.8549
62.2500 1.8717
62.2600 1.8146
62.2700 1.7255
62.2800 1.6584
62.2900 1.6288
62.3000 1.7880
62.3100 1.8159
62.3200 1.8757
62.3300 1.7629
62.3400 1.6692
62.3500 1.7675
62.3600 1.7312
62.3700 1.7839
62.3800 1.7621
62.3900 1.8442
62.4000 1.8960
62.4100 1.7946
62.4200 1.8879
62.4300 1.8902
62.4400 1.6190
62.4500 1.7984
62.4600 1.6980
62.4700 1.6683
62.4800 1.7034
62.4900 1.7387
62.5000 1.7233
62.5100 1.7684
62.5200 1.7427
62.5300 1.7964
62.5400 1.7164
62.5500 1.7864
62.5600 1.8754
62.5700 1.8289
62.5800 1.7881
62.5900 1.7842
62.6000 1.7851
62.6100 1.7376
62.6200 1.8078
62.6300 1.7233
62.6400 1.7195
62.6500 1.8553
62.6600 1.7348
62.6700 1.7598
62.6800 1.6137
62.6900 1.5974
62.7000 1.5681
62.7100 1.5995
62.7200 1.6605
62.7300 1.5898
62.7400 1.5967
62.7500 1.6364
62.7600 1.6701
62.7700 1.6593
62.7800 1.6983
62.7900 1.7863
62.8000 1.7591
62.8100 1.7594
62.8200 1.6888
62.8300 1.6348
62.8400 1.7231
62.8500 1.6841
62.8600 1.7640
62.8700 1.7042
62.8800 1.7686
62.8900 1.8329
62.9000 1.7249
62.9100 1.6980
62.9200 1.7075
62.9300 1.7696
62.9400 1.7033
62.9500 1.6608
62.9600 1.8392
62.9700 1.6520
62.9800 1.6044
62.9900 1.5977
63.0000 1.7469
63.0100 1.6383
63.0200 1.6144
63.0300 1.6605
63.0400 1.6997
63.0500 1.8253
63.0600 1.6860
63.0700 1.7177
63.0800 1.6568
63.0900 1.7014
63.1000 1.6571
63.1100 1.6343
63.1200 1.7066
63.1300 1.6349
63.1400 1.6219
63.1500 1.7099
63.1600 1.6966
63.1700 1.6812
63.1800 1.6829
63.1900 1.7319
63.2000 1.7038
63.2100 1.6565
63.2200 1.7203
63.2300 1.7738
63.2400 1.7957
63.2500 1.7020
63.2600 1.7135
63.2700 1.6991
63.2800 1.8013
63.2900 1.7044
63.3000 1.7382
63.3100 1.7331
63.3200 1.6797
63.3300 1.6651
63.3400 1.5725
63.3500 1.7508
63.3600 1.7843
63.3700 1.7707
63.3800 1.6892
63.3900 1.7667
63.4000 1.7442
63.4100 1.7879
63.4200 1.6800
63.4300 1.6496
63.4400 1.7571
63.4500 1.7097
63.4600 1.7670
63.4700 1.7034
63.4800 1.8582
63.4900 1.8644
63.5000 1.7184
63.5100 1.7714
63.5200 1.7278
63.5300 1.7997
63.5400 1.8528
63.5500 1.7683
63.5600 1.6931
63.5700 1.7932
63.5800 1.7312
63.5900 1.8249
63.6000 1.7835
63.6100 1.6903
63.6200 1.6912
63.6300 1.6826
63.6400 1.7309
63.6500 1.6933
63.6600 1.8009
63.6700 1.7521
63.6800 1.7425
63.6900 1.8540
63.7000 1.7676
63.7100 1.7251
63.7200 1.7185
63.7300 1.7507
63.7400 1.7470
63.7500 1.7246
63.7600 1.6215
63.7700 1.7615
63.7800 1.6843
63.7900 1.6935
63.8000 1.7549
63.8100 1.7248
63.8200 1.7465
63.8300 1.6572
63.8400 1.6459
63.8500 1.6318
63.8600 1.7576
63.8700 1.8013
63.8800 1.7465
63.8900 1.7768
63.9000 1.8098
63.9100 1.7658
63.9200 1.8002
63.9300 1.8639
63.9400 1.8585
63.9500 1.7698
63.9600 1.6749
63.9700 1.6980
63.9800 1.6271
63.9900 1.8220
64.0000 1.7854
64.0100 1.7303
64.0200 1.8792
64.0300 1.7243
64.0400 1.7935
64.0500 1.7684
64.0600 1.7386
64.0700 1.6776
64.0800 1.6585
64.0900 1.5898
64.1000 1.5290
64.1100 1.5612
64.1200 1.6133
64.1300 1.6278
64.1400 1.8295
64.1500 1.7636
64.1600 1.7848
64.1700 1.7342
64.1800 1.6502
64.1900 1.8701
64.2000 1.7588
64.2100 1.8067
64.2200 1.8458
64.2300 1.7957
64.2400 1.7334
64.2500 1.7268
64.2600 1.8575
64.2700 1.7015
64.2800 1.6403
64.2900 1.6198
64.3000 1.6196
64.3100 1.6216
64.3200 1.6283
64.3300 1.6213
64.3400 1.6823
64.3500 1.5704
64.3600 1.6508
64.3700 1.5236
64.3800 1.5887
64.3900 1.5866
64.4000 1.6202
64.4100 1.6506
64.4200 1.6431
64.4300 1.6758
64.4400 1.6680
64.4500 1.8592
64.4600 1.7491
64.4700 1.6585
64.4800 1.7380
64.4900 1.7602
64.5000 1.7970
64.5100 1.6697
64.5200 1.6655
64.5300 1.7795
64.5400 1.6628
64.5500 1.6189
64.5600 1.6673
64.5700 1.7417
64.5800 1.7683
64.5900 1.7343
64.6000 1.6803
64.6100 1.8136
64.6200 1.7319
64.6300 1.6941
64.6400 1.7398
64.6500 1.6159
64.6600 1.6188
64.6700 1.7721
64.6800 1.7362
64.6900 1.6732
64.7000 1.7593
64.7100 1.7716
64.7200 1.6815
64.7300 1.7142
64.7400 1.6445
64.7500 1.5574
64.7600 1.6290
64.7700 1.7921
64.7800 1.6763
64.7900 1.8265
64.8000 1.7156
64.8100 1.7466
64.8200 1.7168
64.8300 1.7067
64.8400 1.7279
64.8500 1.6081
64.8600 1.7136
64.8700 1.6975
64.8800 1.8331
64.8900 1.6750
64.9000 1.7032
64.9100 1.7192
64.9200 1.6388
64.9300 1.6237
64.9400 1.7143
64.9500 1.6844
64.9600 1.7474
64.9700 1.8801
64.9800 1.7869
64.9900 1.8500
65.0000 1.8717
65.0100 1.7802
65.0200 1.7592
65.0300 1.8229
65.0400 1.8303
65.0500 1.8040
65.0600 1.8311
65.0700 1.8771
65.0800 1.7681
65.0900 1.8788
65.1000 1.8653
65.1100 1.8799
65.1200 1.7896
65.1300 1.8090
65.1400 1.7684
65.1500 1.7943
65.1600 1.7206
65.1700 1.6884
65.1800 1.8305
65.1900 1.8582
65.2000 1.7729
65.2100 1.8445
65.2200 1.9090
65.2300 1.8056
65.2400 1.7578
65.2500 1.7890
65.2600 1.6756
65.2700 1.8575
65.2800 1.8189
65.2900 1.7689
65.3000 1.8430
65.3100 1.7079
65.3200 1.8002
65.3300 1.8238
65.3400 1.9400
65.3500 1.8705
65.3600 1.8177
65.3700 1.7763
65.3800 1.8011
65.3900 1.7597
65.4000 1.7755
65.4100 1.8907
65.4200 1.7640
65.4300 1.8373
65.4400 1.6533
65.4500 1.6423
65.4600 1.7708
65.4700 1.6890
65.4800 1.8484
65.4900 1.8000
65.5000 1.9195
65.5100 1.8870
65.5200 2.0045
65.5300 1.9770
65.5400 1.9747
65.5500 1.9443
65.5600 1.8508
65.5700 1.9043
65.5800 1.8555
65.5900 1.9348
65.6000 1.9619
65.6100 1.8874
65.6200 1.9192
65.6300 1.8550
65.6400 1.9348
65.6500 1.9033
65.6600 1.8383
65.6700 1.7573
65.6800 1.8908
65.6900 1.8902
65.7000 1.9304
65.7100 1.9462
65.7200 1.9286
65.7300 2.0014
65.7400 1.8879
65.7500 1.8177
65.7600 1.9250
65.7700 1.7744
65.7800 1.8071
65.7900 1.7739
65.8000 1.8279
65.8100 1.8460
65.8200 1.9952
65.8300 1.8951
65.8400 1.7972
65.8500 1.8969
65.8600 1.8637
65.8700 1.7548
65.8800 1.6898
65.8900 1.8018
65.9000 1.8015
65.9100 1.7382
65.9200 1.8896
65.9300 1.7691
65.9400 1.7579
65.9500 1.6967
65.9600 1.6582
65.9700 1.7233
65.9800 1.6790
65.9900 1.8695
66.0000 1.8704
66.0100 1.7930
66.0200 1.8477
66.0300 1.8243
66.0400 1.8070
66.0500 1.9282
66.0600 1.9216
66.0700 1.8517
66.0800 1.7663
66.0900 1.8512
66.1000 1.8390
66.1100 1.8583
66.1200 1.8770
66.1300 1.7764
66.1400 1.8134
66.1500 1.7249
66.1600 1.7020
66.1700 1.7887
66.1800 1.7746
66.1900 1.8219
66.2000 1.8900
66.2100 1.8618
66.2200 1.8289
66.2300 1.8462
66.2400 1.8736
66.2500 1.7703
66.2600 1.8807
66.2700 2.0167
66.2800 2.0660
66.2900 2.0411
66.3000 2.0300
66.3100 1.9420
66.3200 1.9282
66.3300 1.9192
66.3400 1.8389
66.3500 1.7651
66.3600 1.9424
66.3700 1.7436
66.3800 1.8267
66.3900 1.8061
66.4000 1.8063
66.4100 1.8154
66.4200 1.8498
66.4300 1.8918
66.4400 1.9252
66.4500 1.9677
66.4600 2.0296
66.4700 1.9013
66.4800 1.9923
66.4900 1.9693
66.5000 1.8851
66.5100 1.7441
66.5200 1.8154
66.5300 1.9165
66.5400 1.9819
66.5500 1.9275
66.5600 1.7908
66.5700 1.8620
66.5800 1.9447
66.5900 1.8232
66.6000 1.7994
66.6100 1.6779
66.6200 1.7125
66.6300 1.6917
66.6400 1.6719
66.6500 1.6917
66.6600 1.7735
66.6700 1.8084
66.6800 1.8011
66.6900 1.7745
66.7000 1.7362
66.7100 1.8560
66.7200 1.8863
66.7300 1.6569
66.7400 1.7056
66.7500 1.8259
66.7600 1.8361
66.7700 1.8930
66.7800 1.8124
66.7900 1.8635
66.8000 1.9051
66.8100 1.8418
66.8200 1.7345
66.8300 1.7622
66.8400 1.7682
66.8500 1.7375
66.8600 1.9230
66.8700 1.7493
66.8800 1.6771
66.8900 1.7756
66.9000 1.8218
66.9100 1.7589
66.9200 1.8082
66.9300 1.8157
66.9400 1.8415
66.9500 1.9447
66.9600 1.8942
66.9700 1.9407
66.9800 1.9733
66.9900 1.9254
67.0000 1.8031
67.0100 1.7887
67.0200 1.6459
67.0300 1.8951
67.0400 1.7309
67.0500 1.7994
67.0600 1.7770
67.0700 1.7076
67.0800 1.8164
67.0900 1.7635
67.1000 1.8049
67.1100 1.9271
67.1200 1.8231
67.1300 1.8010
67.1400 1.7415
67.1500 1.7073
67.1600 1.6703
67.1700 1.7411
67.1800 1.6368
67.1900 1.6820
67.2000 1.6874
67.2100 1.7189
67.2200 1.6044
67.2300 1.6113
67.2400 1.7697
67.2500 1.6893
67.2600 1.6831
67.2700 1.7686
67.2800 1.7748
67.2900 1.6669
67.3000 1.6582
67.3100 1.6459
67.3200 1.6794
67.3300 1.6923
67.3400 1.7669
67.3500 1.8088
67.3600 1.6717
67.3700 1.7314
67.3800 1.6410
67.3900 1.6774
67.4000 1.6956
67.4100 1.6196
67.4200 1.7007
67.4300 1.6461
67.4400 1.5953
67.4500 1.5946
67.4600 1.6467
67.4700 1.5908
67.4800 1.6639
67.4900 1.6538
67.5000 1.6831
67.5100 1.6020
67.5200 1.6768
67.5300 1.5384
67.5400 1.6744
67.5500 1.6743
67.5600 1.6348
67.5700 1.7226
67.5800 1.8133
67.5900 1.7712
67.6000 1.8912
67.6100 1.9739
67.6200 1.9093
67.6300 1.8584
67.6400 1.8143
67.6500 1.8534
67.6600 1.9071
67.6700 1.9003
67.6800 1.8916
67.6900 1.8371
67.7000 1.9380
67.7100 1.9079
67.7200 1.8964
67.7300 1.7718
67.7400 2.0410
67.7500 2.1148
67.7600 1.9994
67.7700 2.0151
67.7800 2.0008
67.7900 2.0934
67.8000 2.0891
67.8100 2.0191
67.8200 2.0284
67.8300 2.0804
67.8400 2.0079
67.8500 2.0649
67.8600 2.1030
67.8700 2.0658
67.8800 2.0943
67.8900 2.1345
67.9000 2.0950
67.9100 2.0698
67.9200 2.0640
67.9300 2.1300
67.9400 2.0915
67.9500 2.1808
67.9600 2.1647
67.9700 2.2966
67.9800 2.2067
67.9900 2.1859
68.0000 2.2051
68.0100 2.2363
68.0200 2.1713
68.0300 2.3450
68.0400 2.2749
68.0500 2.3079
68.0600 2.4823
68.0700 2.2963
68.0800 2.3195
68.0900 2.1710
68.1000 2.1170
68.1100 2.0363
68.1200 2.0451
68.1300 2.0109
68.1400 1.9764
68.1500 2.0681
68.1600 1.9455
68.1700 2.0127
68.1800 2.0860
68.1900 2.1752
68.2000 2.0794
68.2100 2.1769
68.2200 2.0949
68.2300 2.1068
68.2400 2.0529
68.2500 1.9671
68.2600 2.0989
68.2700 2.0261
68.2800 2.0936
68.2900 2.0281
68.3000 1.9059
68.3100 1.9869
68.3200 1.9791
68.3300 2.0671
68.3400 1.9829
68.3500 2.0504
68.3600 1.9930
68.3700 2.1804
68.3800 1.9768
68.3900 2.1126
68.4000 2.0886
68.4100 2.1476
68.4200 2.1298
68.4300 2.2608
68.4400 2.1741
68.4500 2.2418
68.4600 2.0822
68.4700 2.1005
68.4800 2.1099
68.4900 2.1004
68.5000 2.0961
68.5100 2.0986
68.5200 2.1150
68.5300 2.0655
68.5400 2.1041
68.5500 2.1193
68.5600 2.1323
68.5700 1.9968
68.5800 1.9734
68.5900 2.1256
68.6000 2.0933
68.6100 1.9974
68.6200 1.9404
68.6300 2.0057
68.6400 2.0297
68.6500 2.0036
68.6600 1.9548
68.6700 1.9775
68.6800 1.9361
68.6900 1.9816
68.7000 2.0379
68.7100 1.9707
68.7200 2.1299
68.7300 2.0551
68.7400 2.0210
68.7500 1.8044
68.7600 2.0505
68.7700 2.0248
68.7800 2.0668
68.7900 2.1130
68.8000 2.1015
68.8100 2.1875
68.8200 2.1512
68.8300 2.0533
68.8400 1.9595
68.8500 1.9074
68.8600 2.0414
68.8700 2.0555
68.8800 1.9860
68.8900 2.0994
68.9000 2.0994
68.9100 2.0378
68.9200 2.1002
68.9300 2.1034
68.9400 2.0681
68.9500 2.0158
68.9600 2.1368
68.9700 2.1189
68.9800 2.0479
68.9900 1.9988
69.0000 2.1869
69.0100 2.0802
69.0200 2.0984
69.0300 2.1045
69.0400 2.0015
69.0500 2.1284
69.0600 2.1122
69.0700 2.0925
69.0800 2.1038
69.0900 2.1543
69.1000 2.2051
69.1100 2.1810
69.1200 2.1291
69.1300 2.1669
69.1400 2.1749
69.1500 2.0556
69.1600 2.0076
69.1700 2.0569
69.1800 2.0259
69.1900 2.0305
69.2000 2.0726
69.2100 2.0684
69.2200 2.0707
69.2300 2.0724
69.2400 1.9560
69.2500 2.0662
69.2600 2.0667
69.2700 2.2255
69.2800 2.1789
69.2900 2.2013
69.3000 2.1523
69.3100 2.0982
69.3200 2.1313
69.3300 2.0820
69.3400 2.1913
69.3500 2.2924
69.3600 2.3082
69.3700 2.2996
69.3800 2.2910
69.3900 2.1641
69.4000 2.2110
69.4100 2.1989
69.4200 2.2433
69.4300 2.2373
69.4400 2.2313
69.4500 2.2834
69.4600 2.1758
69.4700 2.2224
69.4800 2.2315
69.4900 2.2573
69.5000 2.2400
69.5100 2.2066
69.5200 2.1805
69.5300 2.1296
69.5400 2.2068
69.5500 2.1081
69.5600 2.2116
69.5700 2.0899
69.5800 2.1202
69.5900 2.0738
69.6000 2.1606
69.6100 2.3316
69.6200 2.2153
69.6300 2.1344
69.6400 1.9797
69.6500 2.0429
69.6600 2.0693
69.6700 1.8920
69.6800 1.9265
69.6900 1.8354
69.7000 1.8398
69.7100 1.8331
69.7200 1.8628
69.7300 1.8397
69.7400 1.7513
69.7500 1.7040
69.7600 1.6849
69.7700 1.8498
69.7800 1.7836
69.7900 1.8021
69.8000 1.8273
69.8100 1.8467
69.8200 1.8435
69.8300 1.8777
69.8400 1.9330
69.8500 2.0138
69.8600 1.9616
69.8700 1.8029
69.8800 1.8851
69.8900 1.8769
69.9000 1.8617
69.9100 1.8554
69.9200 1.9343
69.9300 1.8527
69.9400 1.9522
69.9500 1.9246
69.9600 1.9720
69.9700 1.9030
69.9800 2.0349
69.9900 1.8753
70.0000 1.9571
70.0100 2.0443
70.0200 1.9799
70.0300 1.9293
70.0400 1.9032
70.0500 1.9477
70.0600 2.0892
70.0700 2.0419
70.0800 1.9404
70.0900 1.8949
70.1000 1.9178
70.1100 1.9346
70.1200 2.0673
70.1300 2.0430
70.1400 1.9931
70.1500 2.0037
70.1600 1.9226
70.1700 1.8268
70.1800 1.8489
70.1900 1.9689
70.2000 1.8012
70.2100 1.8076
70.2200 1.8834
70.2300 1.8735
70.2400 1.8974
70.2500 1.8516
70.2600 1.8238
70.2700 1.8819
70.2800 1.9251
70.2900 1.9715
70.3000 1.9805
70.3100 1.9763
70.3200 1.9720
70.3300 1.9267
70.3400 1.8780
70.3500 2.0919
70.3600 2.0331
70.3700 2.0401
70.3800 1.9678
70.3900 2.0184
70.4000 2.0310
70.4100 2.0350
70.4200 1.9643
70.4300 1.9203
70.4400 2.0351
70.4500 1.8476
70.4600 1.8603
70.4700 1.7990
70.4800 1.8932
70.4900 1.9269
70.5000 1.9361
70.5100 1.9406
70.5200 1.9259
70.5300 2.2050
70.5400 2.0583
70.5500 2.0838
70.5600 2.0710
70.5700 2.1506
70.5800 2.1706
70.5900 1.9997
70.6000 2.0981
70.6100 1.9996
70.6200 2.0112
70.6300 1.9337
70.6400 1.9577
70.6500 1.9519
70.6600 1.9630
70.6700 2.1053
70.6800 1.9852
70.6900 2.0931
70.7000 2.1938
70.7100 2.1063
70.7200 2.0674
70.7300 1.9712
70.7400 1.9067
70.7500 1.9241
70.7600 1.9664
70.7700 1.9126
70.7800 1.7680
70.7900 1.8550
70.8000 1.8331
70.8100 1.8138
70.8200 1.9697
70.8300 2.0105
70.8400 1.8363
70.8500 1.9598
70.8600 1.9549
70.8700 2.0261
70.8800 2.0087
70.8900 2.0849
70.9000 2.0756
70.9100 1.9650
70.9200 1.9532
70.9300 2.0372
70.9400 1.8735
70.9500 2.0108
70.9600 1.9509
70.9700 1.9346
70.9800 1.9172
70.9900 1.8462
71.0000 1.7189
71.0100 1.7562
71.0200 1.6855
71.0300 1.6522
71.0400 1.5731
71.0500 1.6540
71.0600 1.7936
71.0700 1.6878
71.0800 1.7327
71.0900 1.7268
71.1000 1.6718
71.1100 1.6846
71.1200 1.7158
71.1300 1.7841
71.1400 1.6171
71.1500 1.8025
71.1600 1.7239
71.1700 1.8138
71.1800 1.7479
71.1900 1.8036
71.2000 1.6923
71.2100 1.7986
71.2200 1.7896
71.2300 1.7060
71.2400 1.6499
71.2500 1.7539
71.2600 1.7734
71.2700 1.8200
71.2800 1.8210
71.2900 1.8734
71.3000 1.8278
71.3100 1.8265
71.3200 1.7221
71.3300 1.7658
71.3400 1.7818
71.3500 1.8345
71.3600 1.8632
71.3700 1.7581
71.3800 1.8710
71.3900 1.7687
71.4000 1.6785
71.4100 1.7719
71.4200 1.7534
71.4300 1.7466
71.4400 1.7056
71.4500 1.6835
71.4600 1.7269
71.4700 1.7432
71.4800 1.7448
71.4900 1.6318
71.5000 1.6051
71.5100 1.5403
71.5200 1.5759
71.5300 1.7304
71.5400 1.7740
71.5500 1.7209
71.5600 1.7206
71.5700 1.8424
71.5800 1.7474
71.5900 1.8178
71.6000 1.8309
71.6100 1.9154
71.6200 1.9150
71.6300 1.7785
71.6400 1.7177
71.6500 1.8360
71.6600 1.7916
71.6700 1.7044
71.6800 1.6112
71.6900 1.7833
71.7000 1.7076
71.7100 1.5080
71.7200 1.6518
71.7300 1.7257
71.7400 1.6980
71.7500 1.7476
71.7600 1.6599
71.7700 1.6869
71.7800 1.7584
71.7900 1.7692
71.8000 1.7097
71.8100 1.7183
71.8200 1.7888
71.8300 1.8134
71.8400 1.7726
71.8500 1.8224
71.8600 1.8364
71.8700 1.9521
71.8800 1.7664
71.8900 1.7587
71.9000 1.8124
71.9100 1.8508
71.9200 1.8356
71.9300 1.7209
71.9400 1.7609
71.9500 1.7504
71.9600 1.5799
71.9700 1.5610
71.9800 1.7074
71.9900 1.6752
72.0000 1.7234
72.0100 1.7322
72.0200 1.7163
72.0300 1.8417
72.0400 1.7255
72.0500 1.8207
72.0600 1.6810
72.0700 1.7818
72.0800 1.7537
72.0900 1.8217
72.1000 1.8334
72.1100 1.7376
72.1200 1.7353
72.1300 1.7649
72.1400 1.7778
72.1500 1.7230
72.1600 1.8114
72.1700 1.9126
72.1800 1.8111
72.1900 1.7453
72.2000 1.7478
72.2100 1.8615
72.2200 1.8183
72.2300 1.9070
72.2400 2.0282
72.2500 1.9757
72.2600 1.9317
72.2700 1.8624
72.2800 1.8201
72.2900 1.8545
72.3000 1.7356
72.3100 1.8362
72.3200 1.7825
72.3300 1.8477
72.3400 1.8481
72.3500 1.8054
72.3600 1.8304
72.3700 1.8371
72.3800 1.7781
72.3900 1.7672
72.4000 1.7787
72.4100 1.8584
72.4200 1.9240
72.4300 1.9155
72.4400 1.8356
72.4500 1.8017
72.4600 1.8549
72.4700 1.7068
72.4800 1.7920
72.4900 1.7315
72.5000 1.8509
72.5100 1.7168
72.5200 1.6211
72.5300 1.6084
72.5400 1.6242
72.5500 1.5675
72.5600 1.6505
72.5700 1.6590
72.5800 1.6800
72.5900 1.7274
72.6000 1.7449
72.6100 1.7681
72.6200 1.7511
72.6300 1.8397
72.6400 1.7830
72.6500 1.7051
72.6600 1.7201
72.6700 1.7103
72.6800 1.7523
72.6900 1.8221
72.7000 1.7138
72.7100 1.7127
72.7200 1.8278
72.7300 1.7900
72.7400 1.8170
72.7500 1.8136
72.7600 1.9491
72.7700 1.9562
72.7800 1.8326
72.7900 1.8069
72.8000 1.7377
72.8100 1.6658
72.8200 1.5854
72.8300 1.7819
72.8400 1.6964
72.8500 1.7526
72.8600 1.7455
72.8700 1.7766
72.8800 1.7927
72.8900 1.7117
72.9000 1.7850
72.9100 1.7694
72.9200 1.8909
72.9300 1.7935
72.9400 1.8010
72.9500 1.7603
72.9600 1.7220
72.9700 1.7157
72.9800 1.7345
72.9900 1.7547
73.0000 1.6872
73.0100 1.7343
73.0200 1.7394
73.0300 1.6341
73.0400 1.7876
73.0500 1.7352
73.0600 1.6557
73.0700 1.6006
73.0800 1.7174
73.0900 1.7153
73.1000 1.7399
73.1100 1.8344
73.1200 1.7907
73.1300 1.7576
73.1400 1.7686
73.1500 1.8267
73.1600 1.8930
73.1700 1.8568
73.1800 1.8208
73.1900 1.7787
73.2000 1.7672
73.2100 1.7627
73.2200 1.7390
73.2300 1.7935
73.2400 1.7114
73.2500 1.7997
73.2600 1.7790
73.2700 1.8001
73.2800 1.8707
73.2900 1.9190
73.3000 1.8182
73.3100 1.7612
73.3200 2.0567
73.3300 1.9549
73.3400 1.8471
73.3500 1.9628
73.3600 1.9557
73.3700 1.9423
73.3800 1.8471
73.3900 1.9607
73.4000 2.0176
73.4100 1.8899
73.4200 1.8330
73.4300 1.9029
73.4400 1.8589
73.4500 1.9637
73.4600 1.9354
73.4700 1.9063
73.4800 1.8858
73.4900 1.9792
73.5000 1.9801
73.5100 1.9401
73.5200 1.8246
73.5300 1.7855
73.5400 1.7834
73.5500 1.7862
73.5600 1.7322
73.5700 1.7037
73.5800 1.7698
73.5900 1.8492
73.6000 1.7368
73.6100 1.7423
73.6200 1.7778
73.6300 1.7428
73.6400 1.8200
73.6500 1.7872
73.6600 1.8131
73.6700 1.7978
73.6800 1.7410
73.6900 1.7434
73.7000 1.6951
73.7100 1.7299
73.7200 1.8056
73.7300 1.7289
73.7400 1.8020
73.7500 1.8448
73.7600 1.8105
73.7700 1.8979
73.7800 1.9043
73.7900 1.9803
73.8000 1.8717
73.8100 1.9602
73.8200 1.8294
73.8300 1.8601
73.8400 1.8937
73.8500 1.8812
73.8600 1.8239
73.8700 1.9344
73.8800 1.8258
73.8900 1.8913
73.9000 1.8527
73.9100 1.8316
73.9200 1.9759
73.9300 1.6485
73.9400 1.7466
73.9500 1.8495
73.9600 1.8264
73.9700 1.8642
73.9800 1.7873
73.9900 1.7777
74.0000 1.9529
74.0100 1.7460
74.0200 1.7686
74.0300 1.8963
74.0400 1.7730
74.0500 1.8137
74.0600 1.6848
74.0700 1.7647
74.0800 1.8013
74.0900 1.6798
74.1000 1.7289
74.1100 1.8007
74.1200 1.9259
74.1300 1.8886
74.1400 2.0241
74.1500 2.0215
74.1600 2.0060
74.1700 2.0677
74.1800 1.9422
74.1900 2.1383
74.2000 2.0202
74.2100 1.9013
74.2200 1.8628
74.2300 1.9689
74.2400 2.0025
74.2500 1.8295
74.2600 1.9608
74.2700 1.8167
74.2800 1.8857
74.2900 1.8378
74.3000 1.8790
74.3100 1.9581
74.3200 1.9158
74.3300 1.9887
74.3400 2.0798
74.3500 2.1798
74.3600 2.2067
74.3700 2.0520
74.3800 2.0532
74.3900 2.0951
74.4000 1.8615
74.4100 1.9997
74.4200 1.9301
74.4300 1.7768
74.4400 2.0615
74.4500 2.1004
74.4600 2.1131
74.4700 2.1376
74.4800 2.0027
74.4900 2.0121
74.5000 2.0783
74.5100 1.9859
74.5200 2.1981
74.5300 2.0807
74.5400 2.2259
74.5500 2.1242
74.5600 2.1156
74.5700 1.9960
74.5800 1.8631
74.5900 1.8602
74.6000 1.8694
74.6100 1.7587
74.6200 1.7662
74.6300 1.7039
74.6400 1.7101
74.6500 1.7536
74.6600 1.7354
74.6700 1.6898
74.6800 1.6593
74.6900 1.7131
74.7000 1.7018
74.7100 1.8648
74.7200 1.8759
74.7300 1.8036
74.7400 1.8813
74.7500 1.8473
74.7600 1.9434
74.7700 1.8222
74.7800 1.8189
74.7900 1.7992
74.8000 1.8830
74.8100 1.8919
74.8200 1.8988
74.8300 1.9811
74.8400 1.9448
74.8500 1.8928
74.8600 1.9955
74.8700 2.0901
74.8800 1.9823
74.8900 1.9024
74.9000 1.8695
74.9100 1.8771
74.9200 1.9349
74.9300 1.8745
74.9400 1.9615
74.9500 1.9765
74.9600 2.0308
74.9700 2.0056
74.9800 1.9886
74.9900 2.0052
75.0000 2.0950
75.0100 2.1040
75.0200 2.0942
75.0300 2.2543
75.0400 2.0815
75.0500 1.9898
75.0600 1.9733
75.0700 1.9440
75.0800 2.0293
75.0900 1.9866
75.1000 2.0990
75.1100 2.0883
75.1200 2.0576
75.1300 2.0011
75.1400 2.0091
75.1500 2.0423
75.1600 1.9191
75.1700 1.9789
75.1800 2.0723
75.1900 2.0800
75.2000 2.1189
75.2100 2.0910
75.2200 2.0881
75.2300 2.0084
75.2400 2.1047
75.2500 1.9715
75.2600 2.0365
75.2700 1.9481
75.2800 1.9671
75.2900 2.1254
75.3000 2.1459
75.3100 2.1242
75.3200 2.1559
75.3300 2.2140
75.3400 2.0731
75.3500 2.0859
75.3600 1.9554
75.3700 2.0634
75.3800 2.0670
75.3900 1.8970
75.4000 1.9815
75.4100 2.0196
75.4200 2.2446
75.4300 2.1974
75.4400 2.1010
75.4500 2.1098
75.4600 2.0270
75.4700 1.9949
75.4800 1.9166
75.4900 1.9982
75.5000 1.9448
75.5100 2.0829
75.5200 2.0449
75.5300 2.2061
75.5400 2.0169
75.5500 2.0248
75.5600 1.9008
75.5700 1.9050
75.5800 1.8718
75.5900 1.7791
75.6000 1.8706
75.6100 1.8846
75.6200 1.8436
75.6300 1.8996
75.6400 1.8754
75.6500 1.8161
75.6600 2.0171
75.6700 1.9813
75.6800 1.9932
75.6900 1.9229
75.7000 1.9250
75.7100 2.0868
75.7200 2.0285
75.7300 2.0424
75.7400 2.0129
75.7500 1.9726
75.7600 1.8246
75.7700 1.9276
75.7800 1.7689
75.7900 1.7887
75.8000 1.8571
75.8100 1.8721
75.8200 1.8944
75.8300 1.8318
75.8400 1.9177
75.8500 1.9379
75.8600 1.8379
75.8700 1.8987
75.8800 1.9039
75.8900 2.0521
75.9000 2.0120
75.9100 1.9903
75.9200 1.8421
75.9300 1.8274
75.9400 1.8109
75.9500 1.9008
75.9600 1.9937
75.9700 1.9843
75.9800 2.0278
75.9900 2.0350
76.0000 1.9153
76.0100 1.8854
76.0200 1.7879
76.0300 1.9794
76.0400 2.0107
76.0500 1.9638
76.0600 2.0695
76.0700 2.1014
76.0800 1.9133
76.0900 1.9449
76.1000 2.0775
76.1100 2.0673
76.1200 2.1564
76.1300 1.9910
76.1400 1.8932
76.1500 1.8265
76.1600 1.8951
76.1700 1.8808
76.1800 1.9188
76.1900 1.9950
76.2000 1.9416
76.2100 1.9775
76.2200 1.9017
76.2300 1.8887
76.2400 1.8145
76.2500 1.9197
76.2600 1.8253
76.2700 1.8845
76.2800 1.8769
76.2900 1.7920
76.3000 1.7916
76.3100 1.8521
76.3200 1.7854
76.3300 1.8886
76.3400 1.9569
76.3500 1.9302
76.3600 1.8560
76.3700 2.0009
76.3800 2.0258
76.3900 1.9896
76.4000 1.9348
76.4100 1.9940
76.4200 1.9196
76.4300 1.9559
76.4400 1.8339
76.4500 1.9126
76.4600 2.0544
76.4700 1.9473
76.4800 1.8362
76.4900 1.9836
76.5000 1.9380
76.5100 1.9831
76.5200 2.0056
76.5300 1.9840
76.5400 1.8820
76.5500 2.0025
76.5600 2.0269
76.5700 1.9592
76.5800 2.0608
76.5900 2.0829
76.6000 2.0114
76.6100 1.9831
76.6200 1.9839
76.6300 1.8858
76.6400 1.9147
76.6500 2.0470
76.6600 2.0582
76.6700 2.0876
76.6800 2.2042
76.6900 2.1095
76.7000 2.0350
76.7100 2.2169
76.7200 2.1433
76.7300 1.9309
76.7400 2.0114
76.7500 1.8857
76.7600 1.9878
76.7700 1.9455
76.7800 1.8803
76.7900 1.8691
76.8000 1.7711
76.8100 1.8700
76.8200 1.9455
76.8300 1.9961
76.8400 1.8623
76.8500 1.9937
76.8600 1.8624
76.8700 1.9352
76.8800 1.9031
76.8900 2.0128
76.9000 1.8822
76.9100 1.8189
76.9200 1.9348
76.9300 1.9940
76.9400 1.8691
76.9500 1.9445
76.9600 1.9472
76.9700 1.8726
76.9800 1.9066
76.9900 2.0533
77.0000 1.9240
77.0100 1.9830
77.0200 2.0250
77.0300 2.0221
77.0400 2.0908
77.0500 1.9611
77.0600 1.9641
77.0700 2.0262
77.0800 1.9538
77.0900 1.9894
77.1000 1.9035
77.1100 2.0072
77.1200 1.9612
77.1300 1.9140
77.1400 1.9776
77.1500 1.9569
77.1600 1.9381
77.1700 1.9278
77.1800 1.8549
77.1900 1.8605
77.2000 1.8032
77.2100 1.8256
77.2200 1.9044
77.2300 1.8266
77.2400 1.7336
77.2500 1.9118
77.2600 1.8339
77.2700 1.8104
77.2800 1.8548
77.2900 1.8401
77.3000 1.8822
77.3100 1.9629
77.3200 1.8384
77.3300 1.9466
77.3400 1.9962
77.3500 1.9117
77.3600 1.8232
77.3700 1.8675
77.3800 1.9995
77.3900 1.8030
77.4000 1.7939
77.4100 1.8511
77.4200 1.9043
77.4300 1.9373
77.4400 1.8682
77.4500 1.8727
77.4600 1.8319
77.4700 1.7402
77.4800 1.6751
77.4900 1.6017
77.5000 1.6739
77.5100 1.8028
77.5200 1.7552
77.5300 1.6962
77.5400 1.8306
77.5500 1.7305
77.5600 1.6256
77.5700 1.7482
77.5800 1.8918
77.5900 1.9497
77.6000 1.8617
77.6100 1.7660
77.6200 1.6859
77.6300 1.8318
77.6400 1.8027
77.6500 1.7021
77.6600 1.6538
77.6700 1.6476
77.6800 1.7897
77.6900 1.9112
77.7000 1.7496
77.7100 1.6495
77.7200 1.7679
77.7300 1.6865
77.7400 1.6307
77.7500 1.5956
77.7600 1.6786
77.7700 1.6693
77.7800 1.7246
77.7900 1.8182
77.8000 1.7634
77.8100 1.6997
77.8200 1.7131
77.8300 1.7068
77.8400 1.7652
77.8500 1.8136
77.8600 1.7970
77.8700 1.7896
77.8800 1.8300
77.8900 1.9561
77.9000 2.0350
77.9100 1.9530
77.9200 2.0403
77.9300 2.0938
77.9400 2.0380
77.9500 2.0596
77.9600 1.8481
77.9700 1.8786
77.9800 1.7801
77.9900 1.7667
78.0000 1.8368
78.0100 1.7966
78.0200 1.6827
78.0300 1.7573
78.0400 1.8101
78.0500 1.7757
78.0600 1.8571
78.0700 1.8522
78.0800 1.7291
78.0900 1.8260
78.1000 1.8306
78.1100 1.9336
78.1200 1.9156
78.1300 1.8034
78.1400 1.8413
78.1500 1.6885
78.1600 1.8859
78.1700 1.7374
78.1800 1.8641
78.1900 1.9305
78.2000 1.8668
78.2100 1.8375
78.2200 1.8083
78.2300 1.8263
78.2400 1.8891
78.2500 1.9314
78.2600 1.9321
78.2700 2.0790
78.2800 1.9639
78.2900 1.9416
78.3000 1.9969
78.3100 1.8622
78.3200 1.8253
78.3300 1.8259
78.3400 1.8271
78.3500 1.8335
78.3600 1.6721
78.3700 1.6791
78.3800 1.8008
78.3900 1.8760
78.4000 1.7457
78.4100 1.7790
78.4200 1.7456
78.4300 1.6387
78.4400 1.6457
78.4500 1.7283
78.4600 1.7755
78.4700 1.8109
78.4800 1.7291
78.4900 1.7915
78.5000 1.7175
78.5100 1.8905
78.5200 1.8309
78.5300 1.7435
78.5400 1.7891
78.5500 1.7950
78.5600 1.6942
78.5700 1.6755
78.5800 1.8098
78.5900 1.6705
78.6000 1.9140
78.6100 1.7540
78.6200 1.7686
78.6300 1.6065
78.6400 1.6242
78.6500 1.6853
78.6600 1.7682
78.6700 1.6508
78.6800 1.6721
78.6900 1.7412
78.7000 1.7495
78.7100 1.6691
78.7200 1.8326
78.7300 1.7524
78.7400 1.8066
78.7500 1.8172
78.7600 1.7489
78.7700 1.7703
78.7800 1.7755
78.7900 1.8047
78.8000 1.8043
78.8100 1.7230
78.8200 1.8162
78.8300 1.7418
78.8400 1.8547
78.8500 1.9269
78.8600 2.0222
78.8700 1.9822
78.8800 1.8636
78.8900 1.7576
78.9000 1.7722
78.9100 1.8807
78.9200 1.8389
78.9300 1.8301
78.9400 1.7520
78.9500 1.7436
78.9600 1.7873
78.9700 1.8258
78.9800 1.6131
78.9900 1.6179
79.0000 1.6638
79.0100 1.7758
79.0200 1.6196
79.0300 1.6242
79.0400 1.5182
79.0500 1.6373
79.0600 1.6549
79.0700 1.6798
79.0800 1.5603
79.0900 1.7671
79.1000 1.8384
79.1100 1.7077
79.1200 1.7643
79.1300 1.8364
79.1400 1.8280
79.1500 1.7819
79.1600 1.6941
79.1700 1.8045
79.1800 1.7675
79.1900 1.7238
79.2000 1.8210
79.2100 1.7181
79.2200 1.7711
79.2300 1.7604
79.2400 1.8819
79.2500 1.8683
79.2600 1.7583
79.2700 1.9219
79.2800 1.8321
79.2900 1.9060
79.3000 1.8865
79.3100 1.7621
79.3200 1.8903
79.3300 1.8288
79.3400 1.8205
79.3500 1.9119
79.3600 1.8155
79.3700 1.7338
79.3800 1.7494
79.3900 1.8095
79.4000 1.7281
79.4100 1.7239
79.4200 1.7967
79.4300 1.8264
79.4400 1.7461
79.4500 1.8142
79.4600 1.8532
79.4700 1.6726
79.4800 1.7414
79.4900 1.7424
79.5000 1.7793
79.5100 1.7256
79.5200 1.8010
79.5300 1.8429
79.5400 1.7895
79.5500 1.7882
79.5600 1.6423
79.5700 1.7466
79.5800 1.6269
79.5900 1.7545
79.6000 1.7245
79.6100 1.7520
79.6200 1.7601
79.6300 1.6993
79.6400 1.7402
79.6500 1.6461
79.6600 1.6395
79.6700 1.6398
79.6800 1.7277
79.6900 1.6692
79.7000 1.7150
79.7100 1.7635
79.7200 1.7661
79.7300 1.7269
79.7400 1.8253
79.7500 1.7461
79.7600 1.7980
79.7700 1.7774
79.7800 1.6281
79.7900 1.7869
79.8000 1.7875
79.8100 1.9134
79.8200 1.7745
79.8300 1.7341
79.8400 1.7540
79.8500 1.6792
79.8600 1.7575
79.8700 1.7989
79.8800 1.6591
79.8900 1.7207
79.9000 1.7279
79.9100 1.7056
79.9200 1.7045
79.9300 1.8282
79.9400 1.7349
79.9500 1.7061
79.9600 1.7329
79.9700 2.0062
79.9800 1.7872
79.9900 1.8765
80.0000 1.8570
80.0100 1.9450
80.0200 1.9582
80.0300 1.8598
80.0400 1.8573
80.0500 1.7599
80.0600 1.9143
80.0700 1.8201
80.0800 1.9194
80.0900 1.8975
80.1000 1.9296
80.1100 2.0099
80.1200 1.9063
80.1300 1.9825
80.1400 2.0161
80.1500 1.8666
80.1600 1.9371
80.1700 1.9106
80.1800 1.8871
80.1900 1.9239
80.2000 1.8520
80.2100 1.8383
80.2200 1.8756
80.2300 1.8698
80.2400 1.9000
80.2500 1.8405
80.2600 1.9080
80.2700 1.9245
80.2800 1.9721
80.2900 1.9456
80.3000 2.0235
80.3100 1.9757
80.3200 2.0146
80.3300 1.9209
80.3400 1.8893
80.3500 1.8296
80.3600 1.8313
80.3700 1.7820
80.3800 1.9574
80.3900 1.8118
80.4000 1.9056
80.4100 1.8881
80.4200 1.9514
80.4300 1.9569
80.4400 1.9262
80.4500 1.9226
80.4600 1.9128
80.4700 1.8402
80.4800 2.0521
80.4900 1.9040
80.5000 1.9548
80.5100 1.8930
80.5200 1.9206
80.5300 1.8686
80.5400 1.8983
80.5500 1.8488
80.5600 1.8464
80.5700 1.6572
80.5800 1.7724
80.5900 1.8831
80.6000 1.8750
80.6100 1.9711
80.6200 1.8008
80.6300 1.8740
80.6400 1.8047
80.6500 1.7796
80.6600 1.8199
80.6700 1.8261
80.6800 1.7538
80.6900 1.7849
80.7000 1.7169
80.7100 1.8060
80.7200 1.8194
80.7300 1.8345
80.7400 1.7966
80.7500 1.7308
80.7600 1.6466
80.7700 1.7340
80.7800 1.8733
80.7900 1.7897
80.8000 1.7562
80.8100 1.7696
80.8200 1.8125
80.8300 1.7716
80.8400 1.6970
80.8500 1.7134
80.8600 1.7539
80.8700 1.6575
80.8800 1.7607
80.8900 1.6937
80.9000 1.7805
80.9100 1.8056
80.9200 1.6206
80.9300 1.7596
80.9400 1.8427
80.9500 1.7871
80.9600 1.8733
80.9700 1.8313
80.9800 1.8701
80.9900 1.7578
81.0000 1.8174
81.0100 1.7640
81.0200 1.5864
81.0300 1.7136
81.0400 1.6712
81.0500 1.8175
81.0600 1.8796
81.0700 1.7986
81.0800 1.7702
81.0900 1.7659
81.1000 1.8193
81.1100 1.6633
81.1200 1.5896
81.1300 1.6760
81.1400 1.6878
81.1500 1.6935
81.1600 1.6498
81.1700 1.6421
81.1800 1.7944
81.1900 1.7576
81.2000 1.7444
81.2100 1.6803
81.2200 1.5606
81.2300 1.6991
81.2400 1.6606
81.2500 1.7314
81.2600 1.7021
81.2700 1.7365
81.2800 1.7385
81.2900 1.6606
81.3000 1.6932
81.3100 1.6626
81.3200 1.6458
81.3300 1.6628
81.3400 1.7116
81.3500 1.7466
81.3600 1.6440
81.3700 1.6312
81.3800 1.6755
81.3900 1.5890
81.4000 1.6890
81.4100 1.6610
81.4200 1.6915
81.4300 1.7034
81.4400 1.7504
81.4500 1.7510
81.4600 1.7760
81.4700 1.7596
81.4800 1.6717
81.4900 1.7234
81.5000 1.6630
81.5100 1.6483
81.5200 1.6819
81.5300 1.7605
81.5400 1.6906
81.5500 1.7186
81.5600 1.7500
81.5700 1.7293
81.5800 1.6270
81.5900 1.7795
81.6000 1.7193
81.6100 1.7427
81.6200 1.7981
81.6300 1.8228
81.6400 1.8628
81.6500 1.8135
81.6600 1.8213
81.6700 1.8682
81.6800 1.8357
81.6900 1.8438
81.7000 1.8013
81.7100 1.8016
81.7200 1.9013
81.7300 1.9683
81.7400 1.8479
81.7500 1.8105
81.7600 1.7513
81.7700 1.7844
81.7800 1.7658
81.7900 1.7174
81.8000 1.8232
81.8100 1.7818
81.8200 1.7909
81.8300 1.8241
81.8400 1.7998
81.8500 1.6953
81.8600 1.6411
81.8700 1.7136
81.8800 1.8194
81.8900 1.9295
81.9000 1.8654
81.9100 1.9044
81.9200 1.8635
81.9300 1.8604
81.9400 1.7032
81.9500 1.8737
81.9600 1.6637
81.9700 1.7202
81.9800 1.6186
81.9900 1.6080
82.0000 1.8222
82.0100 1.7905
82.0200 1.8383
82.0300 1.7897
82.0400 1.7622
82.0500 1.7731
82.0600 1.7063
82.0700 1.7465
82.0800 1.7948
82.0900 1.7990
82.1000 1.7139
82.1100 1.6894
82.1200 1.7735
82.1300 1.6682
82.1400 1.7332
82.1500 1.7460
82.1600 1.6042
82.1700 1.5979
82.1800 1.6533
82.1900 1.5662
82.2000 1.6984
82.2100 1.6659
82.2200 1.7865
82.2300 1.7107
82.2400 1.6627
82.2500 1.6623
82.2600 1.7428
82.2700 1.6077
82.2800 1.5600
82.2900 1.5520
82.3000 1.6181
82.3100 1.7069
82.3200 1.6202
82.3300 1.6539
82.3400 1.6048
82.3500 1.5360
82.3600 1.5414
82.3700 1.5811
82.3800 1.5349
82.3900 1.6388
82.4000 1.6784
82.4100 1.6484
82.4200 1.6289
82.4300 1.5576
82.4400 1.5880
82.4500 1.5621
82.4600 1.6293
82.4700 1.5478
82.4800 1.5890
82.4900 1.6894
82.5000 1.5336
82.5100 1.6083
82.5200 1.5985
82.5300 1.5828
82.5400 1.6266
82.5500 1.6395
82.5600 1.6392
82.5700 1.5670
82.5800 1.6306
82.5900 1.5926
82.6000 1.5755
82.6100 1.5744
82.6200 1.5651
82.6300 1.6473
82.6400 1.6777
82.6500 1.6227
82.6600 1.7398
82.6700 1.6945
82.6800 1.6029
82.6900 1.7570
82.7000 1.6996
82.7100 1.6982
82.7200 1.6006
82.7300 1.6682
82.7400 1.6447
82.7500 1.5540
82.7600 1.7524
82.7700 1.7131
82.7800 1.6056
82.7900 1.7251
82.8000 1.6695
82.8100 1.6476
82.8200 1.7928
82.8300 1.8673
82.8400 1.7901
82.8500 1.7976
82.8600 1.8385
82.8700 1.7860
82.8800 1.7962
82.8900 1.7409
82.9000 1.7426
82.9100 1.7231
82.9200 1.8725
82.9300 1.8374
82.9400 1.8662
82.9500 1.8808
82.9600 1.8766
82.9700 1.7950
82.9800 1.9168
82.9900 1.9719
83.0000 1.8119
83.0100 1.8701
83.0200 1.8473
83.0300 1.8059
83.0400 1.8353
83.0500 1.8632
83.0600 1.9219
83.0700 1.7978
83.0800 1.7341
83.0900 1.7438
83.1000 1.8235
83.1100 1.8597
83.1200 1.8281
83.1300 1.8021
83.1400 1.7711
83.1500 1.8050
83.1600 1.8701
83.1700 1.9126
83.1800 1.8885
83.1900 1.9504
83.2000 2.0642
83.2100 2.0285
83.2200 2.1993
83.2300 2.1844
83.2400 2.0747
83.2500 1.9665
83.2600 1.9056
83.2700 1.9746
83.2800 1.9945
83.2900 2.0145
83.3000 2.0059
83.3100 2.0271
83.3200 2.0487
83.3300 2.1758
83.3400 2.0529
83.3500 2.1252
83.3600 2.1106
83.3700 1.9882
83.3800 2.0511
83.3900 2.0152
83.4000 2.0916
83.4100 1.9711
83.4200 1.9366
83.4300 1.9160
83.4400 1.8646
83.4500 1.9568
83.4600 1.8412
83.4700 1.9283
83.4800 1.8754
83.4900 1.8634
83.5000 1.9211
83.5100 1.9127
83.5200 1.7910
83.5300 1.8254
83.5400 1.7868
83.5500 1.9299
83.5600 1.9012
83.5700 1.8451
83.5800 2.0505
83.5900 2.0081
83.6000 2.0012
83.6100 2.1129
83.6200 2.0471
83.6300 1.9978
83.6400 1.9942
83.6500 1.9789
83.6600 1.9704
83.6700 1.9294
83.6800 1.9293
83.6900 1.8742
83.7000 1.9596
83.7100 1.9692
83.7200 1.9630
83.7300 1.9892
83.7400 1.9491
83.7500 1.8660
83.7600 1.8296
83.7700 1.8466
83.7800 1.7852
83.7900 1.8205
83.8000 1.8264
83.8100 1.7985
83.8200 1.7834
83.8300 1.8024
83.8400 1.7856
83.8500 1.8207
83.8600 1.8480
83.8700 1.8277
83.8800 1.8421
83.8900 1.9124
83.9000 1.8228
83.9100 1.7963
83.9200 1.8963
83.9300 1.8137
83.9400 1.8527
83.9500 1.7990
83.9600 1.7718
83.9700 1.8198
83.9800 1.8748
83.9900 1.8908
84.0000 1.7693
84.0100 1.8214
84.0200 1.8834
84.0300 1.7743
84.0400 1.8099
84.0500 1.8352
84.0600 1.7507
84.0700 1.7972
84.0800 1.8382
84.0900 1.7938
84.1000 1.7962
84.1100 1.8222
84.1200 1.8315
84.1300 1.8236
84.1400 1.8037
84.1500 1.8506
84.1600 1.8729
84.1700 1.7739
84.1800 1.7350
84.1900 1.9074
84.2000 1.8293
84.2100 1.8073
84.2200 1.7246
84.2300 1.7307
84.2400 1.8990
84.2500 1.8963
84.2600 1.9039
84.2700 1.7562
84.2800 1.8235
84.2900 1.8690
84.3000 1.8131
84.3100 1.7657
84.3200 1.8685
84.3300 1.9084
84.3400 1.7886
84.3500 1.9836
84.3600 2.0120
84.3700 1.9165
84.3800 1.9032
84.3900 1.8906
84.4000 1.8062
84.4100 1.7282
84.4200 1.7274
84.4300 1.7430
84.4400 1.8553
84.4500 1.8194
84.4600 1.7311
84.4700 1.8781
84.4800 1.7986
84.4900 1.8754
84.5000 1.7905
84.5100 1.7878
84.5200 1.9204
84.5300 1.8747
84.5400 1.9390
84.5500 1.9393
84.5600 1.8340
84.5700 1.7761
84.5800 1.7765
84.5900 1.8413
84.6000 1.8150
84.6100 1.8074
84.6200 1.7782
84.6300 1.8352
84.6400 1.8542
84.6500 1.8630
84.6600 1.8851
84.6700 1.8311
84.6800 1.7617
84.6900 1.8333
84.7000 1.9370
84.7100 1.8834
84.7200 1.9713
84.7300 1.9400
84.7400 1.8791
84.7500 1.9684
84.7600 1.9071
84.7700 1.9223
84.7800 1.9462
84.7900 2.0275
84.8000 1.9904
84.8100 2.0291
84.8200 2.0940
84.8300 1.9431
84.8400 2.0498
84.8500 2.1150
84.8600 1.9862
84.8700 2.0167
84.8800 1.8145
84.8900 1.9787
84.9000 1.8414
84.9100 1.8273
84.9200 1.8704
84.9300 1.9930
84.9400 2.0799
84.9500 2.0686
84.9600 2.0561
84.9700 1.9376
84.9800 1.9075
84.9900 1.8990
85.0000 2.0252
85.0100 2.0327
85.0200 2.0203
85.0300 2.0162
85.0400 1.9589
85.0500 2.1085
85.0600 2.1686
85.0700 2.1549
85.0800 1.9837
85.0900 2.0447
85.1000 1.8680
85.1100 2.0554
85.1200 1.9640
85.1300 1.9665
85.1400 2.0797
85.1500 2.1417
85.1600 2.1450
85.1700 1.9883
85.1800 2.0405
85.1900 2.0842
85.2000 2.1450
85.2100 2.0840
85.2200 1.9975
85.2300 1.9806
85.2400 1.9440
85.2500 1.9622
85.2600 1.9602
85.2700 2.0804
85.2800 1.9678
85.2900 1.9149
85.3000 1.9898
85.3100 1.8996
85.3200 2.0024
85.3300 2.0090
85.3400 1.9357
85.3500 1.9892
85.3600 1.9673
85.3700 1.9836
85.3800 2.0430
85.3900 2.0109
85.4000 2.0300
85.4100 2.0158
85.4200 2.0738
85.4300 2.1537
85.4400 1.9963
85.4500 2.0089
85.4600 2.0135
85.4700 2.0131
85.4800 1.9701
85.4900 1.9121
85.5000 1.8986
85.5100 1.9525
85.5200 1.9904
85.5300 2.0183
85.5400 1.9719
85.5500 1.9614
85.5600 2.0169
85.5700 1.9037
85.5800 1.8874
85.5900 1.9142
85.6000 1.9088
85.6100 1.9198
85.6200 2.0213
85.6300 1.9070
85.6400 2.0518
85.6500 1.9982
85.6600 2.0043
85.6700 2.0109
85.6800 1.9504
85.6900 2.0576
85.7000 1.8555
85.7100 1.9116
85.7200 1.9537
85.7300 1.8890
85.7400 1.8621
85.7500 1.9159
85.7600 1.9427
85.7700 1.7693
85.7800 1.8165
85.7900 1.7654
85.8000 1.9171
85.8100 1.8739
85.8200 1.9506
85.8300 1.9886
85.8400 2.0676
85.8500 1.9868
85.8600 2.0495
85.8700 2.1639
85.8800 2.1183
85.8900 2.1974
85.9000 2.1253
85.9100 2.0051
85.9200 2.0318
85.9300 2.1506
85.9400 2.0564
85.9500 1.9694
85.9600 2.1091
85.9700 2.0302
85.9800 2.0791
85.9900 2.1357
86.0000 2.1456
86.0100 2.1951
86.0200 2.1766
86.0300 2.2192
86.0400 2.1514
86.0500 2.2189
86.0600 2.2058
86.0700 2.1456
86.0800 2.1600
86.0900 2.1274
86.1000 2.0852
86.1100 2.0311
86.1200 2.0069
86.1300 1.9653
86.1400 1.9468
86.1500 2.0563
86.1600 2.0277
86.1700 1.9112
86.1800 1.9700
86.1900 1.9783
86.2000 1.9773
86.2100 1.9895
86.2200 1.8399
86.2300 1.9044
86.2400 1.8879
86.2500 1.9076
86.2600 1.7813
86.2700 1.7608
86.2800 1.6790
86.2900 1.7461
86.3000 1.7707
86.3100 1.7044
86.3200 1.7155
86.3300 1.6927
86.3400 1.6977
86.3500 1.6269
86.3600 1.6400
86.3700 1.7079
86.3800 1.7357
86.3900 1.7229
86.4000 1.7183
86.4100 1.7803
86.4200 1.7540
86.4300 1.7236
86.4400 1.6887
86.4500 1.7080
86.4600 1.7557
86.4700 1.7416
86.4800 1.8974
86.4900 1.9408
86.5000 1.8440
86.5100 1.8679
86.5200 1.8701
86.5300 1.9613
86.5400 1.8281
86.5500 1.9655
86.5600 1.9495
86.5700 1.9941
86.5800 2.0286
86.5900 1.8869
86.6000 1.9011
86.6100 1.8932
86.6200 1.7533
86.6300 1.7073
86.6400 1.7327
86.6500 1.8773
86.6600 1.8528
86.6700 1.7941
86.6800 1.8233
86.6900 1.7891
86.7000 1.7369
86.7100 1.6882
86.7200 1.7595
86.7300 1.6404
86.7400 1.7063
86.7500 1.8953
86.7600 1.7835
86.7700 1.8273
86.7800 1.6386
86.7900 1.8061
86.8000 1.7487
86.8100 1.7474
86.8200 1.8030
86.8300 1.8307
86.8400 1.7705
86.8500 1.8411
86.8600 1.8172
86.8700 1.7332
86.8800 1.7831
86.8900 1.7313
86.9000 1.7435
86.9100 1.7438
86.9200 1.7519
86.9300 1.7142
86.9400 1.7381
86.9500 1.8436
86.9600 1.9347
86.9700 1.7945
86.9800 1.8607
86.9900 1.8280
87.0000 1.9282
87.0100 1.9085
87.0200 1.9617
87.0300 2.0562
87.0400 1.8083
87.0500 1.9239
87.0600 1.8928
87.0700 1.8436
87.0800 1.9170
87.0900 1.7642
87.1000 1.7465
87.1100 1.7092
87.1200 1.7061
87.1300 1.7258
87.1400 1.8054
87.1500 1.7421
87.1600 1.8312
87.1700 1.9808
87.1800 1.9026
87.1900 1.9014
87.2000 1.8438
87.2100 1.6692
87.2200 1.6879
87.2300 1.7620
87.2400 1.7654
87.2500 1.9323
87.2600 1.8620
87.2700 1.9293
87.2800 1.8330
87.2900 1.9025
87.3000 1.7943
87.3100 1.8315
87.3200 1.7609
87.3300 1.8224
87.3400 1.8579
87.3500 1.8046
87.3600 1.7189
87.3700 1.6962
87.3800 1.7538
87.3900 1.8393
87.4000 1.7285
87.4100 1.7095
87.4200 1.7212
87.4300 1.7270
87.4400 1.8433
87.4500 1.8632
87.4600 1.9696
87.4700 1.9678
87.4800 1.8778
87.4900 1.8367
87.5000 1.7842
87.5100 1.8674
87.5200 1.9089
87.5300 1.8749
87.5400 1.9416
87.5500 1.8559
87.5600 1.6716
87.5700 1.6411
87.5800 1.8415
87.5900 1.8163
87.6000 1.6589
87.6100 1.6732
87.6200 1.6514
87.6300 1.6695
87.6400 1.7447
87.6500 1.6753
87.6600 1.7576
87.6700 1.8517
87.6800 1.6910
87.6900 1.8834
87.7000 1.8904
87.7100 1.7680
87.7200 1.6922
87.7300 1.7360
87.7400 1.9241
87.7500 1.9058
87.7600 2.0008
87.7700 1.8689
87.7800 1.8398
87.7900 1.7645
87.8000 1.9080
87.8100 1.8080
87.8200 1.9251
87.8300 1.9650
87.8400 1.8847
87.8500 1.7520
87.8600 1.7393
87.8700 1.7835
87.8800 1.7969
87.8900 1.8349
87.9000 1.7667
87.9100 1.7435
87.9200 1.8025
87.9300 1.6915
87.9400 1.7633
87.9500 1.8431
87.9600 1.7904
87.9700 1.7312
87.9800 1.7772
87.9900 1.6768
88.0000 1.7767
88.0100 1.8265
88.0200 1.8198
88.0300 1.7251
88.0400 1.8110
88.0500 1.8085
88.0600 1.9092
88.0700 1.7627
88.0800 1.8246
88.0900 1.8172
88.1000 1.8418
88.1100 1.8060
88.1200 1.7330
88.1300 1.8436
88.1400 1.8442
88.1500 1.8660
88.1600 1.7165
88.1700 1.8790
88.1800 1.8241
88.1900 1.8591
88.2000 1.7741
88.2100 1.7880
88.2200 1.8435
88.2300 1.7374
88.2400 1.7495
88.2500 1.6831
88.2600 1.7164
88.2700 1.7594
88.2800 1.8213
88.2900 1.8802
88.3000 1.7657
88.3100 1.8691
88.3200 1.7184
88.3300 1.7842
88.3400 1.8086
88.3500 1.7567
88.3600 1.6696
88.3700 1.8994
88.3800 1.7004
88.3900 1.6924
88.4000 1.7958
88.4100 1.8503
88.4200 1.7869
88.4300 1.8991
88.4400 1.8104
88.4500 1.7296
88.4600 1.7608
88.4700 1.7026
88.4800 1.7486
88.4900 1.9112
88.5000 1.7993
88.5100 1.8389
88.5200 1.8960
88.5300 1.7689
88.5400 1.8421
88.5500 1.8177
88.5600 1.7572
88.5700 1.8131
88.5800 1.7676
88.5900 1.6625
88.6000 1.7400
88.6100 1.8434
88.6200 1.8397
88.6300 1.8266
88.6400 1.8686
88.6500 1.7895
88.6600 1.8418
88.6700 1.8609
88.6800 1.7985
88.6900 1.7940
88.7000 1.8431
88.7100 1.8297
88.7200 1.8585
88.7300 1.8302
88.7400 1.7737
88.7500 1.8383
88.7600 1.7462
88.7700 1.8061
88.7800 1.7478
88.7900 1.8102
88.8000 1.9375
88.8100 1.9101
88.8200 1.7819
88.8300 1.8146
88.8400 1.9032
88.8500 1.7621
88.8600 1.7660
88.8700 1.9216
88.8800 1.9062
88.8900 1.7991
88.9000 1.8028
88.9100 1.7563
88.9200 1.7741
88.9300 1.8015
88.9400 1.8301
88.9500 1.8718
88.9600 1.7322
88.9700 1.8024
88.9800 1.8334
88.9900 1.6965
89.0000 1.7698
89.0100 1.8321
89.0200 1.8012
89.0300 1.7688
89.0400 1.7218
89.0500 1.6499
89.0600 1.7548
89.0700 1.7717
89.0800 1.7952
89.0900 1.8219
89.1000 1.7521
89.1100 1.8092
89.1200 1.8040
89.1300 1.8721
89.1400 1.9441
89.1500 1.8098
89.1600 1.8617
89.1700 1.9024
89.1800 1.8424
89.1900 1.8214
89.2000 1.9458
89.2100 1.8985
89.2200 1.8116
89.2300 1.8866
89.2400 1.8336
89.2500 1.9251
89.2600 1.9726
89.2700 1.8015
89.2800 1.9502
89.2900 1.8804
89.3000 1.9104
89.3100 1.8480
89.3200 1.8827
89.3300 1.8650
89.3400 1.8049
89.3500 1.8906
89.3600 1.8497
89.3700 1.8785
89.3800 1.9106
89.3900 1.9651
89.4000 1.8002
89.4100 1.7531
89.4200 1.9766
89.4300 1.8719
89.4400 1.7405
89.4500 1.8138
89.4600 1.8565
89.4700 1.8430
89.4800 1.8837
89.4900 1.9553
89.5000 2.0034
89.5100 1.9128
89.5200 1.8137
89.5300 1.7681
89.5400 1.7766
89.5500 1.8002
89.5600 1.7750
89.5700 1.7550
89.5800 1.6780
89.5900 1.6639
89.6000 1.7307
89.6100 1.7670
89.6200 1.5811
89.6300 1.6298
89.6400 1.6623
89.6500 1.5675
89.6600 1.5235
89.6700 1.5913
89.6800 1.6085
89.6900 1.5742
89.7000 1.5082
89.7100 1.6423
89.7200 1.6550
89.7300 1.5422
89.7400 1.6124
89.7500 1.6082
89.7600 1.7055
89.7700 1.7062
89.7800 1.6817
89.7900 1.6776
89.8000 1.6692
89.8100 1.6372
89.8200 1.6460
89.8300 1.6194
89.8400 1.6944
89.8500 1.6765
89.8600 1.6428
89.8700 1.6034
89.8800 1.6151
89.8900 1.6437
89.9000 1.6513
89.9100 1.7016
89.9200 1.7131
89.9300 1.7179
89.9400 1.7054
89.9500 1.7462
89.9600 1.8158
89.9700 1.9876
89.9800 1.8546
89.9900 2.0116
90.0000 1.9709
90.0100 1.9656
90.0200 2.0042
90.0300 1.8757
90.0400 1.7577
90.0500 1.8149
90.0600 1.8398
90.0700 1.7595
90.0800 1.9509
90.0900 1.9424
90.1000 1.7366
90.1100 1.7620
90.1200 1.7879
90.1300 1.7596
90.1400 1.8839
90.1500 1.8490
90.1600 1.8139
90.1700 1.7460
90.1800 1.6640
90.1900 1.6529
90.2000 1.6155
90.2100 1.7519
90.2200 1.7695
90.2300 1.8576
90.2400 1.8672
90.2500 1.8292
90.2600 1.7821
90.2700 1.6861
90.2800 1.9133
90.2900 1.9222
90.3000 1.9044
90.3100 1.8586
90.3200 1.7859
90.3300 1.6919
90.3400 1.7390
90.3500 1.7911
90.3600 1.8058
90.3700 1.8665
90.3800 1.8299
90.3900 1.8245
90.4000 1.7147
90.4100 1.7703
90.4200 1.7461
90.4300 1.8062
90.4400 1.8689
90.4500 1.9374
90.4600 2.0145
90.4700 1.8227
90.4800 1.9635
90.4900 1.9192
90.5000 1.8926
90.5100 1.9560
90.5200 1.9041
90.5300 1.8310
90.5400 1.8149
90.5500 1.7744
90.5600 1.8572
90.5700 1.7981
90.5800 1.8395
90.5900 1.7716
90.6000 1.7932
90.6100 1.7266
90.6200 1.8427
90.6300 1.7081
90.6400 1.7522
90.6500 1.8334
90.6600 1.7357
90.6700 1.7034
90.6800 1.7985
90.6900 1.8343
90.7000 1.8026
90.7100 1.7952
90.7200 1.7171
90.7300 1.7817
90.7400 1.8341
90.7500 1.7442
90.7600 1.7360
90.7700 1.7389
90.7800 1.7829
90.7900 1.7494
90.8000 1.7544
90.8100 1.6927
90.8200 1.8305
90.8300 1.8028
90.8400 1.8033
90.8500 1.8152
90.8600 1.7811
90.8700 1.8080
90.8800 1.7570
90.8900 1.7870
90.9000 1.8806
90.9100 1.8494
90.9200 1.7891
90.9300 1.8854
90.9400 1.7570
90.9500 1.8165
90.9600 1.7892
90.9700 1.8081
90.9800 1.7087
90.9900 1.7478
91.0000 1.7280
91.0100 1.6699
91.0200 1.7683
91.0300 1.7569
91.0400 1.8118
91.0500 1.7805
91.0600 1.6878
91.0700 1.7538
91.0800 1.7503
91.0900 1.7705
91.1000 1.8824
91.1100 1.8050
91.1200 1.7956
91.1300 1.8241
91.1400 1.9135
91.1500 1.9293
91.1600 1.8716
91.1700 1.9484
91.1800 1.9230
91.1900 1.9915
91.2000 1.8079
91.2100 1.8237
91.2200 1.7648
91.2300 1.8737
91.2400 1.9198
91.2500 1.8697
91.2600 1.9158
91.2700 1.8749
91.2800 1.8003
91.2900 1.8943
91.3000 1.8407
91.3100 1.8962
91.3200 1.7656
91.3300 1.7447
91.3400 1.6975
91.3500 1.8038
91.3600 1.8456
91.3700 1.7610
91.3800 1.8044
91.3900 1.8708
91.4000 1.7880
91.4100 1.7318
91.4200 2.0182
91.4300 1.9204
91.4400 1.7611
91.4500 1.7081
91.4600 1.8999
91.4700 1.8420
91.4800 1.8523
91.4900 1.7716
91.5000 1.6944
91.5100 1.7749
91.5200 1.7760
91.5300 1.8285
91.5400 1.8828
91.5500 1.7730
91.5600 1.8962
91.5700 1.8239
91.5800 1.7846
91.5900 1.8818
91.6000 1.7410
91.6100 1.8359
91.6200 1.7597
91.6300 1.9579
91.6400 2.0006
91.6500 1.9482
91.6600 1.9489
91.6700 2.0649
91.6800 2.0081
91.6900 1.9959
91.7000 1.9804
91.7100 1.9029
91.7200 1.8185
91.7300 1.9264
91.7400 1.7784
91.7500 1.8454
91.7600 1.6574
91.7700 1.7676
91.7800 1.8390
91.7900 1.8094
91.8000 1.8011
91.8100 1.7936
91.8200 1.9096
91.8300 1.8753
91.8400 1.8376
91.8500 1.8376
91.8600 1.7674
91.8700 1.6462
91.8800 1.7327
91.8900 1.8498
91.9000 1.7237
91.9100 1.8469
91.9200 1.8317
91.9300 1.7934
91.9400 1.8083
91.9500 1.9419
91.9600 1.9790
91.9700 1.9526
91.9800 1.8123
91.9900 1.8452
92.0000 1.9386
92.0100 1.8544
92.0200 1.8057
92.0300 1.9152
92.0400 1.7856
92.0500 1.8625
92.0600 1.8467
92.0700 1.8322
92.0800 1.9229
92.0900 1.8268
92.1000 1.8369
92.1100 1.9411
92.1200 1.9480
92.1300 1.8773
92.1400 1.8122
92.1500 1.8016
92.1600 1.7604
92.1700 1.9897
92.1800 1.8915
92.1900 1.8368
92.2000 1.8493
92.2100 1.7583
92.2200 1.8570
92.2300 1.7543
92.2400 1.7616
92.2500 1.8139
92.2600 1.8455
92.2700 1.6873
92.2800 1.7492
92.2900 1.7624
92.3000 1.6967
92.3100 1.8718
92.3200 1.7993
92.3300 1.8373
92.3400 1.8383
92.3500 1.7726
92.3600 1.7655
92.3700 1.8033
92.3800 1.6740
92.3900 1.7823
92.4000 1.7595
92.4100 1.7979
92.4200 1.6490
92.4300 1.7633
92.4400 1.7417
92.4500 1.7165
92.4600 1.7099
92.4700 1.6505
92.4800 1.6387
92.4900 1.5700
92.5000 1.7559
92.5100 1.7620
92.5200 1.7133
92.5300 1.7365
92.5400 1.7042
92.5500 1.7064
92.5600 1.6627
92.5700 1.7477
92.5800 1.7418
92.5900 1.8048
92.6000 1.7130
92.6100 1.6796
92.6200 1.7266
92.6300 1.7642
92.6400 1.8868
92.6500 1.7654
92.6600 1.9032
92.6700 1.7294
92.6800 1.7471
92.6900 1.7275
92.7000 1.8244
92.7100 1.7296
92.7200 1.7957
92.7300 1.7676
92.7400 1.8229
92.7500 1.9464
92.7600 1.8081
92.7700 1.7036
92.7800 1.8633
92.7900 1.8938
92.8000 1.8314
92.8100 1.7360
92.8200 1.7984
92.8300 1.6858
92.8400 1.7239
92.8500 1.6943
92.8600 1.8335
92.8700 1.8507
92.8800 1.8748
92.8900 1.8491
92.9000 1.9172
92.9100 1.7531
92.9200 1.7789
92.9300 1.8098
92.9400 1.8660
92.9500 1.8581
92.9600 1.8737
92.9700 1.7560
92.9800 1.8662
92.9900 1.8212
93.0000 1.8353
93.0100 1.7965
93.0200 1.8659
93.0300 1.8573
93.0400 1.7806
93.0500 1.8420
93.0600 1.8367
93.0700 1.9744
93.0800 1.8930
93.0900 1.7821
93.1000 1.8867
93.1100 1.8366
93.1200 1.6861
93.1300 1.7836
93.1400 1.8086
93.1500 1.7452
93.1600 1.8396
93.1700 1.7411
93.1800 1.6899
93.1900 1.8017
93.2000 1.6345
93.2100 1.6768
93.2200 1.6684
93.2300 1.8453
93.2400 1.7810
93.2500 1.7833
93.2600 1.8554
93.2700 1.8262
93.2800 1.8015
93.2900 1.7893
93.3000 1.7880
93.3100 1.9292
93.3200 1.7432
93.3300 1.8581
93.3400 1.8909
93.3500 1.8821
93.3600 1.8828
93.3700 1.8244
93.3800 1.8473
93.3900 1.8420
93.4000 1.9360
93.4100 1.8273
93.4200 1.7702
93.4300 1.8332
93.4400 1.8114
93.4500 1.7823
93.4600 1.8108
93.4700 1.7111
93.4800 1.6285
93.4900 1.6898
93.5000 1.6783
93.5100 1.6355
93.5200 1.8055
93.5300 1.6675
93.5400 1.7340
93.5500 1.8013
93.5600 1.8262
93.5700 1.7475
93.5800 1.7654
93.5900 1.7291
93.6000 1.7140
93.6100 1.6981
93.6200 1.6904
93.6300 1.7826
93.6400 1.7126
93.6500 1.6640
93.6600 1.7285
93.6700 1.8232
93.6800 1.7440
93.6900 1.7318
93.7000 1.6800
93.7100 1.8014
93.7200 1.6982
93.7300 1.7484
93.7400 1.6220
93.7500 1.7400
93.7600 1.6727
93.7700 1.7718
93.7800 1.7665
93.7900 1.7587
93.8000 1.8164
93.8100 1.7638
93.8200 1.7387
93.8300 1.7835
93.8400 1.6908
93.8500 1.7901
93.8600 1.7431
93.8700 1.7189
93.8800 1.7553
93.8900 1.8137
93.9000 1.7808
93.9100 1.7690
93.9200 1.6785
93.9300 1.6843
93.9400 1.7357
93.9500 1.7053
93.9600 1.8697
93.9700 1.7887
93.9800 1.7829
93.9900 1.8149
94.0000 1.7537
94.0100 1.6607
94.0200 1.7148
94.0300 1.8230
94.0400 1.6736
94.0500 1.7216
94.0600 1.6917
94.0700 1.6386
94.0800 1.7658
94.0900 1.6306
94.1000 1.6510
94.1100 1.6464
94.1200 1.5322
94.1300 1.5999
94.1400 1.6230
94.1500 1.6664
94.1600 1.6182
94.1700 1.6999
94.1800 1.7285
94.1900 1.6745
94.2000 1.6445
94.2100 1.6677
94.2200 1.6969
94.2300 1.7664
94.2400 1.8673
94.2500 1.7568
94.2600 1.7346
94.2700 1.7438
94.2800 1.6715
94.2900 1.6903
94.3000 1.6636
94.3100 1.7413
94.3200 1.6445
94.3300 1.7231
94.3400 1.7903
94.3500 1.7118
94.3600 1.9008
94.3700 1.8844
94.3800 1.8918
94.3900 1.8249
94.4000 1.7146
94.4100 1.6981
94.4200 1.7702
94.4300 1.7096
94.4400 1.7820
94.4500 1.6583
94.4600 1.5582
94.4700 1.5945
94.4800 1.7298
94.4900 1.7494
94.5000 1.9120
94.5100 1.8178
94.5200 1.7416
94.5300 1.6942
94.5400 1.7627
94.5500 1.8495
94.5600 1.6953
94.5700 1.8935
94.5800 1.7574
94.5900 1.7211
94.6000 1.7658
94.6100 1.7540
94.6200 1.7456
94.6300 1.8051
94.6400 1.7604
94.6500 1.8548
94.6600 1.7059
94.6700 1.8478
94.6800 1.8748
94.6900 1.8218
94.7000 1.7978
94.7100 1.7708
94.7200 1.9508
94.7300 1.8307
94.7400 1.8319
94.7500 1.7419
94.7600 1.6243
94.7700 1.7332
94.7800 1.7074
94.7900 1.6357
94.8000 1.5541
94.8100 1.6747
94.8200 1.6224
94.8300 1.6494
94.8400 1.6719
94.8500 1.7148
94.8600 1.6860
94.8700 1.8671
94.8800 1.8209
94.8900 1.8727
94.9000 1.8819
94.9100 1.7864
94.9200 1.8771
94.9300 1.7645
94.9400 1.7963
94.9500 1.8195
94.9600 1.7878
94.9700 1.7157
94.9800 1.8056
94.9900 1.7066
95.0000 1.7220
95.0100 1.6329
95.0200 1.7459
95.0300 1.6969
95.0400 1.6976
95.0500 1.6702
95.0600 1.6894
95.0700 1.8444
95.0800 1.7877
95.0900 1.8132
95.1000 1.7848
95.1100 1.8125
95.1200 1.8256
95.1300 1.7811
95.1400 1.7919
95.1500 1.7476
95.1600 1.6695
95.1700 1.7112
95.1800 1.5724
95.1900 1.5509
95.2000 1.5474
95.2100 1.6984
95.2200 1.7260
95.2300 1.7099
95.2400 1.6189
95.2500 1.7940
95.2600 1.6140
95.2700 1.6421
95.2800 1.5928
95.2900 1.6231
95.3000 1.6499
95.3100 1.5727
95.3200 1.7308
95.3300 1.6970
95.3400 1.6455
95.3500 1.6795
95.3600 1.6941
95.3700 1.7138
95.3800 1.7528
95.3900 1.7557
95.4000 1.7090
95.4100 1.7090
95.4200 1.8438
95.4300 1.6580
95.4400 1.6778
95.4500 1.7008
95.4600 1.6668
95.4700 1.6376
95.4800 1.6458
95.4900 1.6047
95.5000 1.5876
95.5100 1.6255
95.5200 1.5784
95.5300 1.5112
95.5400 1.5527
95.5500 1.6204
95.5600 1.5437
95.5700 1.4886
95.5800 1.5503
95.5900 1.5735
95.6000 1.5922
95.6100 1.6018
95.6200 1.4808
95.6300 1.6451
95.6400 1.6769
95.6500 1.6532
95.6600 1.5772
95.6700 1.6346
95.6800 1.6042
95.6900 1.6201
95.7000 1.7059
95.7100 1.6832
95.7200 1.7138
95.7300 1.6389
95.7400 1.6391
95.7500 1.7363
95.7600 1.8159
95.7700 1.6718
95.7800 1.6987
95.7900 1.7913
95.8000 1.7722
95.8100 1.7536
95.8200 1.6862
95.8300 1.7851
95.8400 1.7396
95.8500 1.7696
95.8600 1.7197
95.8700 1.7927
95.8800 1.6662
95.8900 1.7451
95.9000 1.7933
95.9100 1.7868
95.9200 1.9309
95.9300 1.8347
95.9400 1.6878
95.9500 1.6600
95.9600 1.7445
95.9700 1.6790
95.9800 1.5821
95.9900 1.6230
96.0000 1.6020
96.0100 1.6446
96.0200 1.7896
96.0300 1.6497
96.0400 1.7048
96.0500 1.6598
96.0600 1.6403
96.0700 1.6955
96.0800 1.6420
96.0900 1.5020
96.1000 1.7196
96.1100 1.7061
96.1200 1.6350
96.1300 1.6079
96.1400 1.6097
96.1500 1.6338
96.1600 1.6754
96.1700 1.6957
96.1800 1.7718
96.1900 1.7816
96.2000 1.6657
96.2100 1.7208
96.2200 1.6857
96.2300 1.8113
96.2400 1.6800
96.2500 1.6243
96.2600 1.7575
96.2700 1.7767
96.2800 1.6946
96.2900 1.7050
96.3000 1.6633
96.3100 1.7664
96.3200 1.6832
96.3300 1.5947
96.3400 1.5824
96.3500 1.6030
96.3600 1.5775
96.3700 1.5187
96.3800 1.5780
96.3900 1.6031
96.4000 1.5980
96.4100 1.5542
96.4200 1.6437
96.4300 1.6551
96.4400 1.7471
96.4500 1.8016
96.4600 1.7511
96.4700 1.6743
96.4800 1.6510
96.4900 1.5895
96.5000 1.7579
96.5100 1.8198
96.5200 1.7525
96.5300 1.7841
96.5400 1.6599
96.5500 1.8376
96.5600 1.8855
96.5700 1.8078
96.5800 1.9036
96.5900 1.8272
96.6000 1.8166
96.6100 1.8507
96.6200 1.8879
96.6300 1.8568
96.6400 1.8668
96.6500 1.7929
96.6600 1.8195
96.6700 1.8230
96.6800 1.7153
96.6900 1.7860
96.7000 1.7838
96.7100 1.8659
96.7200 1.6507
96.7300 1.7502
96.7400 1.8724
96.7500 1.8468
96.7600 1.7902
96.7700 1.8562
96.7800 1.6784
96.7900 1.6725
96.8000 1.6863
96.8100 1.5598
96.8200 1.6014
96.8300 1.5311
96.8400 1.4930
96.8500 1.5078
96.8600 1.4804
96.8700 1.5498
96.8800 1.5396
96.8900 1.4537
96.9000 1.4603
96.9100 1.5676
96.9200 1.5626
96.9300 1.5966
96.9400 1.5915
96.9500 1.5258
96.9600 1.5270
96.9700 1.7142
96.9800 1.6569
96.9900 1.6593
97.0000 1.6245
97.0100 1.7941
97.0200 1.6481
97.0300 1.5210
97.0400 1.6438
97.0500 1.7968
97.0600 1.7568
97.0700 1.7674
97.0800 1.6829
97.0900 1.6662
97.1000 1.6231
97.1100 1.8020
97.1200 1.7545
97.1300 1.6939
97.1400 1.6584
97.1500 1.7317
97.1600 1.7174
97.1700 1.7248
97.1800 1.8083
97.1900 1.7389
97.2000 1.8275
97.2100 1.9286
97.2200 1.8824
97.2300 1.7367
97.2400 1.6732
97.2500 1.7158
97.2600 1.7232
97.2700 1.6818
97.2800 1.6279
97.2900 1.6672
97.3000 1.7421
97.3100 1.6482
97.3200 1.5206
97.3300 1.5813
97.3400 1.5107
97.3500 1.7669
97.3600 1.8408
97.3700 1.8011
97.3800 1.7481
97.3900 1.8561
97.4000 1.9651
97.4100 1.7850
97.4200 1.7957
97.4300 1.8080
97.4400 1.8078
97.4500 1.6645
97.4600 1.7529
97.4700 1.7587
97.4800 1.7944
97.4900 1.8552
97.5000 1.9018
97.5100 1.7706
97.5200 1.7831
97.5300 1.7779
97.5400 1.8949
97.5500 1.8011
97.5600 2.0097
97.5700 1.8687
97.5800 1.8844
97.5900 1.6954
97.6000 1.6976
97.6100 1.7248
97.6200 1.6840
97.6300 1.6418
97.6400 1.6245
97.6500 1.5954
97.6600 1.6422
97.6700 1.5719
97.6800 1.6049
97.6900 1.7137
97.7000 1.6050
97.7100 1.6128
97.7200 1.6940
97.7300 1.6835
97.7400 1.6570
97.7500 1.6596
97.7600 1.7192
97.7700 1.6489
97.7800 1.6972
97.7900 1.5706
97.8000 1.6383
97.8100 1.8542
97.8200 1.8879
97.8300 1.8709
97.8400 1.8392
97.8500 1.8504
97.8600 1.9402
97.8700 1.8298
97.8800 1.8137
97.8900 1.7619
97.9000 1.7253
97.9100 1.8207
97.9200 1.8062
97.9300 1.6878
97.9400 1.7952
97.9500 1.7092
97.9600 1.7374
97.9700 1.7032
97.9800 1.7710
97.9900 1.6341
98.0000 1.6880
98.0100 1.7665
98.0200 1.7836
98.0300 1.8723
98.0400 1.7038
98.0500 1.7249
98.0600 1.7261
98.0700 1.8400
98.0800 1.6682
98.0900 1.7193
98.1000 1.7458
98.1100 1.7690
98.1200 1.7235
98.1300 1.8084
98.1400 1.9252
98.1500 1.8299
98.1600 1.7812
98.1700 1.7379
98.1800 1.6154
98.1900 1.6416
98.2000 1.6840
98.2100 1.7116
98.2200 1.7416
98.2300 1.7897
98.2400 1.7202
98.2500 1.7875
98.2600 1.7029
98.2700 1.7329
98.2800 1.7213
98.2900 1.8384
98.3000 1.8483
98.3100 1.7779
98.3200 1.6423
98.3300 1.6447
98.3400 1.5790
98.3500 1.6302
98.3600 1.7083
98.3700 1.6987
98.3800 1.6274
98.3900 1.6268
98.4000 1.6604
98.4100 1.7542
98.4200 1.8045
98.4300 1.7897
98.4400 1.6479
98.4500 1.6213
98.4600 1.5722
98.4700 1.6219
98.4800 1.6712
98.4900 1.6768
98.5000 1.7029
98.5100 1.6484
98.5200 1.5593
98.5300 1.6637
98.5400 1.6838
98.5500 1.6327
98.5600 1.5552
98.5700 1.5812
98.5800 1.6154
98.5900 1.5962
98.6000 1.6726
98.6100 1.7001
98.6200 1.5736
98.6300 1.6817
98.6400 1.6509
98.6500 1.4976
98.6600 1.5703
98.6700 1.6475
98.6800 1.7327
98.6900 1.7242
98.7000 1.6446
98.7100 1.6144
98.7200 1.6086
98.7300 1.7092
98.7400 1.6373
98.7500 1.6087
98.7600 1.5609
98.7700 1.4659
98.7800 1.6604
98.7900 1.6260
98.8000 1.6867
98.8100 1.6928
98.8200 1.5964
98.8300 1.5989
98.8400 1.5802
98.8500 1.6033
98.8600 1.4965
98.8700 1.6200
98.8800 1.5977
98.8900 1.5661
98.9000 1.6548
98.9100 1.6299
98.9200 1.6836
98.9300 1.6249
98.9400 1.6093
98.9500 1.7290
98.9600 1.6652
98.9700 1.6076
98.9800 1.6469
98.9900 1.5565
99.0000 1.7247
99.0100 1.6266
99.0200 1.6319
99.0300 1.6012
99.0400 1.6772
99.0500 1.6685
99.0600 1.6462
99.0700 1.6720
99.0800 1.6025
99.0900 1.6280
99.1000 1.6237
99.1100 1.7268
99.1200 1.5924
99.1300 1.5167
99.1400 1.6379
99.1500 1.6435
99.1600 1.6726
99.1700 1.7947
99.1800 1.6949
99.1900 1.7109
99.2000 1.6882
99.2100 1.8332
99.2200 1.8045
99.2300 1.8154
99.2400 1.7723
99.2500 1.8158
99.2600 1.7875
99.2700 1.7365
99.2800 1.7041
99.2900 1.8341
99.3000 1.7072
99.3100 1.6267
99.3200 1.7604
99.3300 1.6844
99.3400 1.6986
99.3500 1.6623
99.3600 1.6666
99.3700 1.7639
99.3800 1.7142
99.3900 1.6614
99.4000 1.7294
99.4100 1.7148
99.4200 1.7428
99.4300 1.6891
99.4400 1.6288
99.4500 1.6705
99.4600 1.6572
99.4700 1.7384
99.4800 1.6931
99.4900 1.6660
99.5000 1.7768
99.5100 1.6706
99.5200 1.6694
99.5300 1.6948
99.5400 1.7289
99.5500 1.6256
99.5600 1.6963
99.5700 1.7867
99.5800 1.7286
99.5900 1.6847
99.6000 1.6242
99.6100 1.6065
99.6200 1.5846
99.6300 1.6590
99.6400 1.7425
99.6500 1.7123
99.6600 1.7540
99.6700 1.9407
99.6800 1.8522
99.6900 1.8310
99.7000 1.8080
99.7100 1.7102
99.7200 1.6406
99.7300 1.6993
99.7400 1.7209
99.7500 1.8454
99.7600 1.6903
99.7700 1.6816
99.7800 1.6698
99.7900 1.6947
99.8000 1.8224
99.8100 1.8324
99.8200 1.8130
99.8300 1.8197
99.8400 1.7901
99.8500 1.8474
99.8600 1.7938
99.8700 1.8465
99.8800 1.9522
99.8900 1.9230
99.9000 1.8694
99.9100 1.8485
99.9200 1.9359
99.9300 2.0709
99.9400 1.9819
99.9500 2.0644
99.9600 1.7720
99.9700 1.7645
99.9800 1.8036
99.9900 1.9243
100.0000 1.8068
